imagery_id,settlement_id,epoch,scene_id,collection,platform,frame_path,acquired,valid_fraction,ndvi_mean,veg_fraction,water_fraction,brightness_mean,comparable,resolution_m
KAR-SET-001_1972,KAR-SET-001,1972,LM01_L1TP_154040_19721217_02_T2,landsat-c2-l1,landsat-1,outputs/figures/karnali_79/epoch_frames/KAR-SET-001/1972.jpg,1972-12-17,1.0,0.1697,0.2408,0.3783,,False,60.0
KAR-SET-001_1977,KAR-SET-001,1977,LM02_L1TP_154040_19770323_02_T2,landsat-c2-l1,landsat-2,outputs/figures/karnali_79/epoch_frames/KAR-SET-001/1977.jpg,1977-03-23,1.0,0.1061,0.0,0.0227,,False,60.0
KAR-SET-001_1987,KAR-SET-001,1987,LT05_L2SP_143040_19871227_02_T1,landsat-c2-l2,landsat-5,outputs/figures/karnali_79/epoch_frames/KAR-SET-001/1987.jpg,1987-12-27,1.0,0.449,0.8161,0.2172,0.064,True,30.0
KAR-SET-001_1992,KAR-SET-001,1992,LT05_L2SP_143040_19921106_02_T1,landsat-c2-l2,landsat-5,outputs/figures/karnali_79/epoch_frames/KAR-SET-001/1992.jpg,1992-11-06,1.0,0.4922,0.9056,0.0823,0.0675,True,30.0
KAR-SET-001_1997,KAR-SET-001,1997,LT05_L2SP_143040_19970309_02_T1,landsat-c2-l2,landsat-5,outputs/figures/karnali_79/epoch_frames/KAR-SET-001/1997.jpg,1997-03-09,1.0,0.334,0.5877,0.0088,0.0932,True,30.0
KAR-SET-001_2002,KAR-SET-001,2002,LE07_L2SP_143040_20021025_02_T1,landsat-c2-l2,landsat-7,outputs/figures/karnali_79/epoch_frames/KAR-SET-001/2002.jpg,2002-10-25,1.0,0.6127,0.9562,0.0056,0.0542,True,30.0
KAR-SET-001_2007,KAR-SET-001,2007,LT05_L2SP_143040_20080424_02_T1,landsat-c2-l2,landsat-5,outputs/figures/karnali_79/epoch_frames/KAR-SET-001/2007.jpg,2008-04-24,1.0,0.1923,0.0166,0.0049,0.1319,True,30.0
KAR-SET-001_2012,KAR-SET-001,2012,LC08_L2SP_143040_20131031_02_T1,landsat-c2-l2,landsat-8,outputs/figures/karnali_79/epoch_frames/KAR-SET-001/2012.jpg,2013-10-31,1.0,0.653,0.9711,0.0067,0.0537,True,30.0
KAR-SET-001_2017,KAR-SET-001,2017,S2A_MSIL2A_20160310T050632_R019_T44RPS_20210528T130338,sentinel-2-l2a,Sentinel-2A,outputs/figures/karnali_79/epoch_frames/KAR-SET-001/2017.jpg,2016-03-10,0.9999,0.4075,0.7153,0.0014,0.0962,True,10.0
KAR-SET-001_2022,KAR-SET-001,2022,S2B_MSIL2A_20221119T051109_R019_T44RPS_20221119T163418,sentinel-2-l2a,Sentinel-2B,outputs/figures/karnali_79/epoch_frames/KAR-SET-001/2022.jpg,2022-11-19,1.0,0.6016,0.8933,0.0124,0.063,True,10.0
KAR-SET-001_2026,KAR-SET-001,2026,S2C_MSIL2A_20260117T051141_R019_T44RPS_20260117T083616,sentinel-2-l2a,Sentinel-2C,outputs/figures/karnali_79/epoch_frames/KAR-SET-001/2026.jpg,2026-01-17,1.0,0.5149,0.8482,0.0074,0.0719,True,10.0
KAR-SET-002_1972,KAR-SET-002,1972,LM01_L1TP_154040_19721217_02_T2,landsat-c2-l1,landsat-1,outputs/figures/karnali_79/epoch_frames/KAR-SET-002/1972.jpg,1972-12-17,1.0,0.1844,0.117,0.3453,,False,60.0
KAR-SET-002_1977,KAR-SET-002,1977,LM02_L1TP_154040_19770323_02_T2,landsat-c2-l1,landsat-2,outputs/figures/karnali_79/epoch_frames/KAR-SET-002/1977.jpg,1977-03-23,1.0,0.1382,0.0,0.0011,,False,60.0
KAR-SET-002_1987,KAR-SET-002,1987,LT05_L2SP_143040_19871227_02_T1,landsat-c2-l2,landsat-5,outputs/figures/karnali_79/epoch_frames/KAR-SET-002/1987.jpg,1987-12-27,1.0,0.5034,0.9605,0.0639,0.0607,True,30.0
KAR-SET-002_1992,KAR-SET-002,1992,LT05_L2SP_143040_19921106_02_T1,landsat-c2-l2,landsat-5,outputs/figures/karnali_79/epoch_frames/KAR-SET-002/1992.jpg,1992-11-06,1.0,0.4974,0.9019,0.0071,0.0689,True,30.0
KAR-SET-002_1997,KAR-SET-002,1997,LT05_L2SP_143040_19970309_02_T1,landsat-c2-l2,landsat-5,outputs/figures/karnali_79/epoch_frames/KAR-SET-002/1997.jpg,1997-03-09,1.0,0.4401,0.9445,0.0006,0.0738,True,30.0
KAR-SET-002_2002,KAR-SET-002,2002,LE07_L2SP_143040_20021025_02_T1,landsat-c2-l2,landsat-7,outputs/figures/karnali_79/epoch_frames/KAR-SET-002/2002.jpg,2002-10-25,1.0,0.6188,0.9543,0.0,0.054,True,30.0
KAR-SET-002_2007,KAR-SET-002,2007,LT05_L2SP_143040_20080424_02_T1,landsat-c2-l2,landsat-5,outputs/figures/karnali_79/epoch_frames/KAR-SET-002/2007.jpg,2008-04-24,1.0,0.3173,0.6396,0.0,0.1162,True,30.0
KAR-SET-002_2012,KAR-SET-002,2012,LC08_L2SP_143040_20131031_02_T1,landsat-c2-l2,landsat-8,outputs/figures/karnali_79/epoch_frames/KAR-SET-002/2012.jpg,2013-10-31,1.0,0.6827,0.9904,0.0,0.0482,True,30.0
KAR-SET-002_2017,KAR-SET-002,2017,S2A_MSIL2A_20181026T050901_R019_T44RPS_20201009T152443,sentinel-2-l2a,Sentinel-2A,outputs/figures/karnali_79/epoch_frames/KAR-SET-002/2017.jpg,2018-10-26,1.0,0.6651,0.9324,0.0001,0.0576,True,10.0
KAR-SET-002_2022,KAR-SET-002,2022,S2B_MSIL2A_20221119T051109_R019_T44RPS_20221119T163418,sentinel-2-l2a,Sentinel-2B,outputs/figures/karnali_79/epoch_frames/KAR-SET-002/2022.jpg,2022-11-19,1.0,0.6689,0.9263,0.0,0.054,True,10.0
KAR-SET-002_2026,KAR-SET-002,2026,S2C_MSIL2A_20260117T051141_R019_T44RPS_20260117T083616,sentinel-2-l2a,Sentinel-2C,outputs/figures/karnali_79/epoch_frames/KAR-SET-002/2026.jpg,2026-01-17,1.0,0.6461,0.9861,0.0002,0.0557,True,10.0
KAR-SET-003_1972,KAR-SET-003,1972,LM01_L1TP_154040_19721217_02_T2,landsat-c2-l1,landsat-1,outputs/figures/karnali_79/epoch_frames/KAR-SET-003/1972.jpg,1972-12-17,1.0,0.1493,0.0601,0.2508,,False,60.0
KAR-SET-003_1977,KAR-SET-003,1977,LM02_L1TP_154040_19770323_02_T2,landsat-c2-l1,landsat-2,outputs/figures/karnali_79/epoch_frames/KAR-SET-003/1977.jpg,1977-03-23,1.0,0.1304,0.0,0.0045,,False,60.0
KAR-SET-003_1987,KAR-SET-003,1987,LT05_L2SP_143040_19871227_02_T1,landsat-c2-l2,landsat-5,outputs/figures/karnali_79/epoch_frames/KAR-SET-003/1987.jpg,1987-12-27,1.0,0.4586,0.9423,0.0433,0.0684,True,30.0
KAR-SET-003_1992,KAR-SET-003,1992,LT05_L2SP_143040_19921106_02_T1,landsat-c2-l2,landsat-5,outputs/figures/karnali_79/epoch_frames/KAR-SET-003/1992.jpg,1992-11-06,1.0,0.5085,0.9773,0.0193,0.067,True,30.0
KAR-SET-003_1997,KAR-SET-003,1997,LT05_L2SP_143040_19970309_02_T1,landsat-c2-l2,landsat-5,outputs/figures/karnali_79/epoch_frames/KAR-SET-003/1997.jpg,1997-03-09,1.0,0.4044,0.8093,0.001,0.084,True,30.0
KAR-SET-003_2002,KAR-SET-003,2002,LE07_L2SP_143040_20021025_02_T1,landsat-c2-l2,landsat-7,outputs/figures/karnali_79/epoch_frames/KAR-SET-003/2002.jpg,2002-10-25,1.0,0.6368,0.9933,0.0002,0.0537,True,30.0
KAR-SET-003_2007,KAR-SET-003,2007,LT05_L2SP_143040_20080424_02_T1,landsat-c2-l2,landsat-5,outputs/figures/karnali_79/epoch_frames/KAR-SET-003/2007.jpg,2008-04-24,1.0,0.3181,0.5391,0.0,0.1116,True,30.0
KAR-SET-003_2012,KAR-SET-003,2012,LC08_L2SP_143040_20131031_02_T1,landsat-c2-l2,landsat-8,outputs/figures/karnali_79/epoch_frames/KAR-SET-003/2012.jpg,2013-10-31,1.0,0.6876,0.994,0.0001,0.0514,True,30.0
KAR-SET-003_2017,KAR-SET-003,2017,S2A_MSIL2A_20181026T050901_R019_T44RPS_20201009T152443,sentinel-2-l2a,Sentinel-2A,outputs/figures/karnali_79/epoch_frames/KAR-SET-003/2017.jpg,2018-10-26,1.0,0.6468,0.9616,0.0001,0.0571,True,10.0
KAR-SET-003_2022,KAR-SET-003,2022,S2B_MSIL2A_20221119T051109_R019_T44RPS_20221119T163418,sentinel-2-l2a,Sentinel-2B,outputs/figures/karnali_79/epoch_frames/KAR-SET-003/2022.jpg,2022-11-19,1.0,0.6423,0.9602,0.0003,0.0519,True,10.0
KAR-SET-003_2026,KAR-SET-003,2026,S2C_MSIL2A_20260117T051141_R019_T44RPS_20260117T083616,sentinel-2-l2a,Sentinel-2C,outputs/figures/karnali_79/epoch_frames/KAR-SET-003/2026.jpg,2026-01-17,1.0,0.5619,0.9059,0.0009,0.0612,True,10.0
KAR-SET-004_1972,KAR-SET-004,1972,LM01_L1TP_154040_19721217_02_T2,landsat-c2-l1,landsat-1,outputs/figures/karnali_79/epoch_frames/KAR-SET-004/1972.jpg,1972-12-17,1.0,0.1785,0.1432,0.4099,,False,60.0
KAR-SET-004_1977,KAR-SET-004,1977,LM02_L1TP_154040_19770323_02_T2,landsat-c2-l1,landsat-2,outputs/figures/karnali_79/epoch_frames/KAR-SET-004/1977.jpg,1977-03-23,1.0,0.1245,0.0,0.0027,,False,60.0
KAR-SET-004_1987,KAR-SET-004,1987,LT05_L2SP_143040_19871227_02_T1,landsat-c2-l2,landsat-5,outputs/figures/karnali_79/epoch_frames/KAR-SET-004/1987.jpg,1987-12-27,1.0,0.4883,0.9226,0.0945,0.0635,True,30.0
KAR-SET-004_1992,KAR-SET-004,1992,LT05_L2SP_143040_19921106_02_T1,landsat-c2-l2,landsat-5,outputs/figures/karnali_79/epoch_frames/KAR-SET-004/1992.jpg,1992-11-06,1.0,0.5101,0.9151,0.0434,0.0682,True,30.0
KAR-SET-004_1997,KAR-SET-004,1997,LT05_L2SP_143040_19970309_02_T1,landsat-c2-l2,landsat-5,outputs/figures/karnali_79/epoch_frames/KAR-SET-004/1997.jpg,1997-03-09,1.0,0.3806,0.8255,0.0093,0.0868,True,30.0
KAR-SET-004_2002,KAR-SET-004,2002,LE07_L2SP_143040_20021025_02_T1,landsat-c2-l2,landsat-7,outputs/figures/karnali_79/epoch_frames/KAR-SET-004/2002.jpg,2002-10-25,1.0,0.6098,0.9274,0.0123,0.0558,True,30.0
KAR-SET-004_2007,KAR-SET-004,2007,LT05_L2SP_143040_20080424_02_T1,landsat-c2-l2,landsat-5,outputs/figures/karnali_79/epoch_frames/KAR-SET-004/2007.jpg,2008-04-24,1.0,0.2961,0.4681,0.0054,0.1212,True,30.0
KAR-SET-004_2012,KAR-SET-004,2012,LC08_L2SP_143040_20131031_02_T1,landsat-c2-l2,landsat-8,outputs/figures/karnali_79/epoch_frames/KAR-SET-004/2012.jpg,2013-10-31,1.0,0.6801,0.948,0.0119,0.0495,True,30.0
KAR-SET-004_2017,KAR-SET-004,2017,S2A_MSIL2A_20181026T050901_R019_T44RPS_20201009T152443,sentinel-2-l2a,Sentinel-2A,outputs/figures/karnali_79/epoch_frames/KAR-SET-004/2017.jpg,2018-10-26,0.9994,0.6242,0.8957,0.0079,0.0662,True,10.0
KAR-SET-004_2022,KAR-SET-004,2022,S2B_MSIL2A_20221119T051109_R019_T44RPS_20221119T163418,sentinel-2-l2a,Sentinel-2B,outputs/figures/karnali_79/epoch_frames/KAR-SET-004/2022.jpg,2022-11-19,1.0,0.6364,0.9209,0.0142,0.0592,True,10.0
KAR-SET-004_2026,KAR-SET-004,2026,S2C_MSIL2A_20260117T051141_R019_T44RPS_20260117T083616,sentinel-2-l2a,Sentinel-2C,outputs/figures/karnali_79/epoch_frames/KAR-SET-004/2026.jpg,2026-01-17,1.0,0.5687,0.9256,0.006,0.0646,True,10.0
KAR-SET-005_1972,KAR-SET-005,1972,LM01_L1TP_154040_19721217_02_T2,landsat-c2-l1,landsat-1,outputs/figures/karnali_79/epoch_frames/KAR-SET-005/1972.jpg,1972-12-17,1.0,0.1308,0.0154,0.2163,,False,60.0
KAR-SET-005_1977,KAR-SET-005,1977,LM02_L1TP_154040_19770323_02_T2,landsat-c2-l1,landsat-2,outputs/figures/karnali_79/epoch_frames/KAR-SET-005/1977.jpg,1977-03-23,1.0,0.1075,0.0,0.0091,,False,60.0
KAR-SET-005_1987,KAR-SET-005,1987,LT05_L2SP_143040_19871227_02_T1,landsat-c2-l2,landsat-5,outputs/figures/karnali_79/epoch_frames/KAR-SET-005/1987.jpg,1987-12-27,1.0,0.4227,0.8249,0.0205,0.0833,True,30.0
KAR-SET-005_1992,KAR-SET-005,1992,LT05_L2SP_143040_19921106_02_T1,landsat-c2-l2,landsat-5,outputs/figures/karnali_79/epoch_frames/KAR-SET-005/1992.jpg,1992-11-06,1.0,0.4681,0.9385,0.0026,0.0766,True,30.0
KAR-SET-005_1997,KAR-SET-005,1997,LT05_L2SP_143040_19970309_02_T1,landsat-c2-l2,landsat-5,outputs/figures/karnali_79/epoch_frames/KAR-SET-005/1997.jpg,1997-03-09,1.0,0.3497,0.602,0.0015,0.0953,True,30.0
KAR-SET-005_2002,KAR-SET-005,2002,LE07_L2SP_143040_20021025_02_T1,landsat-c2-l2,landsat-7,outputs/figures/karnali_79/epoch_frames/KAR-SET-005/2002.jpg,2002-10-25,1.0,0.5745,0.9848,0.0001,0.0651,True,30.0
KAR-SET-005_2007,KAR-SET-005,2007,LT05_L2SP_143040_20080424_02_T1,landsat-c2-l2,landsat-5,outputs/figures/karnali_79/epoch_frames/KAR-SET-005/2007.jpg,2008-04-24,1.0,0.266,0.2419,0.0005,0.1221,True,30.0
KAR-SET-005_2012,KAR-SET-005,2012,LC08_L2SP_143040_20131031_02_T1,landsat-c2-l2,landsat-8,outputs/figures/karnali_79/epoch_frames/KAR-SET-005/2012.jpg,2013-10-31,1.0,0.6536,0.9951,0.0,0.0584,True,30.0
KAR-SET-005_2017,KAR-SET-005,2017,S2A_MSIL2A_20181026T050901_R019_T44RPS_20201009T152443,sentinel-2-l2a,Sentinel-2A,outputs/figures/karnali_79/epoch_frames/KAR-SET-005/2017.jpg,2018-10-26,0.9981,0.5941,0.9313,0.0,0.0691,True,10.0
KAR-SET-005_2022,KAR-SET-005,2022,S2B_MSIL2A_20221119T051109_R019_T44RPS_20221119T163418,sentinel-2-l2a,Sentinel-2B,outputs/figures/karnali_79/epoch_frames/KAR-SET-005/2022.jpg,2022-11-19,1.0,0.6145,0.9524,0.0,0.0615,True,10.0
KAR-SET-005_2026,KAR-SET-005,2026,S2C_MSIL2A_20260117T051141_R019_T44RPS_20260117T083616,sentinel-2-l2a,Sentinel-2C,outputs/figures/karnali_79/epoch_frames/KAR-SET-005/2026.jpg,2026-01-17,1.0,0.5473,0.8968,0.0,0.0683,True,10.0
KAR-SET-006_1972,KAR-SET-006,1972,LM01_L1TP_154040_19721217_02_T2,landsat-c2-l1,landsat-1,outputs/figures/karnali_79/epoch_frames/KAR-SET-006/1972.jpg,1972-12-17,1.0,0.1589,0.0501,0.3319,,False,60.0
KAR-SET-006_1977,KAR-SET-006,1977,LM02_L1TP_154040_19770323_02_T2,landsat-c2-l1,landsat-2,outputs/figures/karnali_79/epoch_frames/KAR-SET-006/1977.jpg,1977-03-23,1.0,0.1437,0.0,0.0002,,False,60.0
KAR-SET-006_1987,KAR-SET-006,1987,LT05_L2SP_143040_19871227_02_T1,landsat-c2-l2,landsat-5,outputs/figures/karnali_79/epoch_frames/KAR-SET-006/1987.jpg,1987-12-27,1.0,0.4906,0.9738,0.1017,0.0645,True,30.0
KAR-SET-006_1992,KAR-SET-006,1992,LT05_L2SP_143040_19921106_02_T1,landsat-c2-l2,landsat-5,outputs/figures/karnali_79/epoch_frames/KAR-SET-006/1992.jpg,1992-11-06,1.0,0.5123,0.9773,0.0324,0.0676,True,30.0
KAR-SET-006_1997,KAR-SET-006,1997,LT05_L2SP_143040_19970309_02_T1,landsat-c2-l2,landsat-5,outputs/figures/karnali_79/epoch_frames/KAR-SET-006/1997.jpg,1997-03-09,1.0,0.3984,0.8848,0.0004,0.0896,True,30.0
KAR-SET-006_2002,KAR-SET-006,2002,LE07_L2SP_143040_20021025_02_T1,landsat-c2-l2,landsat-7,outputs/figures/karnali_79/epoch_frames/KAR-SET-006/2002.jpg,2002-10-25,1.0,0.6534,0.9927,0.0,0.0512,True,30.0
KAR-SET-006_2007,KAR-SET-006,2007,LT05_L2SP_143040_20080424_02_T1,landsat-c2-l2,landsat-5,outputs/figures/karnali_79/epoch_frames/KAR-SET-006/2007.jpg,2008-04-24,1.0,0.3772,0.9012,0.0,0.1034,True,30.0
KAR-SET-006_2012,KAR-SET-006,2012,LC08_L2SP_143040_20131031_02_T1,landsat-c2-l2,landsat-8,outputs/figures/karnali_79/epoch_frames/KAR-SET-006/2012.jpg,2013-10-31,1.0,0.7181,0.9977,0.0,0.0458,True,30.0
KAR-SET-006_2017,KAR-SET-006,2017,S2A_MSIL2A_20181026T050901_R019_T44RPS_20201009T152443,sentinel-2-l2a,Sentinel-2A,outputs/figures/karnali_79/epoch_frames/KAR-SET-006/2017.jpg,2018-10-26,1.0,0.6918,0.9738,0.0,0.0552,True,10.0
KAR-SET-006_2022,KAR-SET-006,2022,S2B_MSIL2A_20221119T051109_R019_T44RPS_20221119T163418,sentinel-2-l2a,Sentinel-2B,outputs/figures/karnali_79/epoch_frames/KAR-SET-006/2022.jpg,2022-11-19,1.0,0.7067,0.9922,0.0,0.0495,True,10.0
KAR-SET-006_2026,KAR-SET-006,2026,S2C_MSIL2A_20260117T051141_R019_T44RPS_20260117T083616,sentinel-2-l2a,Sentinel-2C,outputs/figures/karnali_79/epoch_frames/KAR-SET-006/2026.jpg,2026-01-17,1.0,0.6514,0.9918,0.0001,0.0528,True,10.0
KAR-SET-007_1972,KAR-SET-007,1972,LM01_L1TP_154040_19721217_02_T2,landsat-c2-l1,landsat-1,outputs/figures/karnali_79/epoch_frames/KAR-SET-007/1972.jpg,1972-12-17,1.0,0.166,0.1143,0.2435,,False,60.0
KAR-SET-007_1977,KAR-SET-007,1977,LM02_L1TP_154040_19770323_02_T2,landsat-c2-l1,landsat-2,outputs/figures/karnali_79/epoch_frames/KAR-SET-007/1977.jpg,1977-03-23,1.0,0.0893,0.0,0.0049,,False,60.0
KAR-SET-007_1987,KAR-SET-007,1987,LT05_L2SP_143040_19871227_02_T1,landsat-c2-l2,landsat-5,outputs/figures/karnali_79/epoch_frames/KAR-SET-007/1987.jpg,1987-12-27,1.0,0.4197,0.7553,0.0473,0.0815,True,30.0
KAR-SET-007_1992,KAR-SET-007,1992,LT05_L2SP_143040_19921106_02_T1,landsat-c2-l2,landsat-5,outputs/figures/karnali_79/epoch_frames/KAR-SET-007/1992.jpg,1992-11-06,1.0,0.4511,0.8302,0.0401,0.0841,True,30.0
KAR-SET-007_1997,KAR-SET-007,1997,LT05_L2SP_143040_19970309_02_T1,landsat-c2-l2,landsat-5,outputs/figures/karnali_79/epoch_frames/KAR-SET-007/1997.jpg,1997-03-09,0.9999,0.2916,0.4515,0.0103,0.1167,True,30.0
KAR-SET-007_2002,KAR-SET-007,2002,LE07_L2SP_143040_20021025_02_T1,landsat-c2-l2,landsat-7,outputs/figures/karnali_79/epoch_frames/KAR-SET-007/2002.jpg,2002-10-25,1.0,0.4879,0.8241,0.0262,0.0777,True,30.0
KAR-SET-007_2007,KAR-SET-007,2007,LT05_L2SP_143040_20080424_02_T1,landsat-c2-l2,landsat-5,outputs/figures/karnali_79/epoch_frames/KAR-SET-007/2007.jpg,2008-04-24,1.0,0.2056,0.0592,0.0162,0.1438,True,30.0
KAR-SET-007_2012,KAR-SET-007,2012,LC08_L2SP_143040_20131031_02_T1,landsat-c2-l2,landsat-8,outputs/figures/karnali_79/epoch_frames/KAR-SET-007/2012.jpg,2013-10-31,1.0,0.611,0.9304,0.0257,0.0657,True,30.0
KAR-SET-007_2017,KAR-SET-007,2017,S2A_MSIL2A_20170424T050651_R019_T44RNS_20210209T101115,sentinel-2-l2a,Sentinel-2A,outputs/figures/karnali_79/epoch_frames/KAR-SET-007/2017.jpg,2017-04-24,0.9978,0.2799,0.4371,0.0205,0.1188,True,10.0
KAR-SET-007_2022,KAR-SET-007,2022,S2A_MSIL2A_20240308T050651_R019_T44RNS_20240308T104223,sentinel-2-l2a,Sentinel-2A,outputs/figures/karnali_79/epoch_frames/KAR-SET-007/2022.jpg,2024-03-08,1.0,0.4224,0.686,0.0129,0.0878,True,10.0
KAR-SET-007_2026,KAR-SET-007,2026,S2B_MSIL2A_20260303T050649_R019_T44RNS_20260303T091046,sentinel-2-l2a,Sentinel-2B,outputs/figures/karnali_79/epoch_frames/KAR-SET-007/2026.jpg,2026-03-03,1.0,0.361,0.5979,0.0112,0.0947,True,10.0
KAR-SET-008_1972,KAR-SET-008,1972,LM01_L1TP_154040_19721217_02_T2,landsat-c2-l1,landsat-1,outputs/figures/karnali_79/epoch_frames/KAR-SET-008/1972.jpg,1972-12-17,1.0,0.1016,0.0018,0.2257,,False,60.0
KAR-SET-008_1977,KAR-SET-008,1977,LM02_L1TP_154040_19770323_02_T2,landsat-c2-l1,landsat-2,outputs/figures/karnali_79/epoch_frames/KAR-SET-008/1977.jpg,1977-03-23,1.0,0.1145,0.0,0.0002,,False,60.0
KAR-SET-008_1987,KAR-SET-008,1987,LT05_L2SP_143040_19871227_02_T1,landsat-c2-l2,landsat-5,outputs/figures/karnali_79/epoch_frames/KAR-SET-008/1987.jpg,1987-12-27,1.0,0.4055,0.8755,0.0101,0.0831,True,30.0
KAR-SET-008_1992,KAR-SET-008,1992,LT05_L2SP_143040_19921106_02_T1,landsat-c2-l2,landsat-5,outputs/figures/karnali_79/epoch_frames/KAR-SET-008/1992.jpg,1992-11-06,1.0,0.4626,0.9679,0.0025,0.0793,True,30.0
KAR-SET-008_1997,KAR-SET-008,1997,LT05_L2SP_143040_19970309_02_T1,landsat-c2-l2,landsat-5,outputs/figures/karnali_79/epoch_frames/KAR-SET-008/1997.jpg,1997-03-09,1.0,0.3276,0.5515,0.0002,0.0994,True,30.0
KAR-SET-008_2002,KAR-SET-008,2002,LE07_L2SP_143040_20021025_02_T1,landsat-c2-l2,landsat-7,outputs/figures/karnali_79/epoch_frames/KAR-SET-008/2002.jpg,2002-10-25,1.0,0.5628,0.9872,0.0,0.066,True,30.0
KAR-SET-008_2007,KAR-SET-008,2007,LT05_L2SP_143040_20080424_02_T1,landsat-c2-l2,landsat-5,outputs/figures/karnali_79/epoch_frames/KAR-SET-008/2007.jpg,2008-04-24,1.0,0.2956,0.4348,0.0,0.1154,True,30.0
KAR-SET-008_2012,KAR-SET-008,2012,LC08_L2SP_143040_20131031_02_T1,landsat-c2-l2,landsat-8,outputs/figures/karnali_79/epoch_frames/KAR-SET-008/2012.jpg,2013-10-31,1.0,0.652,0.9962,0.0,0.0541,True,30.0
KAR-SET-008_2017,KAR-SET-008,2017,S2A_MSIL2A_20181026T050901_R019_T44RPS_20201009T152443,sentinel-2-l2a,Sentinel-2A,outputs/figures/karnali_79/epoch_frames/KAR-SET-008/2017.jpg,2018-10-26,1.0,0.612,0.9489,0.0,0.061,True,10.0
KAR-SET-008_2022,KAR-SET-008,2022,S2B_MSIL2A_20221119T051109_R019_T44RPS_20221119T163418,sentinel-2-l2a,Sentinel-2B,outputs/figures/karnali_79/epoch_frames/KAR-SET-008/2022.jpg,2022-11-19,1.0,0.6257,0.9594,0.0,0.0557,True,10.0
KAR-SET-008_2026,KAR-SET-008,2026,S2C_MSIL2A_20260117T051141_R019_T44RPS_20260117T083616,sentinel-2-l2a,Sentinel-2C,outputs/figures/karnali_79/epoch_frames/KAR-SET-008/2026.jpg,2026-01-17,1.0,0.5418,0.9104,0.0,0.0629,True,10.0
KAR-SET-009_1972,KAR-SET-009,1972,LM01_L1TP_154040_19721217_02_T2,landsat-c2-l1,landsat-1,outputs/figures/karnali_79/epoch_frames/KAR-SET-009/1972.jpg,1972-12-17,1.0,0.1938,0.1018,0.2533,,False,60.0
KAR-SET-009_1977,KAR-SET-009,1977,LM02_L1TP_154040_19770323_02_T2,landsat-c2-l1,landsat-2,outputs/figures/karnali_79/epoch_frames/KAR-SET-009/1977.jpg,1977-03-23,1.0,0.1524,0.0004,0.0002,,False,60.0
KAR-SET-009_1987,KAR-SET-009,1987,LT05_L2SP_143040_19871227_02_T1,landsat-c2-l2,landsat-5,outputs/figures/karnali_79/epoch_frames/KAR-SET-009/1987.jpg,1987-12-27,1.0,0.5264,0.9757,0.0522,0.0656,True,30.0
KAR-SET-009_1992,KAR-SET-009,1992,LT05_L2SP_143040_19921106_02_T1,landsat-c2-l2,landsat-5,outputs/figures/karnali_79/epoch_frames/KAR-SET-009/1992.jpg,1992-11-06,1.0,0.52,0.9848,0.0194,0.0719,True,30.0
KAR-SET-009_1997,KAR-SET-009,1997,LT05_L2SP_143040_19970309_02_T1,landsat-c2-l2,landsat-5,outputs/figures/karnali_79/epoch_frames/KAR-SET-009/1997.jpg,1997-03-09,1.0,0.4223,0.906,0.0005,0.0848,True,30.0
KAR-SET-009_2002,KAR-SET-009,2002,LE07_L2SP_143040_20021025_02_T1,landsat-c2-l2,landsat-7,outputs/figures/karnali_79/epoch_frames/KAR-SET-009/2002.jpg,2002-10-25,1.0,0.6469,0.9988,0.0002,0.053,True,30.0
KAR-SET-009_2007,KAR-SET-009,2007,LT05_L2SP_143040_20080424_02_T1,landsat-c2-l2,landsat-5,outputs/figures/karnali_79/epoch_frames/KAR-SET-009/2007.jpg,2008-04-24,1.0,0.3132,0.6105,0.0,0.1127,True,30.0
KAR-SET-009_2012,KAR-SET-009,2012,LC08_L2SP_143040_20131031_02_T1,landsat-c2-l2,landsat-8,outputs/figures/karnali_79/epoch_frames/KAR-SET-009/2012.jpg,2013-10-31,1.0,0.7163,0.9998,0.0,0.0458,True,30.0
KAR-SET-009_2017,KAR-SET-009,2017,S2A_MSIL2A_20181026T050901_R019_T44RPS_20201009T152443,sentinel-2-l2a,Sentinel-2A,outputs/figures/karnali_79/epoch_frames/KAR-SET-009/2017.jpg,2018-10-26,1.0,0.7095,0.9874,0.0,0.0517,True,10.0
KAR-SET-009_2022,KAR-SET-009,2022,S2B_MSIL2A_20221119T051109_R019_T44RPS_20221119T163418,sentinel-2-l2a,Sentinel-2B,outputs/figures/karnali_79/epoch_frames/KAR-SET-009/2022.jpg,2022-11-19,1.0,0.6905,0.981,0.0045,0.0519,True,10.0
KAR-SET-009_2026,KAR-SET-009,2026,S2C_MSIL2A_20260117T051141_R019_T44RPS_20260117T083616,sentinel-2-l2a,Sentinel-2C,outputs/figures/karnali_79/epoch_frames/KAR-SET-009/2026.jpg,2026-01-17,1.0,0.6015,0.9745,0.0049,0.0596,True,10.0
KAR-SET-010_1972,KAR-SET-010,1972,LM01_L1TP_154040_19721217_02_T2,landsat-c2-l1,landsat-1,outputs/figures/karnali_79/epoch_frames/KAR-SET-010/1972.jpg,1972-12-17,1.0,0.2101,0.2087,0.2987,,False,60.0
KAR-SET-010_1977,KAR-SET-010,1977,LM02_L1TP_154040_19770323_02_T2,landsat-c2-l1,landsat-2,outputs/figures/karnali_79/epoch_frames/KAR-SET-010/1977.jpg,1977-03-23,1.0,0.1267,0.0,0.0,,False,60.0
KAR-SET-010_1987,KAR-SET-010,1987,LT05_L2SP_143040_19871227_02_T1,landsat-c2-l2,landsat-5,outputs/figures/karnali_79/epoch_frames/KAR-SET-010/1987.jpg,1987-12-27,1.0,0.528,0.9544,0.0302,0.0642,True,30.0
KAR-SET-010_1992,KAR-SET-010,1992,LT05_L2SP_143040_19921106_02_T1,landsat-c2-l2,landsat-5,outputs/figures/karnali_79/epoch_frames/KAR-SET-010/1992.jpg,1992-11-06,1.0,0.5043,0.9001,0.005,0.0731,True,30.0
KAR-SET-010_1997,KAR-SET-010,1997,LT05_L2SP_143040_19970309_02_T1,landsat-c2-l2,landsat-5,outputs/figures/karnali_79/epoch_frames/KAR-SET-010/1997.jpg,1997-03-09,1.0,0.4027,0.8651,0.0,0.0856,True,30.0
KAR-SET-010_2002,KAR-SET-010,2002,LE07_L2SP_143040_20021025_02_T1,landsat-c2-l2,landsat-7,outputs/figures/karnali_79/epoch_frames/KAR-SET-010/2002.jpg,2002-10-25,1.0,0.6286,0.9452,0.0,0.0548,True,30.0
KAR-SET-010_2007,KAR-SET-010,2007,LT05_L2SP_143040_20080424_02_T1,landsat-c2-l2,landsat-5,outputs/figures/karnali_79/epoch_frames/KAR-SET-010/2007.jpg,2008-04-24,1.0,0.2656,0.2433,0.0,0.125,True,30.0
KAR-SET-010_2012,KAR-SET-010,2012,LC08_L2SP_143040_20131031_02_T1,landsat-c2-l2,landsat-8,outputs/figures/karnali_79/epoch_frames/KAR-SET-010/2012.jpg,2013-10-31,1.0,0.7073,0.9783,0.0,0.0466,True,30.0
KAR-SET-010_2017,KAR-SET-010,2017,S2A_MSIL2A_20181026T050901_R019_T44RPS_20201009T152443,sentinel-2-l2a,Sentinel-2A,outputs/figures/karnali_79/epoch_frames/KAR-SET-010/2017.jpg,2018-10-26,1.0,0.6875,0.9382,0.0,0.0543,True,10.0
KAR-SET-010_2022,KAR-SET-010,2022,S2B_MSIL2A_20221119T051109_R019_T44RPS_20221119T163418,sentinel-2-l2a,Sentinel-2B,outputs/figures/karnali_79/epoch_frames/KAR-SET-010/2022.jpg,2022-11-19,1.0,0.6848,0.9292,0.0,0.0517,True,10.0
KAR-SET-010_2026,KAR-SET-010,2026,S2C_MSIL2A_20260117T051141_R019_T44RPS_20260117T083616,sentinel-2-l2a,Sentinel-2C,outputs/figures/karnali_79/epoch_frames/KAR-SET-010/2026.jpg,2026-01-17,1.0,0.6482,0.9851,0.0,0.0537,True,10.0
KAR-SET-011_1972,KAR-SET-011,1972,LM01_L1TP_154040_19721217_02_T2,landsat-c2-l1,landsat-1,outputs/figures/karnali_79/epoch_frames/KAR-SET-011/1972.jpg,1972-12-17,1.0,0.1519,0.0412,0.2863,,False,60.0
KAR-SET-011_1977,KAR-SET-011,1977,LM02_L1TP_154040_19770323_02_T2,landsat-c2-l1,landsat-2,outputs/figures/karnali_79/epoch_frames/KAR-SET-011/1977.jpg,1977-03-23,1.0,0.1353,0.0,0.0036,,False,60.0
KAR-SET-011_1987,KAR-SET-011,1987,LT05_L2SP_143040_19871227_02_T1,landsat-c2-l2,landsat-5,outputs/figures/karnali_79/epoch_frames/KAR-SET-011/1987.jpg,1987-12-27,1.0,0.458,0.9468,0.0336,0.0697,True,30.0
KAR-SET-011_1992,KAR-SET-011,1992,LT05_L2SP_143040_19921106_02_T1,landsat-c2-l2,landsat-5,outputs/figures/karnali_79/epoch_frames/KAR-SET-011/1992.jpg,1992-11-06,1.0,0.4731,0.9433,0.0072,0.0741,True,30.0
KAR-SET-011_1997,KAR-SET-011,1997,LT05_L2SP_143040_19970309_02_T1,landsat-c2-l2,landsat-5,outputs/figures/karnali_79/epoch_frames/KAR-SET-011/1997.jpg,1997-03-09,1.0,0.3707,0.8104,0.0003,0.0972,True,30.0
KAR-SET-011_2002,KAR-SET-011,2002,LE07_L2SP_143040_20021025_02_T1,landsat-c2-l2,landsat-7,outputs/figures/karnali_79/epoch_frames/KAR-SET-011/2002.jpg,2002-10-25,1.0,0.5875,0.9803,0.0,0.0597,True,30.0
KAR-SET-011_2007,KAR-SET-011,2007,LT05_L2SP_143040_20080424_02_T1,landsat-c2-l2,landsat-5,outputs/figures/karnali_79/epoch_frames/KAR-SET-011/2007.jpg,2008-04-24,1.0,0.327,0.6613,0.0,0.1151,True,30.0
KAR-SET-011_2012,KAR-SET-011,2012,LC08_L2SP_143040_20131031_02_T1,landsat-c2-l2,landsat-8,outputs/figures/karnali_79/epoch_frames/KAR-SET-011/2012.jpg,2013-10-31,1.0,0.6776,0.9981,0.0,0.0509,True,30.0
KAR-SET-011_2017,KAR-SET-011,2017,S2A_MSIL2A_20181026T050901_R019_T44RPS_20201009T152443,sentinel-2-l2a,Sentinel-2A,outputs/figures/karnali_79/epoch_frames/KAR-SET-011/2017.jpg,2018-10-26,1.0,0.6674,0.9578,0.0,0.0567,True,10.0
KAR-SET-011_2022,KAR-SET-011,2022,S2B_MSIL2A_20221119T051109_R019_T44RPS_20221119T163418,sentinel-2-l2a,Sentinel-2B,outputs/figures/karnali_79/epoch_frames/KAR-SET-011/2022.jpg,2022-11-19,1.0,0.6656,0.9654,0.0,0.0527,True,10.0
KAR-SET-011_2026,KAR-SET-011,2026,S2C_MSIL2A_20260117T051141_R019_T44RPS_20260117T083616,sentinel-2-l2a,Sentinel-2C,outputs/figures/karnali_79/epoch_frames/KAR-SET-011/2026.jpg,2026-01-17,1.0,0.619,0.9799,0.0,0.0559,True,10.0
KAR-SET-012_1972,KAR-SET-012,1972,LM01_L1TP_154040_19721217_02_T2,landsat-c2-l1,landsat-1,outputs/figures/karnali_79/epoch_frames/KAR-SET-012/1972.jpg,1972-12-17,1.0,0.1885,0.1328,0.4284,,False,60.0
KAR-SET-012_1977,KAR-SET-012,1977,LM02_L1TP_154040_19770323_02_T2,landsat-c2-l1,landsat-2,outputs/figures/karnali_79/epoch_frames/KAR-SET-012/1977.jpg,1977-03-23,1.0,0.1775,0.0011,0.0016,,False,60.0
KAR-SET-012_1987,KAR-SET-012,1987,LT05_L2SP_143040_19871227_02_T1,landsat-c2-l2,landsat-5,outputs/figures/karnali_79/epoch_frames/KAR-SET-012/1987.jpg,1987-12-27,1.0,0.5281,0.9895,0.0919,0.0498,True,30.0
KAR-SET-012_1992,KAR-SET-012,1992,LT05_L2SP_143040_19921106_02_T1,landsat-c2-l2,landsat-5,outputs/figures/karnali_79/epoch_frames/KAR-SET-012/1992.jpg,1992-11-06,1.0,0.5345,0.9941,0.0314,0.0574,True,30.0
KAR-SET-012_1997,KAR-SET-012,1997,LT05_L2SP_143040_19970309_02_T1,landsat-c2-l2,landsat-5,outputs/figures/karnali_79/epoch_frames/KAR-SET-012/1997.jpg,1997-03-09,1.0,0.4247,0.9275,0.0004,0.077,True,30.0
KAR-SET-012_2002,KAR-SET-012,2002,LE07_L2SP_143040_20021025_02_T1,landsat-c2-l2,landsat-7,outputs/figures/karnali_79/epoch_frames/KAR-SET-012/2002.jpg,2002-10-25,1.0,0.6759,0.9995,0.0,0.0432,True,30.0
KAR-SET-012_2007,KAR-SET-012,2007,LT05_L2SP_143040_20080424_02_T1,landsat-c2-l2,landsat-5,outputs/figures/karnali_79/epoch_frames/KAR-SET-012/2007.jpg,2008-04-24,1.0,0.3525,0.7909,0.0,0.1002,True,30.0
KAR-SET-012_2012,KAR-SET-012,2012,LC08_L2SP_143040_20131031_02_T1,landsat-c2-l2,landsat-8,outputs/figures/karnali_79/epoch_frames/KAR-SET-012/2012.jpg,2013-10-31,1.0,0.7483,0.9996,0.0,0.0362,True,30.0
KAR-SET-012_2017,KAR-SET-012,2017,S2A_MSIL2A_20181026T050901_R019_T44RPS_20201009T152443,sentinel-2-l2a,Sentinel-2A,outputs/figures/karnali_79/epoch_frames/KAR-SET-012/2017.jpg,2018-10-26,1.0,0.7136,0.9886,0.0,0.0525,True,10.0
KAR-SET-012_2022,KAR-SET-012,2022,S2B_MSIL2A_20221119T051109_R019_T44RPS_20221119T163418,sentinel-2-l2a,Sentinel-2B,outputs/figures/karnali_79/epoch_frames/KAR-SET-012/2022.jpg,2022-11-19,1.0,0.7224,0.9923,0.0009,0.0491,True,10.0
KAR-SET-012_2026,KAR-SET-012,2026,S2C_MSIL2A_20260117T051141_R019_T44RPS_20260117T083616,sentinel-2-l2a,Sentinel-2C,outputs/figures/karnali_79/epoch_frames/KAR-SET-012/2026.jpg,2026-01-17,1.0,0.677,0.9902,0.0,0.0522,True,10.0
KAR-SET-013_1972,KAR-SET-013,1972,LM01_L1TP_154040_19721217_02_T2,landsat-c2-l1,landsat-1,outputs/figures/karnali_79/epoch_frames/KAR-SET-013/1972.jpg,1972-12-17,1.0,0.2734,0.5333,0.2923,,False,60.0
KAR-SET-013_1977,KAR-SET-013,1977,LM02_L1TP_154040_19770323_02_T2,landsat-c2-l1,landsat-2,outputs/figures/karnali_79/epoch_frames/KAR-SET-013/1977.jpg,1977-03-23,1.0,0.1708,0.0007,0.0074,,False,60.0
KAR-SET-013_1987,KAR-SET-013,1987,LT05_L2SP_143040_19871227_02_T1,landsat-c2-l2,landsat-5,outputs/figures/karnali_79/epoch_frames/KAR-SET-013/1987.jpg,1987-12-27,1.0,0.6135,0.9046,0.0188,0.0525,True,30.0
KAR-SET-013_1992,KAR-SET-013,1992,LT05_L2SP_143040_19921106_02_T1,landsat-c2-l2,landsat-5,outputs/figures/karnali_79/epoch_frames/KAR-SET-013/1992.jpg,1992-11-06,1.0,0.638,0.9841,0.0101,0.0538,True,30.0
KAR-SET-013_1997,KAR-SET-013,1997,LT05_L2SP_143040_19970309_02_T1,landsat-c2-l2,landsat-5,outputs/figures/karnali_79/epoch_frames/KAR-SET-013/1997.jpg,1997-03-09,1.0,0.4782,0.9246,0.0011,0.0717,True,30.0
KAR-SET-013_2002,KAR-SET-013,2002,LE07_L2SP_143041_20030214_02_T1,landsat-c2-l2,landsat-7,outputs/figures/karnali_79/epoch_frames/KAR-SET-013/2002.jpg,2003-02-14,0.9999,0.606,0.988,0.0002,0.0517,True,30.0
KAR-SET-013_2007,KAR-SET-013,2007,LT05_L2SP_143040_20080424_02_T1,landsat-c2-l2,landsat-5,outputs/figures/karnali_79/epoch_frames/KAR-SET-013/2007.jpg,2008-04-24,1.0,0.3609,0.7429,0.0,0.1051,True,30.0
KAR-SET-013_2012,KAR-SET-013,2012,LC08_L2SP_143041_20131116_02_T1,landsat-c2-l2,landsat-8,outputs/figures/karnali_79/epoch_frames/KAR-SET-013/2012.jpg,2013-11-16,1.0,0.7285,0.9622,0.0,0.0428,True,30.0
KAR-SET-013_2017,KAR-SET-013,2017,S2A_MSIL2A_20170424T050651_R019_T44RNS_20210209T101115,sentinel-2-l2a,Sentinel-2A,outputs/figures/karnali_79/epoch_frames/KAR-SET-013/2017.jpg,2017-04-24,1.0,0.4764,0.8477,0.0,0.0873,True,10.0
KAR-SET-013_2022,KAR-SET-013,2022,S2B_MSIL2A_20221119T051109_R019_T44RPS_20221119T163418,sentinel-2-l2a,Sentinel-2B,outputs/figures/karnali_79/epoch_frames/KAR-SET-013/2022.jpg,2022-11-19,1.0,0.6759,0.9053,0.0015,0.0541,True,10.0
KAR-SET-013_2026,KAR-SET-013,2026,S2B_MSIL2A_20260303T050649_R019_T44RNS_20260303T091046,sentinel-2-l2a,Sentinel-2B,outputs/figures/karnali_79/epoch_frames/KAR-SET-013/2026.jpg,2026-03-03,1.0,0.6225,0.9492,0.0,0.0572,True,10.0
KAR-SET-014_1972,KAR-SET-014,1972,LM01_L1TP_154040_19721217_02_T2,landsat-c2-l1,landsat-1,outputs/figures/karnali_79/epoch_frames/KAR-SET-014/1972.jpg,1972-12-17,1.0,0.2003,0.2065,0.2896,,False,60.0
KAR-SET-014_1977,KAR-SET-014,1977,LM02_L1TP_154040_19770323_02_T2,landsat-c2-l1,landsat-2,outputs/figures/karnali_79/epoch_frames/KAR-SET-014/1977.jpg,1977-03-23,1.0,0.1461,0.0,0.0176,,False,60.0
KAR-SET-014_1987,KAR-SET-014,1987,LT05_L2SP_143040_19871227_02_T1,landsat-c2-l2,landsat-5,outputs/figures/karnali_79/epoch_frames/KAR-SET-014/1987.jpg,1987-12-27,1.0,0.5386,0.9573,0.0428,0.061,True,30.0
KAR-SET-014_1992,KAR-SET-014,1992,LT05_L2SP_143040_19921106_02_T1,landsat-c2-l2,landsat-5,outputs/figures/karnali_79/epoch_frames/KAR-SET-014/1992.jpg,1992-11-06,1.0,0.5314,0.8992,0.0122,0.0681,True,30.0
KAR-SET-014_1997,KAR-SET-014,1997,LT05_L2SP_143040_19970309_02_T1,landsat-c2-l2,landsat-5,outputs/figures/karnali_79/epoch_frames/KAR-SET-014/1997.jpg,1997-03-09,1.0,0.4407,0.903,0.0018,0.0781,True,30.0
KAR-SET-014_2002,KAR-SET-014,2002,LE07_L2SP_143040_20021025_02_T1,landsat-c2-l2,landsat-7,outputs/figures/karnali_79/epoch_frames/KAR-SET-014/2002.jpg,2002-10-25,1.0,0.6307,0.908,0.0002,0.0537,True,30.0
KAR-SET-014_2007,KAR-SET-014,2007,LT05_L2SP_143040_20080424_02_T1,landsat-c2-l2,landsat-5,outputs/figures/karnali_79/epoch_frames/KAR-SET-014/2007.jpg,2008-04-24,1.0,0.3315,0.7154,0.0005,0.1029,True,30.0
KAR-SET-014_2012,KAR-SET-014,2012,LC08_L2SP_143040_20131031_02_T1,landsat-c2-l2,landsat-8,outputs/figures/karnali_79/epoch_frames/KAR-SET-014/2012.jpg,2013-10-31,1.0,0.7012,0.9968,0.0,0.048,True,30.0
KAR-SET-014_2017,KAR-SET-014,2017,S2A_MSIL2A_20181026T050901_R019_T44RPS_20201009T152443,sentinel-2-l2a,Sentinel-2A,outputs/figures/karnali_79/epoch_frames/KAR-SET-014/2017.jpg,2018-10-26,1.0,0.6737,0.9321,0.0,0.0556,True,10.0
KAR-SET-014_2022,KAR-SET-014,2022,S2B_MSIL2A_20221119T051109_R019_T44RPS_20221119T163418,sentinel-2-l2a,Sentinel-2B,outputs/figures/karnali_79/epoch_frames/KAR-SET-014/2022.jpg,2022-11-19,1.0,0.6458,0.8899,0.0026,0.0569,True,10.0
KAR-SET-014_2026,KAR-SET-014,2026,S2C_MSIL2A_20260117T051141_R019_T44RPS_20260117T083616,sentinel-2-l2a,Sentinel-2C,outputs/figures/karnali_79/epoch_frames/KAR-SET-014/2026.jpg,2026-01-17,1.0,0.609,0.9708,0.0026,0.0577,True,10.0
KAR-SET-015_1972,KAR-SET-015,1972,LM01_L1TP_154040_19721217_02_T2,landsat-c2-l1,landsat-1,outputs/figures/karnali_79/epoch_frames/KAR-SET-015/1972.jpg,1972-12-17,1.0,0.1739,0.1869,0.3448,,False,60.0
KAR-SET-015_1977,KAR-SET-015,1977,LM02_L1TP_154040_19770323_02_T2,landsat-c2-l1,landsat-2,outputs/figures/karnali_79/epoch_frames/KAR-SET-015/1977.jpg,1977-03-23,1.0,0.1365,0.0009,0.0027,,False,60.0
KAR-SET-015_1987,KAR-SET-015,1987,LT05_L2SP_143040_19871227_02_T1,landsat-c2-l2,landsat-5,outputs/figures/karnali_79/epoch_frames/KAR-SET-015/1987.jpg,1987-12-27,1.0,0.5028,0.9121,0.0766,0.0643,True,30.0
KAR-SET-015_1992,KAR-SET-015,1992,LT05_L2SP_143040_19921106_02_T1,landsat-c2-l2,landsat-5,outputs/figures/karnali_79/epoch_frames/KAR-SET-015/1992.jpg,1992-11-06,1.0,0.5327,0.9324,0.0213,0.0687,True,30.0
KAR-SET-015_1997,KAR-SET-015,1997,LT05_L2SP_143040_19970309_02_T1,landsat-c2-l2,landsat-5,outputs/figures/karnali_79/epoch_frames/KAR-SET-015/1997.jpg,1997-03-09,1.0,0.4364,0.8746,0.0019,0.0812,True,30.0
KAR-SET-015_2002,KAR-SET-015,2002,LE07_L2SP_143040_20021025_02_T1,landsat-c2-l2,landsat-7,outputs/figures/karnali_79/epoch_frames/KAR-SET-015/2002.jpg,2002-10-25,1.0,0.6275,0.9525,0.001,0.0551,True,30.0
KAR-SET-015_2007,KAR-SET-015,2007,LT05_L2SP_143040_20080424_02_T1,landsat-c2-l2,landsat-5,outputs/figures/karnali_79/epoch_frames/KAR-SET-015/2007.jpg,2008-04-24,1.0,0.3581,0.7863,0.0,0.1064,True,30.0
KAR-SET-015_2012,KAR-SET-015,2012,LC08_L2SP_143041_20131116_02_T1,landsat-c2-l2,landsat-8,outputs/figures/karnali_79/epoch_frames/KAR-SET-015/2012.jpg,2013-11-16,1.0,0.7024,0.9397,0.0001,0.0438,True,30.0
KAR-SET-015_2017,KAR-SET-015,2017,S2A_MSIL2A_20181026T050901_R019_T44RPS_20201009T152443,sentinel-2-l2a,Sentinel-2A,outputs/figures/karnali_79/epoch_frames/KAR-SET-015/2017.jpg,2018-10-26,1.0,0.6726,0.9458,0.0,0.0567,True,10.0
KAR-SET-015_2022,KAR-SET-015,2022,S2B_MSIL2A_20221119T051109_R019_T44RPS_20221119T163418,sentinel-2-l2a,Sentinel-2B,outputs/figures/karnali_79/epoch_frames/KAR-SET-015/2022.jpg,2022-11-19,1.0,0.6579,0.9152,0.0114,0.0563,True,10.0
KAR-SET-015_2026,KAR-SET-015,2026,S2C_MSIL2A_20260117T051141_R019_T44RPS_20260117T083616,sentinel-2-l2a,Sentinel-2C,outputs/figures/karnali_79/epoch_frames/KAR-SET-015/2026.jpg,2026-01-17,1.0,0.6223,0.9617,0.0082,0.0581,True,10.0
KAR-SET-016_1972,KAR-SET-016,1972,LM01_L1TP_154040_19721217_02_T2,landsat-c2-l1,landsat-1,outputs/figures/karnali_79/epoch_frames/KAR-SET-016/1972.jpg,1972-12-17,1.0,0.1471,0.037,0.3974,,False,60.0
KAR-SET-016_1977,KAR-SET-016,1977,LM02_L1TP_153041_19770322_02_T2,landsat-c2-l1,landsat-2,outputs/figures/karnali_79/epoch_frames/KAR-SET-016/1977.jpg,1977-03-22,1.0,0.1581,0.0013,0.0,,False,60.0
KAR-SET-016_1987,KAR-SET-016,1987,LT05_L2SP_143040_19871227_02_T1,landsat-c2-l2,landsat-5,outputs/figures/karnali_79/epoch_frames/KAR-SET-016/1987.jpg,1987-12-27,1.0,0.5292,0.9636,0.0326,0.0527,True,30.0
KAR-SET-016_1992,KAR-SET-016,1992,LT05_L2SP_143040_19921106_02_T1,landsat-c2-l2,landsat-5,outputs/figures/karnali_79/epoch_frames/KAR-SET-016/1992.jpg,1992-11-06,1.0,0.5529,0.9903,0.0044,0.0579,True,30.0
KAR-SET-016_1997,KAR-SET-016,1997,LT05_L2SP_143040_19970309_02_T1,landsat-c2-l2,landsat-5,outputs/figures/karnali_79/epoch_frames/KAR-SET-016/1997.jpg,1997-03-09,1.0,0.4302,0.8506,0.0004,0.0737,True,30.0
KAR-SET-016_2002,KAR-SET-016,2002,LE07_L2SP_143040_20021025_02_T1,landsat-c2-l2,landsat-7,outputs/figures/karnali_79/epoch_frames/KAR-SET-016/2002.jpg,2002-10-25,0.9915,0.6438,0.9962,0.0009,0.048,True,30.0
KAR-SET-016_2007,KAR-SET-016,2007,LT05_L2SP_143040_20080424_02_T1,landsat-c2-l2,landsat-5,outputs/figures/karnali_79/epoch_frames/KAR-SET-016/2007.jpg,2008-04-24,1.0,0.3597,0.7972,0.0,0.0964,True,30.0
KAR-SET-016_2012,KAR-SET-016,2012,LC08_L2SP_143041_20131116_02_T1,landsat-c2-l2,landsat-8,outputs/figures/karnali_79/epoch_frames/KAR-SET-016/2012.jpg,2013-11-16,1.0,0.7286,0.9993,0.0,0.035,True,30.0
KAR-SET-016_2017,KAR-SET-016,2017,S2A_MSIL2A_20181026T050901_R019_T44RPS_20201009T152443,sentinel-2-l2a,Sentinel-2A,outputs/figures/karnali_79/epoch_frames/KAR-SET-016/2017.jpg,2018-10-26,1.0,0.7058,0.9834,0.0,0.0494,True,10.0
KAR-SET-016_2022,KAR-SET-016,2022,S2B_MSIL2A_20221119T051109_R019_T44RPS_20221119T163418,sentinel-2-l2a,Sentinel-2B,outputs/figures/karnali_79/epoch_frames/KAR-SET-016/2022.jpg,2022-11-19,1.0,0.714,0.9871,0.0001,0.0478,True,10.0
KAR-SET-016_2026,KAR-SET-016,2026,S2C_MSIL2A_20260117T051141_R019_T44RPS_20260117T083616,sentinel-2-l2a,Sentinel-2C,outputs/figures/karnali_79/epoch_frames/KAR-SET-016/2026.jpg,2026-01-17,1.0,0.6294,0.9703,0.0,0.0542,True,10.0
KAR-SET-017_1972,KAR-SET-017,1972,LM01_L1GS_154040_19721111_02_T2,landsat-c2-l1,landsat-1,outputs/figures/karnali_79/epoch_frames/KAR-SET-017/1972.jpg,1972-11-11,1.0,0.2578,0.599,0.2582,,False,60.0
KAR-SET-017_1977,KAR-SET-017,1977,LM02_L1TP_155040_19770324_02_T2,landsat-c2-l1,landsat-2,outputs/figures/karnali_79/epoch_frames/KAR-SET-017/1977.jpg,1977-03-24,1.0,0.1117,0.0013,0.0016,,False,60.0
KAR-SET-017_1987,KAR-SET-017,1987,LT05_L2SP_144040_19890411_02_T1,landsat-c2-l2,landsat-5,outputs/figures/karnali_79/epoch_frames/KAR-SET-017/1987.jpg,1989-04-11,1.0,0.349,0.6226,0.0,0.1018,True,30.0
KAR-SET-017_1992,KAR-SET-017,1992,LT05_L2SP_144040_19921028_02_T1,landsat-c2-l2,landsat-5,outputs/figures/karnali_79/epoch_frames/KAR-SET-017/1992.jpg,1992-10-28,1.0,0.5284,0.9583,0.0,0.0696,True,30.0
KAR-SET-017_1997,KAR-SET-017,1997,LT05_L2SP_144040_19970228_02_T1,landsat-c2-l2,landsat-5,outputs/figures/karnali_79/epoch_frames/KAR-SET-017/1997.jpg,1997-02-28,1.0,0.5764,0.9914,0.0,0.053,True,30.0
KAR-SET-017_2002,KAR-SET-017,2002,LE07_L2SP_144040_20021101_02_T1,landsat-c2-l2,landsat-7,outputs/figures/karnali_79/epoch_frames/KAR-SET-017/2002.jpg,2002-11-01,1.0,0.6325,0.9911,0.0,0.0502,True,30.0
KAR-SET-017_2007,KAR-SET-017,2007,LT05_L2SP_144040_20090418_02_T1,landsat-c2-l2,landsat-5,outputs/figures/karnali_79/epoch_frames/KAR-SET-017/2007.jpg,2009-04-18,1.0,0.2747,0.3121,0.0,0.1236,True,30.0
KAR-SET-017_2012,KAR-SET-017,2012,LC08_L2SP_144040_20130413_02_T1,landsat-c2-l2,landsat-8,outputs/figures/karnali_79/epoch_frames/KAR-SET-017/2012.jpg,2013-04-13,1.0,0.451,0.9787,0.0,0.0866,True,30.0
KAR-SET-017_2017,KAR-SET-017,2017,S2A_MSIL2A_20170424T050651_R019_T44RNS_20210209T101115,sentinel-2-l2a,Sentinel-2A,outputs/figures/karnali_79/epoch_frames/KAR-SET-017/2017.jpg,2017-04-24,1.0,0.4162,0.7792,0.0,0.1006,True,10.0
KAR-SET-017_2022,KAR-SET-017,2022,S2A_MSIL2A_20220408T050651_R019_T44RNS_20240524T030604,sentinel-2-l2a,Sentinel-2A,outputs/figures/karnali_79/epoch_frames/KAR-SET-017/2022.jpg,2022-04-08,1.0,0.4909,0.9182,0.0,0.0774,True,10.0
KAR-SET-017_2026,KAR-SET-017,2026,S2B_MSIL2A_20260303T050649_R019_T44RNS_20260303T091046,sentinel-2-l2a,Sentinel-2B,outputs/figures/karnali_79/epoch_frames/KAR-SET-017/2026.jpg,2026-03-03,1.0,0.5835,0.9747,0.0,0.0593,True,10.0
KAR-SET-018_1972,KAR-SET-018,1972,LM01_L1TP_154040_19721217_02_T2,landsat-c2-l1,landsat-1,outputs/figures/karnali_79/epoch_frames/KAR-SET-018/1972.jpg,1972-12-17,1.0,0.2526,0.3101,0.1043,,False,60.0
KAR-SET-018_1977,KAR-SET-018,1977,LM02_L1TP_154040_19770323_02_T2,landsat-c2-l1,landsat-2,outputs/figures/karnali_79/epoch_frames/KAR-SET-018/1977.jpg,1977-03-23,1.0,0.1377,0.0,0.0,,False,60.0
KAR-SET-018_1987,KAR-SET-018,1987,LT05_L2SP_143040_19871227_02_T1,landsat-c2-l2,landsat-5,outputs/figures/karnali_79/epoch_frames/KAR-SET-018/1987.jpg,1987-12-27,1.0,0.5709,0.9294,0.0006,0.0659,True,30.0
KAR-SET-018_1992,KAR-SET-018,1992,LT05_L2SP_144040_19921028_02_T1,landsat-c2-l2,landsat-5,outputs/figures/karnali_79/epoch_frames/KAR-SET-018/1992.jpg,1992-10-28,1.0,0.5334,0.9439,0.0006,0.073,True,30.0
KAR-SET-018_1997,KAR-SET-018,1997,LT05_L2SP_144040_19970228_02_T1,landsat-c2-l2,landsat-5,outputs/figures/karnali_79/epoch_frames/KAR-SET-018/1997.jpg,1997-02-28,1.0,0.524,0.9257,0.0,0.0633,True,30.0
KAR-SET-018_2002,KAR-SET-018,2002,LE07_L2SP_144040_20021101_02_T1,landsat-c2-l2,landsat-7,outputs/figures/karnali_79/epoch_frames/KAR-SET-018/2002.jpg,2002-11-01,1.0,0.6052,0.9001,0.0,0.0573,True,30.0
KAR-SET-018_2007,KAR-SET-018,2007,LT05_L2SP_143040_20081102_02_T1,landsat-c2-l2,landsat-5,outputs/figures/karnali_79/epoch_frames/KAR-SET-018/2007.jpg,2008-11-02,1.0,0.6094,0.9012,0.0,0.0602,True,30.0
KAR-SET-018_2012,KAR-SET-018,2012,LC08_L2SP_144040_20130413_02_T1,landsat-c2-l2,landsat-8,outputs/figures/karnali_79/epoch_frames/KAR-SET-018/2012.jpg,2013-04-13,1.0,0.4243,0.909,0.0,0.0887,True,30.0
KAR-SET-018_2017,KAR-SET-018,2017,S2A_MSIL2A_20170424T050651_R019_T44RNS_20210209T101115,sentinel-2-l2a,Sentinel-2A,outputs/figures/karnali_79/epoch_frames/KAR-SET-018/2017.jpg,2017-04-24,1.0,0.3799,0.7132,0.0,0.1087,True,10.0
KAR-SET-018_2022,KAR-SET-018,2022,S2A_MSIL2A_20220408T050651_R019_T44RNS_20240524T030604,sentinel-2-l2a,Sentinel-2A,outputs/figures/karnali_79/epoch_frames/KAR-SET-018/2022.jpg,2022-04-08,1.0,0.4951,0.8541,0.0,0.081,True,10.0
KAR-SET-018_2026,KAR-SET-018,2026,S2B_MSIL2A_20260303T050649_R019_T44RNS_20260303T091046,sentinel-2-l2a,Sentinel-2B,outputs/figures/karnali_79/epoch_frames/KAR-SET-018/2026.jpg,2026-03-03,1.0,0.6036,0.9181,0.0,0.0622,True,10.0
KAR-SET-019_1972,KAR-SET-019,1972,LM01_L1TP_154040_19721217_02_T2,landsat-c2-l1,landsat-1,outputs/figures/karnali_79/epoch_frames/KAR-SET-019/1972.jpg,1972-12-17,1.0,0.1815,0.2007,0.033,,False,60.0
KAR-SET-019_1977,KAR-SET-019,1977,LM02_L1TP_154040_19770323_02_T2,landsat-c2-l1,landsat-2,outputs/figures/karnali_79/epoch_frames/KAR-SET-019/1977.jpg,1977-03-23,1.0,0.1124,0.0,0.0,,False,60.0
KAR-SET-019_1987,KAR-SET-019,1987,LT05_L2SP_143040_19871227_02_T1,landsat-c2-l2,landsat-5,outputs/figures/karnali_79/epoch_frames/KAR-SET-019/1987.jpg,1987-12-27,1.0,0.4183,0.7783,0.0,0.0936,True,30.0
KAR-SET-019_1992,KAR-SET-019,1992,LT05_L2SP_144040_19921028_02_T1,landsat-c2-l2,landsat-5,outputs/figures/karnali_79/epoch_frames/KAR-SET-019/1992.jpg,1992-10-28,1.0,0.5061,0.9727,0.0001,0.0831,True,30.0
KAR-SET-019_1997,KAR-SET-019,1997,LT05_L2SP_144040_19970228_02_T1,landsat-c2-l2,landsat-5,outputs/figures/karnali_79/epoch_frames/KAR-SET-019/1997.jpg,1997-02-28,1.0,0.4404,0.8436,0.0,0.0801,True,30.0
KAR-SET-019_2002,KAR-SET-019,2002,LE07_L2SP_144040_20021101_02_T1,landsat-c2-l2,landsat-7,outputs/figures/karnali_79/epoch_frames/KAR-SET-019/2002.jpg,2002-11-01,1.0,0.4927,0.9531,0.0003,0.081,True,30.0
KAR-SET-019_2007,KAR-SET-019,2007,LT05_L2SP_143040_20081102_02_T1,landsat-c2-l2,landsat-5,outputs/figures/karnali_79/epoch_frames/KAR-SET-019/2007.jpg,2008-11-02,1.0,0.4811,0.9401,0.0005,0.0873,True,30.0
KAR-SET-019_2012,KAR-SET-019,2012,LC08_L2SP_144040_20130413_02_T1,landsat-c2-l2,landsat-8,outputs/figures/karnali_79/epoch_frames/KAR-SET-019/2012.jpg,2013-04-13,1.0,0.3621,0.6998,0.0,0.1134,True,30.0
KAR-SET-019_2017,KAR-SET-019,2017,S2A_MSIL2A_20170424T050651_R019_T44RNS_20210209T101115,sentinel-2-l2a,Sentinel-2A,outputs/figures/karnali_79/epoch_frames/KAR-SET-019/2017.jpg,2017-04-24,0.9999,0.3401,0.4905,0.0002,0.1216,True,10.0
KAR-SET-019_2022,KAR-SET-019,2022,S2A_MSIL2A_20220408T050651_R019_T44RNS_20240524T030604,sentinel-2-l2a,Sentinel-2A,outputs/figures/karnali_79/epoch_frames/KAR-SET-019/2022.jpg,2022-04-08,1.0,0.4044,0.632,0.0,0.1065,True,10.0
KAR-SET-019_2026,KAR-SET-019,2026,S2B_MSIL2A_20260303T050649_R019_T44RNS_20260303T091046,sentinel-2-l2a,Sentinel-2B,outputs/figures/karnali_79/epoch_frames/KAR-SET-019/2026.jpg,2026-03-03,1.0,0.4097,0.6346,0.0015,0.0935,True,10.0
KAR-SET-020_1972,KAR-SET-020,1972,LM01_L1TP_154040_19721217_02_T2,landsat-c2-l1,landsat-1,outputs/figures/karnali_79/epoch_frames/KAR-SET-020/1972.jpg,1972-12-17,0.9915,0.1157,0.1173,0.4453,,False,60.0
KAR-SET-020_1977,KAR-SET-020,1977,LM02_L1TP_154040_19770323_02_T2,landsat-c2-l1,landsat-2,outputs/figures/karnali_79/epoch_frames/KAR-SET-020/1977.jpg,1977-03-23,1.0,0.106,0.0,0.0027,,False,60.0
KAR-SET-020_1987,KAR-SET-020,1987,LT05_L2SP_143040_19871227_02_T1,landsat-c2-l2,landsat-5,outputs/figures/karnali_79/epoch_frames/KAR-SET-020/1987.jpg,1987-12-27,0.9859,0.4544,0.838,0.0069,0.0859,True,30.0
KAR-SET-020_1992,KAR-SET-020,1992,LT05_L2SP_144040_19930305_02_T1,landsat-c2-l2,landsat-5,outputs/figures/karnali_79/epoch_frames/KAR-SET-020/1992.jpg,1993-03-05,1.0,0.3393,0.6078,0.0076,0.089,True,30.0
KAR-SET-020_1997,KAR-SET-020,1997,LT05_L2SP_144040_19970228_02_T1,landsat-c2-l2,landsat-5,outputs/figures/karnali_79/epoch_frames/KAR-SET-020/1997.jpg,1997-02-28,1.0,0.4653,0.8754,0.007,0.0713,True,30.0
KAR-SET-020_2002,KAR-SET-020,2002,LE07_L2SP_144040_20021101_02_T1,landsat-c2-l2,landsat-7,outputs/figures/karnali_79/epoch_frames/KAR-SET-020/2002.jpg,2002-11-01,1.0,0.5695,0.9594,0.0104,0.0619,True,30.0
KAR-SET-020_2007,KAR-SET-020,2007,LT05_L2SP_143040_20081102_02_T1,landsat-c2-l2,landsat-5,outputs/figures/karnali_79/epoch_frames/KAR-SET-020/2007.jpg,2008-11-02,1.0,0.5729,0.959,0.0123,0.065,True,30.0
KAR-SET-020_2012,KAR-SET-020,2012,LC08_L2SP_144040_20130413_02_T1,landsat-c2-l2,landsat-8,outputs/figures/karnali_79/epoch_frames/KAR-SET-020/2012.jpg,2013-04-13,1.0,0.4052,0.9236,0.0029,0.0898,True,30.0
KAR-SET-020_2017,KAR-SET-020,2017,S2A_MSIL2A_20170424T050651_R019_T44RNS_20210209T101115,sentinel-2-l2a,Sentinel-2A,outputs/figures/karnali_79/epoch_frames/KAR-SET-020/2017.jpg,2017-04-24,0.9995,0.3674,0.6271,0.0072,0.104,True,10.0
KAR-SET-020_2022,KAR-SET-020,2022,S2A_MSIL2A_20220408T050651_R019_T44RNS_20240524T030604,sentinel-2-l2a,Sentinel-2A,outputs/figures/karnali_79/epoch_frames/KAR-SET-020/2022.jpg,2022-04-08,1.0,0.4387,0.8198,0.0109,0.084,True,10.0
KAR-SET-020_2026,KAR-SET-020,2026,S2B_MSIL2A_20260303T050649_R019_T44RNS_20260303T091046,sentinel-2-l2a,Sentinel-2B,outputs/figures/karnali_79/epoch_frames/KAR-SET-020/2026.jpg,2026-03-03,1.0,0.5371,0.9177,0.0082,0.0632,True,10.0
KAR-SET-021_1972,KAR-SET-021,1972,LM01_L1TP_154040_19730209_02_T2,landsat-c2-l1,landsat-1,outputs/figures/karnali_79/epoch_frames/KAR-SET-021/1972.jpg,1973-02-09,1.0,0.1773,0.1123,0.2239,,False,60.0
KAR-SET-021_1977,KAR-SET-021,1977,LM02_L1TP_154040_19770323_02_T2,landsat-c2-l1,landsat-2,outputs/figures/karnali_79/epoch_frames/KAR-SET-021/1977.jpg,1977-03-23,1.0,0.0943,0.0,0.0116,,False,60.0
KAR-SET-021_1987,KAR-SET-021,1987,LT05_L2SP_143040_19880401_02_T1,landsat-c2-l2,landsat-5,outputs/figures/karnali_79/epoch_frames/KAR-SET-021/1987.jpg,1988-04-01,1.0,0.2603,0.3168,0.0181,0.12,True,30.0
KAR-SET-021_1992,KAR-SET-021,1992,LT05_L2SP_143040_19921106_02_T1,landsat-c2-l2,landsat-5,outputs/figures/karnali_79/epoch_frames/KAR-SET-021/1992.jpg,1992-11-06,1.0,0.4296,0.7654,0.0313,0.0832,True,30.0
KAR-SET-021_1997,KAR-SET-021,1997,LT05_L2SP_144040_19970228_02_T1,landsat-c2-l2,landsat-5,outputs/figures/karnali_79/epoch_frames/KAR-SET-021/1997.jpg,1997-02-28,1.0,0.444,0.8343,0.0179,0.0687,True,30.0
KAR-SET-021_2002,KAR-SET-021,2002,LE07_L2SP_143040_20021025_02_T1,landsat-c2-l2,landsat-7,outputs/figures/karnali_79/epoch_frames/KAR-SET-021/2002.jpg,2002-10-25,1.0,0.5262,0.8411,0.0296,0.0689,True,30.0
KAR-SET-021_2007,KAR-SET-021,2007,LT05_L2SP_143040_20081102_02_T1,landsat-c2-l2,landsat-5,outputs/figures/karnali_79/epoch_frames/KAR-SET-021/2007.jpg,2008-11-02,1.0,0.5206,0.8407,0.0328,0.0699,True,30.0
KAR-SET-021_2012,KAR-SET-021,2012,LT05_L2SP_144040_20110323_02_T1,landsat-c2-l2,landsat-5,outputs/figures/karnali_79/epoch_frames/KAR-SET-021/2012.jpg,2011-03-23,0.9992,0.3864,0.8176,0.0169,0.086,True,30.0
KAR-SET-021_2017,KAR-SET-021,2017,S2A_MSIL2A_20170424T050651_R019_T44RNS_20210209T101115,sentinel-2-l2a,Sentinel-2A,outputs/figures/karnali_79/epoch_frames/KAR-SET-021/2017.jpg,2017-04-24,0.9999,0.3767,0.6336,0.0247,0.1069,True,10.0
KAR-SET-021_2022,KAR-SET-021,2022,S2A_MSIL2A_20220408T050651_R019_T44RNS_20240524T030604,sentinel-2-l2a,Sentinel-2A,outputs/figures/karnali_79/epoch_frames/KAR-SET-021/2022.jpg,2022-04-08,1.0,0.4309,0.7535,0.0231,0.0864,True,10.0
KAR-SET-021_2026,KAR-SET-021,2026,S2B_MSIL2A_20260303T050649_R019_T44RNS_20260303T091046,sentinel-2-l2a,Sentinel-2B,outputs/figures/karnali_79/epoch_frames/KAR-SET-021/2026.jpg,2026-03-03,1.0,0.5077,0.8727,0.017,0.0675,True,10.0
KAR-SET-022_1972,KAR-SET-022,1972,LM01_L1GS_154040_19721111_02_T2,landsat-c2-l1,landsat-1,outputs/figures/karnali_79/epoch_frames/KAR-SET-022/1972.jpg,1972-11-11,0.9608,0.3763,0.853,0.0538,,False,60.0
KAR-SET-022_1977,KAR-SET-022,1977,LM02_L1TP_155040_19770324_02_T2,landsat-c2-l1,landsat-2,outputs/figures/karnali_79/epoch_frames/KAR-SET-022/1977.jpg,1977-03-24,1.0,0.1195,0.0,0.0013,,False,60.0
KAR-SET-022_1987,KAR-SET-022,1987,LT05_L2SP_144040_19890411_02_T1,landsat-c2-l2,landsat-5,outputs/figures/karnali_79/epoch_frames/KAR-SET-022/1987.jpg,1989-04-11,1.0,0.3719,0.7089,0.0,0.0972,True,30.0
KAR-SET-022_1992,KAR-SET-022,1992,LT05_L2SP_144040_19921028_02_T1,landsat-c2-l2,landsat-5,outputs/figures/karnali_79/epoch_frames/KAR-SET-022/1992.jpg,1992-10-28,1.0,0.5646,0.9838,0.0001,0.0661,True,30.0
KAR-SET-022_1997,KAR-SET-022,1997,LT05_L2SP_144040_19970228_02_T1,landsat-c2-l2,landsat-5,outputs/figures/karnali_79/epoch_frames/KAR-SET-022/1997.jpg,1997-02-28,1.0,0.5645,0.9665,0.0,0.0567,True,30.0
KAR-SET-022_2002,KAR-SET-022,2002,LE07_L2SP_144040_20021101_02_T1,landsat-c2-l2,landsat-7,outputs/figures/karnali_79/epoch_frames/KAR-SET-022/2002.jpg,2002-11-01,1.0,0.6219,0.9848,0.0,0.0559,True,30.0
KAR-SET-022_2007,KAR-SET-022,2007,LT05_L2SP_144040_20090418_02_T1,landsat-c2-l2,landsat-5,outputs/figures/karnali_79/epoch_frames/KAR-SET-022/2007.jpg,2009-04-18,1.0,0.2738,0.3229,0.0,0.1235,True,30.0
KAR-SET-022_2012,KAR-SET-022,2012,LC08_L2SP_144040_20130413_02_T1,landsat-c2-l2,landsat-8,outputs/figures/karnali_79/epoch_frames/KAR-SET-022/2012.jpg,2013-04-13,1.0,0.4433,0.9373,0.0,0.0903,True,30.0
KAR-SET-022_2017,KAR-SET-022,2017,S2A_MSIL2A_20170424T050651_R019_T44RNS_20210209T101115,sentinel-2-l2a,Sentinel-2A,outputs/figures/karnali_79/epoch_frames/KAR-SET-022/2017.jpg,2017-04-24,1.0,0.4151,0.7956,0.0,0.1027,True,10.0
KAR-SET-022_2022,KAR-SET-022,2022,S2A_MSIL2A_20220408T050651_R019_T44RNS_20240524T030604,sentinel-2-l2a,Sentinel-2A,outputs/figures/karnali_79/epoch_frames/KAR-SET-022/2022.jpg,2022-04-08,1.0,0.4905,0.9313,0.0,0.0801,True,10.0
KAR-SET-022_2026,KAR-SET-022,2026,S2B_MSIL2A_20260303T050649_R019_T44RNS_20260303T091046,sentinel-2-l2a,Sentinel-2B,outputs/figures/karnali_79/epoch_frames/KAR-SET-022/2026.jpg,2026-03-03,1.0,0.6041,0.9625,0.0,0.0615,True,10.0
KAR-SET-023_1972,KAR-SET-023,1972,LM01_L1TP_155040_19721130_02_T2,landsat-c2-l1,landsat-1,outputs/figures/karnali_79/epoch_frames/KAR-SET-023/1972.jpg,1972-11-30,1.0,0.3529,0.7804,0.0891,,False,60.0
KAR-SET-023_1977,KAR-SET-023,1977,LM02_L1TP_154040_19761030_02_T2,landsat-c2-l1,landsat-2,outputs/figures/karnali_79/epoch_frames/KAR-SET-023/1977.jpg,1976-10-30,1.0,0.4436,0.9205,0.0011,,False,60.0
KAR-SET-023_1987,KAR-SET-023,1987,LT05_L2SP_144040_19890411_02_T1,landsat-c2-l2,landsat-5,outputs/figures/karnali_79/epoch_frames/KAR-SET-023/1987.jpg,1989-04-11,1.0,0.4013,0.8709,0.0,0.0823,True,30.0
KAR-SET-023_1992,KAR-SET-023,1992,LT05_L2SP_144040_19921028_02_T1,landsat-c2-l2,landsat-5,outputs/figures/karnali_79/epoch_frames/KAR-SET-023/1992.jpg,1992-10-28,1.0,0.6402,0.9795,0.0015,0.0519,True,30.0
KAR-SET-023_1997,KAR-SET-023,1997,LT05_L2SP_144040_19970228_02_T1,landsat-c2-l2,landsat-5,outputs/figures/karnali_79/epoch_frames/KAR-SET-023/1997.jpg,1997-02-28,1.0,0.594,0.9679,0.0001,0.0479,True,30.0
KAR-SET-023_2002,KAR-SET-023,2002,LE07_L2SP_144040_20021101_02_T1,landsat-c2-l2,landsat-7,outputs/figures/karnali_79/epoch_frames/KAR-SET-023/2002.jpg,2002-11-01,1.0,0.6945,0.9874,0.0,0.0435,True,30.0
KAR-SET-023_2007,KAR-SET-023,2007,LT05_L2SP_143040_20081102_02_T1,landsat-c2-l2,landsat-5,outputs/figures/karnali_79/epoch_frames/KAR-SET-023/2007.jpg,2008-11-02,1.0,0.6967,0.9813,0.0,0.0474,True,30.0
KAR-SET-023_2012,KAR-SET-023,2012,LC08_L2SP_144040_20130413_02_T1,landsat-c2-l2,landsat-8,outputs/figures/karnali_79/epoch_frames/KAR-SET-023/2012.jpg,2013-04-13,1.0,0.4932,0.9716,0.0,0.0757,True,30.0
KAR-SET-023_2017,KAR-SET-023,2017,S2A_MSIL2A_20170424T050651_R019_T44RNS_20210209T101115,sentinel-2-l2a,Sentinel-2A,outputs/figures/karnali_79/epoch_frames/KAR-SET-023/2017.jpg,2017-04-24,1.0,0.4296,0.8541,0.0,0.0949,True,10.0
KAR-SET-023_2022,KAR-SET-023,2022,S2A_MSIL2A_20220408T050651_R019_T44RNS_20240524T030604,sentinel-2-l2a,Sentinel-2A,outputs/figures/karnali_79/epoch_frames/KAR-SET-023/2022.jpg,2022-04-08,1.0,0.5437,0.9247,0.0,0.0729,True,10.0
KAR-SET-023_2026,KAR-SET-023,2026,S2B_MSIL2A_20260303T050649_R019_T44RNS_20260303T091046,sentinel-2-l2a,Sentinel-2B,outputs/figures/karnali_79/epoch_frames/KAR-SET-023/2026.jpg,2026-03-03,1.0,0.5906,0.9495,0.0,0.0593,True,10.0
KAR-SET-024_1972,KAR-SET-024,1972,LM01_L1TP_154040_19721217_02_T2,landsat-c2-l1,landsat-1,outputs/figures/karnali_79/epoch_frames/KAR-SET-024/1972.jpg,1972-12-17,1.0,0.1466,0.0321,0.5304,,False,60.0
KAR-SET-024_1977,KAR-SET-024,1977,LM02_L1TP_154040_19770323_02_T2,landsat-c2-l1,landsat-2,outputs/figures/karnali_79/epoch_frames/KAR-SET-024/1977.jpg,1977-03-23,1.0,0.1351,0.0011,0.0038,,False,60.0
KAR-SET-024_1987,KAR-SET-024,1987,LT05_L2SP_143040_19871227_02_T1,landsat-c2-l2,landsat-5,outputs/figures/karnali_79/epoch_frames/KAR-SET-024/1987.jpg,1987-12-27,1.0,0.4634,0.9357,0.0592,0.0623,True,30.0
KAR-SET-024_1992,KAR-SET-024,1992,LT05_L2SP_144040_19921215_02_T1,landsat-c2-l2,landsat-5,outputs/figures/karnali_79/epoch_frames/KAR-SET-024/1992.jpg,1992-12-15,0.9819,0.4424,0.9561,0.0895,0.0614,True,30.0
KAR-SET-024_1997,KAR-SET-024,1997,LT05_L2SP_144040_19970228_02_T1,landsat-c2-l2,landsat-5,outputs/figures/karnali_79/epoch_frames/KAR-SET-024/1997.jpg,1997-02-28,1.0,0.4419,0.9276,0.0003,0.0588,True,30.0
KAR-SET-024_2002,KAR-SET-024,2002,LE07_L2SP_144040_20021101_02_T1,landsat-c2-l2,landsat-7,outputs/figures/karnali_79/epoch_frames/KAR-SET-024/2002.jpg,2002-11-01,1.0,0.6,0.9876,0.0,0.049,True,30.0
KAR-SET-024_2007,KAR-SET-024,2007,LT05_L2SP_143040_20081102_02_T1,landsat-c2-l2,landsat-5,outputs/figures/karnali_79/epoch_frames/KAR-SET-024/2007.jpg,2008-11-02,1.0,0.5843,0.9878,0.0001,0.0558,True,30.0
KAR-SET-024_2012,KAR-SET-024,2012,LC08_L2SP_144040_20130413_02_T1,landsat-c2-l2,landsat-8,outputs/figures/karnali_79/epoch_frames/KAR-SET-024/2012.jpg,2013-04-13,1.0,0.4466,0.9911,0.0,0.0745,True,30.0
KAR-SET-024_2017,KAR-SET-024,2017,S2A_MSIL2A_20170424T050651_R019_T44RNS_20210209T101115,sentinel-2-l2a,Sentinel-2A,outputs/figures/karnali_79/epoch_frames/KAR-SET-024/2017.jpg,2017-04-24,1.0,0.4619,0.9177,0.0,0.092,True,10.0
KAR-SET-024_2022,KAR-SET-024,2022,S2A_MSIL2A_20220408T050651_R019_T44RNS_20240524T030604,sentinel-2-l2a,Sentinel-2A,outputs/figures/karnali_79/epoch_frames/KAR-SET-024/2022.jpg,2022-04-08,1.0,0.4602,0.8898,0.0,0.0874,True,10.0
KAR-SET-024_2026,KAR-SET-024,2026,S2B_MSIL2A_20260303T050649_R019_T44RNS_20260303T091046,sentinel-2-l2a,Sentinel-2B,outputs/figures/karnali_79/epoch_frames/KAR-SET-024/2026.jpg,2026-03-03,1.0,0.558,0.9266,0.0,0.068,True,10.0
KAR-SET-025_1972,KAR-SET-025,1972,LM01_L1TP_154040_19721217_02_T2,landsat-c2-l1,landsat-1,outputs/figures/karnali_79/epoch_frames/KAR-SET-025/1972.jpg,1972-12-17,1.0,0.1732,0.1297,0.1845,,False,60.0
KAR-SET-025_1977,KAR-SET-025,1977,LM02_L1TP_154040_19770323_02_T2,landsat-c2-l1,landsat-2,outputs/figures/karnali_79/epoch_frames/KAR-SET-025/1977.jpg,1977-03-23,1.0,0.0895,0.0,0.0036,,False,60.0
KAR-SET-025_1987,KAR-SET-025,1987,LT05_L2SP_143040_19871227_02_T1,landsat-c2-l2,landsat-5,outputs/figures/karnali_79/epoch_frames/KAR-SET-025/1987.jpg,1987-12-27,1.0,0.4161,0.7512,0.0228,0.0843,True,30.0
KAR-SET-025_1992,KAR-SET-025,1992,LT05_L2SP_143040_19921106_02_T1,landsat-c2-l2,landsat-5,outputs/figures/karnali_79/epoch_frames/KAR-SET-025/1992.jpg,1992-11-06,1.0,0.4308,0.809,0.0285,0.0886,True,30.0
KAR-SET-025_1997,KAR-SET-025,1997,LT05_L2SP_143040_19970309_02_T1,landsat-c2-l2,landsat-5,outputs/figures/karnali_79/epoch_frames/KAR-SET-025/1997.jpg,1997-03-09,0.9999,0.2877,0.437,0.0131,0.1206,True,30.0
KAR-SET-025_2002,KAR-SET-025,2002,LE07_L2SP_143040_20021025_02_T1,landsat-c2-l2,landsat-7,outputs/figures/karnali_79/epoch_frames/KAR-SET-025/2002.jpg,2002-10-25,1.0,0.4684,0.8052,0.0282,0.0817,True,30.0
KAR-SET-025_2007,KAR-SET-025,2007,LT05_L2SP_143040_20080424_02_T1,landsat-c2-l2,landsat-5,outputs/figures/karnali_79/epoch_frames/KAR-SET-025/2007.jpg,2008-04-24,1.0,0.2029,0.0793,0.0192,0.1476,True,30.0
KAR-SET-025_2012,KAR-SET-025,2012,LC08_L2SP_143040_20131031_02_T1,landsat-c2-l2,landsat-8,outputs/figures/karnali_79/epoch_frames/KAR-SET-025/2012.jpg,2013-10-31,1.0,0.6066,0.9335,0.0261,0.0678,True,30.0
KAR-SET-025_2017,KAR-SET-025,2017,S2A_MSIL2A_20170424T050651_R019_T44RNS_20210209T101115,sentinel-2-l2a,Sentinel-2A,outputs/figures/karnali_79/epoch_frames/KAR-SET-025/2017.jpg,2017-04-24,0.9982,0.2814,0.4294,0.0209,0.1204,True,10.0
KAR-SET-025_2022,KAR-SET-025,2022,S2A_MSIL2A_20220408T050651_R019_T44RNS_20240524T030604,sentinel-2-l2a,Sentinel-2A,outputs/figures/karnali_79/epoch_frames/KAR-SET-025/2022.jpg,2022-04-08,1.0,0.3831,0.6969,0.0186,0.0985,True,10.0
KAR-SET-025_2026,KAR-SET-025,2026,S2B_MSIL2A_20260303T050649_R019_T44RNS_20260303T091046,sentinel-2-l2a,Sentinel-2B,outputs/figures/karnali_79/epoch_frames/KAR-SET-025/2026.jpg,2026-03-03,1.0,0.3638,0.6093,0.0121,0.095,True,10.0
KAR-SET-026_1972,KAR-SET-026,1972,LM01_L1TP_154040_19721217_02_T2,landsat-c2-l1,landsat-1,outputs/figures/karnali_79/epoch_frames/KAR-SET-026/1972.jpg,1972-12-17,1.0,0.1906,0.1869,0.2912,,False,60.0
KAR-SET-026_1977,KAR-SET-026,1977,LM02_L1TP_154040_19770323_02_T2,landsat-c2-l1,landsat-2,outputs/figures/karnali_79/epoch_frames/KAR-SET-026/1977.jpg,1977-03-23,1.0,0.1194,0.0,0.0127,,False,60.0
KAR-SET-026_1987,KAR-SET-026,1987,LT05_L2SP_143040_19871227_02_T1,landsat-c2-l2,landsat-5,outputs/figures/karnali_79/epoch_frames/KAR-SET-026/1987.jpg,1987-12-27,1.0,0.481,0.927,0.1504,0.0698,True,30.0
KAR-SET-026_1992,KAR-SET-026,1992,LT05_L2SP_143040_19921106_02_T1,landsat-c2-l2,landsat-5,outputs/figures/karnali_79/epoch_frames/KAR-SET-026/1992.jpg,1992-11-06,1.0,0.502,0.948,0.0796,0.0702,True,30.0
KAR-SET-026_1997,KAR-SET-026,1997,LT05_L2SP_143040_19970309_02_T1,landsat-c2-l2,landsat-5,outputs/figures/karnali_79/epoch_frames/KAR-SET-026/1997.jpg,1997-03-09,1.0,0.347,0.716,0.0013,0.1019,True,30.0
KAR-SET-026_2002,KAR-SET-026,2002,LE07_L2SP_143040_20021025_02_T1,landsat-c2-l2,landsat-7,outputs/figures/karnali_79/epoch_frames/KAR-SET-026/2002.jpg,2002-10-25,1.0,0.5853,0.9807,0.0058,0.0598,True,30.0
KAR-SET-026_2007,KAR-SET-026,2007,LT05_L2SP_143040_20080424_02_T1,landsat-c2-l2,landsat-5,outputs/figures/karnali_79/epoch_frames/KAR-SET-026/2007.jpg,2008-04-24,1.0,0.2264,0.0287,0.0028,0.1281,True,30.0
KAR-SET-026_2012,KAR-SET-026,2012,LC08_L2SP_143040_20131031_02_T1,landsat-c2-l2,landsat-8,outputs/figures/karnali_79/epoch_frames/KAR-SET-026/2012.jpg,2013-10-31,1.0,0.6179,0.9892,0.0015,0.0584,True,30.0
KAR-SET-026_2017,KAR-SET-026,2017,S2A_MSIL2A_20170424T050651_R019_T44RNS_20210209T101115,sentinel-2-l2a,Sentinel-2A,outputs/figures/karnali_79/epoch_frames/KAR-SET-026/2017.jpg,2017-04-24,1.0,0.394,0.7279,0.0,0.1011,True,10.0
KAR-SET-026_2022,KAR-SET-026,2022,S2B_MSIL2A_20221119T051109_R019_T44RPS_20221119T163418,sentinel-2-l2a,Sentinel-2B,outputs/figures/karnali_79/epoch_frames/KAR-SET-026/2022.jpg,2022-11-19,1.0,0.5778,0.9465,0.003,0.0669,True,10.0
KAR-SET-026_2026,KAR-SET-026,2026,S2B_MSIL2A_20260303T050649_R019_T44RNS_20260303T091046,sentinel-2-l2a,Sentinel-2B,outputs/figures/karnali_79/epoch_frames/KAR-SET-026/2026.jpg,2026-03-03,1.0,0.4672,0.8387,0.0,0.0835,True,10.0
KAR-SET-027_1972,KAR-SET-027,1972,LM01_L1TP_154040_19721217_02_T2,landsat-c2-l1,landsat-1,outputs/figures/karnali_79/epoch_frames/KAR-SET-027/1972.jpg,1972-12-17,1.0,0.2852,0.5304,0.1791,,False,60.0
KAR-SET-027_1977,KAR-SET-027,1977,LM02_L1TP_154040_19770323_02_T2,landsat-c2-l1,landsat-2,outputs/figures/karnali_79/epoch_frames/KAR-SET-027/1977.jpg,1977-03-23,1.0,0.1512,0.0004,0.0051,,False,60.0
KAR-SET-027_1987,KAR-SET-027,1987,LT05_L2SP_143040_19871227_02_T1,landsat-c2-l2,landsat-5,outputs/figures/karnali_79/epoch_frames/KAR-SET-027/1987.jpg,1987-12-27,0.994,0.5746,0.9354,0.0431,0.0656,True,30.0
KAR-SET-027_1992,KAR-SET-027,1992,LT05_L2SP_143040_19921106_02_T1,landsat-c2-l2,landsat-5,outputs/figures/karnali_79/epoch_frames/KAR-SET-027/1992.jpg,1992-11-06,1.0,0.5693,0.917,0.029,0.067,True,30.0
KAR-SET-027_1997,KAR-SET-027,1997,LT05_L2SP_143040_19970309_02_T1,landsat-c2-l2,landsat-5,outputs/figures/karnali_79/epoch_frames/KAR-SET-027/1997.jpg,1997-03-09,0.9999,0.479,0.8993,0.0084,0.0828,True,30.0
KAR-SET-027_2002,KAR-SET-027,2002,LE07_L2SP_143040_20021025_02_T1,landsat-c2-l2,landsat-7,outputs/figures/karnali_79/epoch_frames/KAR-SET-027/2002.jpg,2002-10-25,1.0,0.6659,0.9391,0.0142,0.0523,True,30.0
KAR-SET-027_2007,KAR-SET-027,2007,LT05_L2SP_143040_20080424_02_T1,landsat-c2-l2,landsat-5,outputs/figures/karnali_79/epoch_frames/KAR-SET-027/2007.jpg,2008-04-24,1.0,0.2917,0.4441,0.0103,0.1257,True,30.0
KAR-SET-027_2012,KAR-SET-027,2012,LC08_L2SP_143040_20131031_02_T1,landsat-c2-l2,landsat-8,outputs/figures/karnali_79/epoch_frames/KAR-SET-027/2012.jpg,2013-10-31,1.0,0.7092,0.9564,0.0124,0.0516,True,30.0
KAR-SET-027_2017,KAR-SET-027,2017,S2A_MSIL2A_20181026T050901_R019_T44RPS_20201009T152443,sentinel-2-l2a,Sentinel-2A,outputs/figures/karnali_79/epoch_frames/KAR-SET-027/2017.jpg,2018-10-26,0.9938,0.678,0.9171,0.012,0.0571,True,10.0
KAR-SET-027_2022,KAR-SET-027,2022,S2B_MSIL2A_20221119T051109_R019_T44RPS_20221119T163418,sentinel-2-l2a,Sentinel-2B,outputs/figures/karnali_79/epoch_frames/KAR-SET-027/2022.jpg,2022-11-19,1.0,0.676,0.9144,0.0184,0.0538,True,10.0
KAR-SET-027_2026,KAR-SET-027,2026,S2C_MSIL2A_20260117T051141_R019_T44RPS_20260117T083616,sentinel-2-l2a,Sentinel-2C,outputs/figures/karnali_79/epoch_frames/KAR-SET-027/2026.jpg,2026-01-17,1.0,0.6234,0.9218,0.0146,0.0583,True,10.0
KAR-SET-028_1972,KAR-SET-028,1972,LM01_L1TP_154040_19721217_02_T2,landsat-c2-l1,landsat-1,outputs/figures/karnali_79/epoch_frames/KAR-SET-028/1972.jpg,1972-12-17,1.0,0.2187,0.2702,0.3056,,False,60.0
KAR-SET-028_1977,KAR-SET-028,1977,LM02_L1TP_154040_19770323_02_T2,landsat-c2-l1,landsat-2,outputs/figures/karnali_79/epoch_frames/KAR-SET-028/1977.jpg,1977-03-23,1.0,0.1106,0.0,0.0053,,False,60.0
KAR-SET-028_1987,KAR-SET-028,1987,LT05_L2SP_143040_19871227_02_T1,landsat-c2-l2,landsat-5,outputs/figures/karnali_79/epoch_frames/KAR-SET-028/1987.jpg,1987-12-27,0.9999,0.5082,0.9146,0.1197,0.0641,True,30.0
KAR-SET-028_1992,KAR-SET-028,1992,LT05_L2SP_143040_19921106_02_T1,landsat-c2-l2,landsat-5,outputs/figures/karnali_79/epoch_frames/KAR-SET-028/1992.jpg,1992-11-06,1.0,0.5334,0.9514,0.0418,0.067,True,30.0
KAR-SET-028_1997,KAR-SET-028,1997,LT05_L2SP_143040_19970309_02_T1,landsat-c2-l2,landsat-5,outputs/figures/karnali_79/epoch_frames/KAR-SET-028/1997.jpg,1997-03-09,1.0,0.3757,0.7494,0.0106,0.0925,True,30.0
KAR-SET-028_2002,KAR-SET-028,2002,LE07_L2SP_143040_20021025_02_T1,landsat-c2-l2,landsat-7,outputs/figures/karnali_79/epoch_frames/KAR-SET-028/2002.jpg,2002-10-25,1.0,0.6385,0.9687,0.0107,0.0543,True,30.0
KAR-SET-028_2007,KAR-SET-028,2007,LT05_L2SP_143040_20080424_02_T1,landsat-c2-l2,landsat-5,outputs/figures/karnali_79/epoch_frames/KAR-SET-028/2007.jpg,2008-04-24,1.0,0.2031,0.0161,0.0119,0.1321,True,30.0
KAR-SET-028_2012,KAR-SET-028,2012,LC08_L2SP_143040_20131031_02_T1,landsat-c2-l2,landsat-8,outputs/figures/karnali_79/epoch_frames/KAR-SET-028/2012.jpg,2013-10-31,1.0,0.6873,0.9774,0.0117,0.0515,True,30.0
KAR-SET-028_2017,KAR-SET-028,2017,S2A_MSIL2A_20181026T050901_R019_T44RPS_20201009T152443,sentinel-2-l2a,Sentinel-2A,outputs/figures/karnali_79/epoch_frames/KAR-SET-028/2017.jpg,2018-10-26,1.0,0.6199,0.9129,0.0125,0.0679,True,10.0
KAR-SET-028_2022,KAR-SET-028,2022,S2B_MSIL2A_20221119T051109_R019_T44RPS_20221119T163418,sentinel-2-l2a,Sentinel-2B,outputs/figures/karnali_79/epoch_frames/KAR-SET-028/2022.jpg,2022-11-19,1.0,0.6473,0.9294,0.0139,0.0582,True,10.0
KAR-SET-028_2026,KAR-SET-028,2026,S2C_MSIL2A_20260117T051141_R019_T44RPS_20260117T083616,sentinel-2-l2a,Sentinel-2C,outputs/figures/karnali_79/epoch_frames/KAR-SET-028/2026.jpg,2026-01-17,1.0,0.5687,0.8948,0.0077,0.0668,True,10.0
KAR-SET-029_1972,KAR-SET-029,1972,LM01_L1TP_154040_19721217_02_T2,landsat-c2-l1,landsat-1,outputs/figures/karnali_79/epoch_frames/KAR-SET-029/1972.jpg,1972-12-17,1.0,0.1621,0.0766,0.4206,,False,60.0
KAR-SET-029_1977,KAR-SET-029,1977,LM02_L1TP_154040_19770323_02_T2,landsat-c2-l1,landsat-2,outputs/figures/karnali_79/epoch_frames/KAR-SET-029/1977.jpg,1977-03-23,1.0,0.1669,0.0417,0.0002,,False,60.0
KAR-SET-029_1987,KAR-SET-029,1987,LT05_L2SP_143040_19871227_02_T1,landsat-c2-l2,landsat-5,outputs/figures/karnali_79/epoch_frames/KAR-SET-029/1987.jpg,1987-12-27,1.0,0.4787,0.9352,0.054,0.0662,True,30.0
KAR-SET-029_1992,KAR-SET-029,1992,LT05_L2SP_143040_19910325_02_T1,landsat-c2-l2,landsat-5,outputs/figures/karnali_79/epoch_frames/KAR-SET-029/1992.jpg,1991-03-25,1.0,0.4595,0.893,0.0,0.0756,True,30.0
KAR-SET-029_1997,KAR-SET-029,1997,LT05_L2SP_144040_19970228_02_T1,landsat-c2-l2,landsat-5,outputs/figures/karnali_79/epoch_frames/KAR-SET-029/1997.jpg,1997-02-28,1.0,0.4643,0.8756,0.0001,0.0651,True,30.0
KAR-SET-029_2002,KAR-SET-029,2002,LE07_L2SP_143040_20021025_02_T1,landsat-c2-l2,landsat-7,outputs/figures/karnali_79/epoch_frames/KAR-SET-029/2002.jpg,2002-10-25,1.0,0.6185,0.988,0.0001,0.0539,True,30.0
KAR-SET-029_2007,KAR-SET-029,2007,LT05_L2SP_143040_20081102_02_T1,landsat-c2-l2,landsat-5,outputs/figures/karnali_79/epoch_frames/KAR-SET-029/2007.jpg,2008-11-02,1.0,0.5562,0.9605,0.0018,0.0602,True,30.0
KAR-SET-029_2012,KAR-SET-029,2012,LC08_L2SP_144040_20130413_02_T1,landsat-c2-l2,landsat-8,outputs/figures/karnali_79/epoch_frames/KAR-SET-029/2012.jpg,2013-04-13,1.0,0.499,0.9546,0.0,0.0781,True,30.0
KAR-SET-029_2017,KAR-SET-029,2017,S2A_MSIL2A_20170424T050651_R019_T44RNS_20210209T101115,sentinel-2-l2a,Sentinel-2A,outputs/figures/karnali_79/epoch_frames/KAR-SET-029/2017.jpg,2017-04-24,1.0,0.5408,0.8833,0.0,0.0763,True,10.0
KAR-SET-029_2022,KAR-SET-029,2022,S2A_MSIL2A_20220408T050651_R019_T44RNS_20240524T030604,sentinel-2-l2a,Sentinel-2A,outputs/figures/karnali_79/epoch_frames/KAR-SET-029/2022.jpg,2022-04-08,1.0,0.5127,0.8701,0.0,0.0847,True,10.0
KAR-SET-029_2026,KAR-SET-029,2026,S2B_MSIL2A_20260303T050649_R019_T44RNS_20260303T091046,sentinel-2-l2a,Sentinel-2B,outputs/figures/karnali_79/epoch_frames/KAR-SET-029/2026.jpg,2026-03-03,1.0,0.5694,0.8795,0.0,0.0673,True,10.0
KAR-SET-030_1972,KAR-SET-030,1972,LM01_L1TP_154040_19721217_02_T2,landsat-c2-l1,landsat-1,outputs/figures/karnali_79/epoch_frames/KAR-SET-030/1972.jpg,1972-12-17,1.0,0.2313,0.3197,0.4536,,False,60.0
KAR-SET-030_1977,KAR-SET-030,1977,LM02_L1TP_154040_19770323_02_T2,landsat-c2-l1,landsat-2,outputs/figures/karnali_79/epoch_frames/KAR-SET-030/1977.jpg,1977-03-23,1.0,0.1856,0.0087,0.0056,,False,60.0
KAR-SET-030_1987,KAR-SET-030,1987,LT05_L2SP_143040_19871227_02_T1,landsat-c2-l2,landsat-5,outputs/figures/karnali_79/epoch_frames/KAR-SET-030/1987.jpg,1987-12-27,1.0,0.5579,0.969,0.1596,0.0423,True,30.0
KAR-SET-030_1992,KAR-SET-030,1992,LT05_L2SP_143040_19921106_02_T1,landsat-c2-l2,landsat-5,outputs/figures/karnali_79/epoch_frames/KAR-SET-030/1992.jpg,1992-11-06,1.0,0.5989,0.9899,0.0491,0.0444,True,30.0
KAR-SET-030_1997,KAR-SET-030,1997,LT05_L2SP_143040_19970309_02_T1,landsat-c2-l2,landsat-5,outputs/figures/karnali_79/epoch_frames/KAR-SET-030/1997.jpg,1997-03-09,1.0,0.4698,0.9648,0.0107,0.0607,True,30.0
KAR-SET-030_2002,KAR-SET-030,2002,LE07_L2SP_143040_20021025_02_T1,landsat-c2-l2,landsat-7,outputs/figures/karnali_79/epoch_frames/KAR-SET-030/2002.jpg,2002-10-25,1.0,0.7373,0.9971,0.0001,0.0334,True,30.0
KAR-SET-030_2007,KAR-SET-030,2007,LT05_L2SP_143040_20080424_02_T1,landsat-c2-l2,landsat-5,outputs/figures/karnali_79/epoch_frames/KAR-SET-030/2007.jpg,2008-04-24,1.0,0.3728,0.6631,0.0007,0.0958,True,30.0
KAR-SET-030_2012,KAR-SET-030,2012,LC08_L2SP_143040_20131031_02_T1,landsat-c2-l2,landsat-8,outputs/figures/karnali_79/epoch_frames/KAR-SET-030/2012.jpg,2013-10-31,1.0,0.7448,0.9983,0.0,0.0348,True,30.0
KAR-SET-030_2017,KAR-SET-030,2017,S2A_MSIL2A_20181026T050901_R019_T44RPS_20201009T152443,sentinel-2-l2a,Sentinel-2A,outputs/figures/karnali_79/epoch_frames/KAR-SET-030/2017.jpg,2018-10-26,1.0,0.7221,0.9807,0.0,0.0461,True,10.0
KAR-SET-030_2022,KAR-SET-030,2022,S2B_MSIL2A_20221119T051109_R019_T44RPS_20221119T163418,sentinel-2-l2a,Sentinel-2B,outputs/figures/karnali_79/epoch_frames/KAR-SET-030/2022.jpg,2022-11-19,1.0,0.7426,0.9894,0.0,0.041,True,10.0
KAR-SET-030_2026,KAR-SET-030,2026,S2C_MSIL2A_20260117T051141_R019_T44RPS_20260117T083616,sentinel-2-l2a,Sentinel-2C,outputs/figures/karnali_79/epoch_frames/KAR-SET-030/2026.jpg,2026-01-17,1.0,0.6596,0.9668,0.0001,0.0494,True,10.0
KAR-SET-031_1972,KAR-SET-031,1972,LM01_L1TP_154040_19721217_02_T2,landsat-c2-l1,landsat-1,outputs/figures/karnali_79/epoch_frames/KAR-SET-031/1972.jpg,1972-12-17,1.0,0.1513,0.1156,0.4939,,False,60.0
KAR-SET-031_1977,KAR-SET-031,1977,LM02_L1TP_154040_19770323_02_T2,landsat-c2-l1,landsat-2,outputs/figures/karnali_79/epoch_frames/KAR-SET-031/1977.jpg,1977-03-23,1.0,0.1897,0.0417,0.0,,False,60.0
KAR-SET-031_1987,KAR-SET-031,1987,LT05_L2SP_143040_19871227_02_T1,landsat-c2-l2,landsat-5,outputs/figures/karnali_79/epoch_frames/KAR-SET-031/1987.jpg,1987-12-27,1.0,0.4846,0.9101,0.1157,0.0512,True,30.0
KAR-SET-031_1992,KAR-SET-031,1992,LT05_L2SP_143040_19921106_02_T1,landsat-c2-l2,landsat-5,outputs/figures/karnali_79/epoch_frames/KAR-SET-031/1992.jpg,1992-11-06,1.0,0.5563,0.9821,0.0235,0.0501,True,30.0
KAR-SET-031_1997,KAR-SET-031,1997,LT05_L2SP_143040_19970309_02_T1,landsat-c2-l2,landsat-5,outputs/figures/karnali_79/epoch_frames/KAR-SET-031/1997.jpg,1997-03-09,1.0,0.4325,0.8314,0.004,0.0722,True,30.0
KAR-SET-031_2002,KAR-SET-031,2002,LE07_L2SP_143040_20021025_02_T1,landsat-c2-l2,landsat-7,outputs/figures/karnali_79/epoch_frames/KAR-SET-031/2002.jpg,2002-10-25,1.0,0.6957,0.9957,0.0,0.0382,True,30.0
KAR-SET-031_2007,KAR-SET-031,2007,LT05_L2SP_143040_20080424_02_T1,landsat-c2-l2,landsat-5,outputs/figures/karnali_79/epoch_frames/KAR-SET-031/2007.jpg,2008-04-24,1.0,0.4485,0.9558,0.0,0.0922,True,30.0
KAR-SET-031_2012,KAR-SET-031,2012,LC08_L2SP_143040_20131031_02_T1,landsat-c2-l2,landsat-8,outputs/figures/karnali_79/epoch_frames/KAR-SET-031/2012.jpg,2013-10-31,1.0,0.7266,0.9971,0.0,0.0375,True,30.0
KAR-SET-031_2017,KAR-SET-031,2017,S2A_MSIL2A_20160310T050632_R019_T44RPS_20210528T130338,sentinel-2-l2a,Sentinel-2A,outputs/figures/karnali_79/epoch_frames/KAR-SET-031/2017.jpg,2016-03-10,0.555,0.6134,0.9244,0.0,0.0538,True,10.0
KAR-SET-031_2022,KAR-SET-031,2022,S2B_MSIL2A_20221129T051149_R019_T44RPT_20221130T153301,sentinel-2-l2a,Sentinel-2B,outputs/figures/karnali_79/epoch_frames/KAR-SET-031/2022.jpg,2022-11-29,1.0,0.6791,0.9717,0.0,0.0471,True,10.0
KAR-SET-031_2026,KAR-SET-031,2026,S2B_MSIL2A_20251014T050659_R019_T44RPT_20251014T082528,sentinel-2-l2a,Sentinel-2B,outputs/figures/karnali_79/epoch_frames/KAR-SET-031/2026.jpg,2025-10-14,1.0,0.7753,0.9895,0.0002,0.0424,True,10.0
KAR-SET-032_1972,KAR-SET-032,1972,LM01_L1TP_154040_19721217_02_T2,landsat-c2-l1,landsat-1,outputs/figures/karnali_79/epoch_frames/KAR-SET-032/1972.jpg,1972-12-17,1.0,0.2065,0.1412,0.3829,,False,60.0
KAR-SET-032_1977,KAR-SET-032,1977,LM02_L1TP_154040_19770323_02_T2,landsat-c2-l1,landsat-2,outputs/figures/karnali_79/epoch_frames/KAR-SET-032/1977.jpg,1977-03-23,1.0,0.1123,0.0,0.0169,,False,60.0
KAR-SET-032_1987,KAR-SET-032,1987,LT05_L2SP_143040_19871227_02_T1,landsat-c2-l2,landsat-5,outputs/figures/karnali_79/epoch_frames/KAR-SET-032/1987.jpg,1987-12-27,1.0,0.5445,0.9574,0.071,0.0561,True,30.0
KAR-SET-032_1992,KAR-SET-032,1992,LT05_L2SP_143040_19921106_02_T1,landsat-c2-l2,landsat-5,outputs/figures/karnali_79/epoch_frames/KAR-SET-032/1992.jpg,1992-11-06,1.0,0.5311,0.9603,0.0183,0.0608,True,30.0
KAR-SET-032_1997,KAR-SET-032,1997,LT05_L2SP_143040_19970309_02_T1,landsat-c2-l2,landsat-5,outputs/figures/karnali_79/epoch_frames/KAR-SET-032/1997.jpg,1997-03-09,1.0,0.3856,0.7952,0.0011,0.0892,True,30.0
KAR-SET-032_2002,KAR-SET-032,2002,LE07_L2SP_143040_20021025_02_T1,landsat-c2-l2,landsat-7,outputs/figures/karnali_79/epoch_frames/KAR-SET-032/2002.jpg,2002-10-25,1.0,0.6613,0.979,0.0006,0.0458,True,30.0
KAR-SET-032_2007,KAR-SET-032,2007,LT05_L2SP_143040_20081102_02_T1,landsat-c2-l2,landsat-5,outputs/figures/karnali_79/epoch_frames/KAR-SET-032/2007.jpg,2008-11-02,1.0,0.6149,0.9676,0.0066,0.0529,True,30.0
KAR-SET-032_2012,KAR-SET-032,2012,LC08_L2SP_143040_20131031_02_T1,landsat-c2-l2,landsat-8,outputs/figures/karnali_79/epoch_frames/KAR-SET-032/2012.jpg,2013-10-31,1.0,0.7307,0.9859,0.0003,0.0426,True,30.0
KAR-SET-032_2017,KAR-SET-032,2017,S2A_MSIL2A_20170424T050651_R019_T44RNS_20210209T101115,sentinel-2-l2a,Sentinel-2A,outputs/figures/karnali_79/epoch_frames/KAR-SET-032/2017.jpg,2017-04-24,1.0,0.4103,0.7478,0.0,0.09,True,10.0
KAR-SET-032_2022,KAR-SET-032,2022,S2A_MSIL2A_20220408T050651_R019_T44RNS_20240524T030604,sentinel-2-l2a,Sentinel-2A,outputs/figures/karnali_79/epoch_frames/KAR-SET-032/2022.jpg,2022-04-08,1.0,0.4338,0.7967,0.0,0.086,True,10.0
KAR-SET-032_2026,KAR-SET-032,2026,S2B_MSIL2A_20260303T050649_R019_T44RNS_20260303T091046,sentinel-2-l2a,Sentinel-2B,outputs/figures/karnali_79/epoch_frames/KAR-SET-032/2026.jpg,2026-03-03,1.0,0.5339,0.8943,0.0,0.0673,True,10.0
KAR-SET-033_1972,KAR-SET-033,1972,LM01_L1TP_155040_19721130_02_T2,landsat-c2-l1,landsat-1,outputs/figures/karnali_79/epoch_frames/KAR-SET-033/1972.jpg,1972-11-30,1.0,0.1525,0.147,0.4435,,False,60.0
KAR-SET-033_1977,KAR-SET-033,1977,LM02_L1TP_155040_19770324_02_T2,landsat-c2-l1,landsat-2,outputs/figures/karnali_79/epoch_frames/KAR-SET-033/1977.jpg,1977-03-24,1.0,0.07,0.0,0.051,,False,60.0
KAR-SET-033_1987,KAR-SET-033,1987,LT05_L2SP_144040_19890411_02_T1,landsat-c2-l2,landsat-5,outputs/figures/karnali_79/epoch_frames/KAR-SET-033/1987.jpg,1989-04-11,0.9998,0.2943,0.5618,0.0289,0.1061,True,30.0
KAR-SET-033_1992,KAR-SET-033,1992,LT05_L2SP_144040_19921028_02_T1,landsat-c2-l2,landsat-5,outputs/figures/karnali_79/epoch_frames/KAR-SET-033/1992.jpg,1992-10-28,0.9994,0.4266,0.7969,0.098,0.077,True,30.0
KAR-SET-033_1997,KAR-SET-033,1997,LT05_L2SP_144040_19970228_02_T1,landsat-c2-l2,landsat-5,outputs/figures/karnali_79/epoch_frames/KAR-SET-033/1997.jpg,1997-02-28,1.0,0.3885,0.7509,0.0226,0.0768,True,30.0
KAR-SET-033_2002,KAR-SET-033,2002,LE07_L2SP_144040_20021101_02_T1,landsat-c2-l2,landsat-7,outputs/figures/karnali_79/epoch_frames/KAR-SET-033/2002.jpg,2002-11-01,0.9994,0.4842,0.7917,0.0365,0.0675,True,30.0
KAR-SET-033_2007,KAR-SET-033,2007,LT05_L2SP_144040_20081109_02_T1,landsat-c2-l2,landsat-5,outputs/figures/karnali_79/epoch_frames/KAR-SET-033/2007.jpg,2008-11-09,0.9991,0.4521,0.7784,0.0861,0.0722,True,30.0
KAR-SET-033_2012,KAR-SET-033,2012,LC08_L2SP_144040_20130413_02_T1,landsat-c2-l2,landsat-8,outputs/figures/karnali_79/epoch_frames/KAR-SET-033/2012.jpg,2013-04-13,0.9994,0.3666,0.7642,0.0157,0.0983,True,30.0
KAR-SET-033_2017,KAR-SET-033,2017,S2A_MSIL2A_20170124T051101_R019_T44RNT_20210207T175513,sentinel-2-l2a,Sentinel-2A,outputs/figures/karnali_79/epoch_frames/KAR-SET-033/2017.jpg,2017-01-24,0.9995,0.5009,0.8249,0.0173,0.0775,True,10.0
KAR-SET-033_2022,KAR-SET-033,2022,S2B_MSIL2A_20220314T050649_R019_T44RNT_20220314T143917,sentinel-2-l2a,Sentinel-2B,outputs/figures/karnali_79/epoch_frames/KAR-SET-033/2022.jpg,2022-03-14,1.0,0.4684,0.8112,0.0263,0.0875,True,10.0
KAR-SET-033_2026,KAR-SET-033,2026,S2B_MSIL2A_20260422T050649_R019_T44RNT_20260422T085212,sentinel-2-l2a,Sentinel-2B,outputs/figures/karnali_79/epoch_frames/KAR-SET-033/2026.jpg,2026-04-22,1.0,0.3771,0.782,0.0298,0.1204,True,10.0
KAR-SET-034_1972,KAR-SET-034,1972,LM01_L1TP_155040_19721130_02_T2,landsat-c2-l1,landsat-1,outputs/figures/karnali_79/epoch_frames/KAR-SET-034/1972.jpg,1972-11-30,1.0,0.2211,0.247,0.3685,,False,60.0
KAR-SET-034_1977,KAR-SET-034,1977,LM02_L1TP_155040_19770324_02_T2,landsat-c2-l1,landsat-2,outputs/figures/karnali_79/epoch_frames/KAR-SET-034/1977.jpg,1977-03-24,0.9889,0.0932,0.0,0.0002,,False,60.0
KAR-SET-034_1987,KAR-SET-034,1987,LT05_L2SP_144040_19890411_02_T1,landsat-c2-l2,landsat-5,outputs/figures/karnali_79/epoch_frames/KAR-SET-034/1987.jpg,1989-04-11,1.0,0.3496,0.6901,0.0,0.0906,True,30.0
KAR-SET-034_1992,KAR-SET-034,1992,LT05_L2SP_144040_19921028_02_T1,landsat-c2-l2,landsat-5,outputs/figures/karnali_79/epoch_frames/KAR-SET-034/1992.jpg,1992-10-28,1.0,0.507,0.9529,0.0053,0.0638,True,30.0
KAR-SET-034_1997,KAR-SET-034,1997,LT05_L2SP_144040_19970228_02_T1,landsat-c2-l2,landsat-5,outputs/figures/karnali_79/epoch_frames/KAR-SET-034/1997.jpg,1997-02-28,1.0,0.4481,0.8977,0.0,0.0624,True,30.0
KAR-SET-034_2002,KAR-SET-034,2002,LE07_L2SP_144040_20021101_02_T1,landsat-c2-l2,landsat-7,outputs/figures/karnali_79/epoch_frames/KAR-SET-034/2002.jpg,2002-11-01,1.0,0.5298,0.9452,0.0001,0.0593,True,30.0
KAR-SET-034_2007,KAR-SET-034,2007,LT05_L2SP_143040_20081102_02_T1,landsat-c2-l2,landsat-5,outputs/figures/karnali_79/epoch_frames/KAR-SET-034/2007.jpg,2008-11-02,1.0,0.5108,0.9396,0.0041,0.0677,True,30.0
KAR-SET-034_2012,KAR-SET-034,2012,LC08_L2SP_144040_20130413_02_T1,landsat-c2-l2,landsat-8,outputs/figures/karnali_79/epoch_frames/KAR-SET-034/2012.jpg,2013-04-13,1.0,0.4194,0.927,0.0,0.0883,True,30.0
KAR-SET-034_2017,KAR-SET-034,2017,S2A_MSIL2A_20170124T051101_R019_T44RNT_20210207T175513,sentinel-2-l2a,Sentinel-2A,outputs/figures/karnali_79/epoch_frames/KAR-SET-034/2017.jpg,2017-01-24,1.0,0.5369,0.8982,0.0,0.071,True,10.0
KAR-SET-034_2022,KAR-SET-034,2022,S2B_MSIL2A_20220314T050649_R019_T44RNT_20220314T143917,sentinel-2-l2a,Sentinel-2B,outputs/figures/karnali_79/epoch_frames/KAR-SET-034/2022.jpg,2022-03-14,1.0,0.5408,0.9332,0.0,0.0737,True,10.0
KAR-SET-034_2026,KAR-SET-034,2026,S2B_MSIL2A_20260422T050649_R019_T44RNT_20260422T085212,sentinel-2-l2a,Sentinel-2B,outputs/figures/karnali_79/epoch_frames/KAR-SET-034/2026.jpg,2026-04-22,1.0,0.4012,0.8385,0.0,0.1169,True,10.0
KAR-SET-035_1972,KAR-SET-035,1972,LM01_L1TP_155040_19721130_02_T2,landsat-c2-l1,landsat-1,outputs/figures/karnali_79/epoch_frames/KAR-SET-035/1972.jpg,1972-11-30,1.0,0.2283,0.2428,0.2085,,False,60.0
KAR-SET-035_1977,KAR-SET-035,1977,LM02_L1TP_154040_19770323_02_T2,landsat-c2-l1,landsat-2,outputs/figures/karnali_79/epoch_frames/KAR-SET-035/1977.jpg,1977-03-23,1.0,0.1482,0.0074,0.0,,False,60.0
KAR-SET-035_1987,KAR-SET-035,1987,LT05_L2SP_143040_19880401_02_T1,landsat-c2-l2,landsat-5,outputs/figures/karnali_79/epoch_frames/KAR-SET-035/1987.jpg,1988-04-01,1.0,0.3519,0.6845,0.0,0.1091,True,30.0
KAR-SET-035_1992,KAR-SET-035,1992,LT05_L2SP_144040_19921028_02_T1,landsat-c2-l2,landsat-5,outputs/figures/karnali_79/epoch_frames/KAR-SET-035/1992.jpg,1992-10-28,1.0,0.5141,0.9676,0.0001,0.069,True,30.0
KAR-SET-035_1997,KAR-SET-035,1997,LT05_L2SP_144040_19970228_02_T1,landsat-c2-l2,landsat-5,outputs/figures/karnali_79/epoch_frames/KAR-SET-035/1997.jpg,1997-02-28,1.0,0.4704,0.8892,0.0,0.067,True,30.0
KAR-SET-035_2002,KAR-SET-035,2002,LE07_L2SP_144040_20021101_02_T1,landsat-c2-l2,landsat-7,outputs/figures/karnali_79/epoch_frames/KAR-SET-035/2002.jpg,2002-11-01,1.0,0.5369,0.959,0.0,0.0639,True,30.0
KAR-SET-035_2007,KAR-SET-035,2007,LT05_L2SP_143040_20081102_02_T1,landsat-c2-l2,landsat-5,outputs/figures/karnali_79/epoch_frames/KAR-SET-035/2007.jpg,2008-11-02,1.0,0.5359,0.9708,0.0,0.0679,True,30.0
KAR-SET-035_2012,KAR-SET-035,2012,LC08_L2SP_144040_20130413_02_T1,landsat-c2-l2,landsat-8,outputs/figures/karnali_79/epoch_frames/KAR-SET-035/2012.jpg,2013-04-13,1.0,0.4398,0.9484,0.0,0.0911,True,30.0
KAR-SET-035_2017,KAR-SET-035,2017,S2A_MSIL2A_20170424T050651_R019_T44RNS_20210209T101115,sentinel-2-l2a,Sentinel-2A,outputs/figures/karnali_79/epoch_frames/KAR-SET-035/2017.jpg,2017-04-24,1.0,0.4482,0.7564,0.0,0.1016,True,10.0
KAR-SET-035_2022,KAR-SET-035,2022,S2A_MSIL2A_20221025T050901_R019_T44RNS_20240801T110105,sentinel-2-l2a,Sentinel-2A,outputs/figures/karnali_79/epoch_frames/KAR-SET-035/2022.jpg,2022-10-25,1.0,0.694,0.972,0.0,0.0568,True,10.0
KAR-SET-035_2026,KAR-SET-035,2026,S2B_MSIL2A_20260422T050649_R019_T44RNT_20260422T085212,sentinel-2-l2a,Sentinel-2B,outputs/figures/karnali_79/epoch_frames/KAR-SET-035/2026.jpg,2026-04-22,1.0,0.4257,0.794,0.0,0.1089,True,10.0
KAR-SET-036_1972,KAR-SET-036,1972,LM01_L1TP_154040_19730209_02_T2,landsat-c2-l1,landsat-1,outputs/figures/karnali_79/epoch_frames/KAR-SET-036/1972.jpg,1973-02-09,0.9904,0.0876,0.0115,0.41,,False,60.0
KAR-SET-036_1977,KAR-SET-036,1977,LM02_L1TP_154040_19770323_02_T2,landsat-c2-l1,landsat-2,outputs/figures/karnali_79/epoch_frames/KAR-SET-036/1977.jpg,1977-03-23,1.0,0.1237,0.0,0.0,,False,60.0
KAR-SET-036_1987,KAR-SET-036,1987,LT05_L2SP_143040_19871227_02_T1,landsat-c2-l2,landsat-5,outputs/figures/karnali_79/epoch_frames/KAR-SET-036/1987.jpg,1987-12-27,1.0,0.4522,0.9276,0.0133,0.0726,True,30.0
KAR-SET-036_1992,KAR-SET-036,1992,LT05_L2SP_144040_19921028_02_T1,landsat-c2-l2,landsat-5,outputs/figures/karnali_79/epoch_frames/KAR-SET-036/1992.jpg,1992-10-28,1.0,0.5002,0.972,0.0012,0.0667,True,30.0
KAR-SET-036_1997,KAR-SET-036,1997,LT05_L2SP_144040_19970228_02_T1,landsat-c2-l2,landsat-5,outputs/figures/karnali_79/epoch_frames/KAR-SET-036/1997.jpg,1997-02-28,1.0,0.4733,0.9469,0.0,0.0641,True,30.0
KAR-SET-036_2002,KAR-SET-036,2002,LE07_L2SP_144040_20021101_02_T1,landsat-c2-l2,landsat-7,outputs/figures/karnali_79/epoch_frames/KAR-SET-036/2002.jpg,2002-11-01,1.0,0.5249,0.979,0.0,0.062,True,30.0
KAR-SET-036_2007,KAR-SET-036,2007,LT05_L2SP_143040_20081102_02_T1,landsat-c2-l2,landsat-5,outputs/figures/karnali_79/epoch_frames/KAR-SET-036/2007.jpg,2008-11-02,1.0,0.5293,0.9829,0.0001,0.0664,True,30.0
KAR-SET-036_2012,KAR-SET-036,2012,LC08_L2SP_144040_20130413_02_T1,landsat-c2-l2,landsat-8,outputs/figures/karnali_79/epoch_frames/KAR-SET-036/2012.jpg,2013-04-13,1.0,0.4504,0.9624,0.0,0.0863,True,30.0
KAR-SET-036_2017,KAR-SET-036,2017,S2A_MSIL2A_20170424T050651_R019_T44RNS_20210209T101115,sentinel-2-l2a,Sentinel-2A,outputs/figures/karnali_79/epoch_frames/KAR-SET-036/2017.jpg,2017-04-24,1.0,0.4992,0.8921,0.0,0.0862,True,10.0
KAR-SET-036_2022,KAR-SET-036,2022,S2A_MSIL2A_20221025T050901_R019_T44RNS_20240801T110105,sentinel-2-l2a,Sentinel-2A,outputs/figures/karnali_79/epoch_frames/KAR-SET-036/2022.jpg,2022-10-25,1.0,0.6895,0.9707,0.0,0.0588,True,10.0
KAR-SET-036_2026,KAR-SET-036,2026,S2B_MSIL2A_20260422T050649_R019_T44RNT_20260422T085212,sentinel-2-l2a,Sentinel-2B,outputs/figures/karnali_79/epoch_frames/KAR-SET-036/2026.jpg,2026-04-22,0.985,0.4574,0.8795,0.0,0.1069,True,10.0
KAR-SET-037_1972,KAR-SET-037,1972,LM01_L1TP_155040_19721130_02_T2,landsat-c2-l1,landsat-1,outputs/figures/karnali_79/epoch_frames/KAR-SET-037/1972.jpg,1972-11-30,1.0,0.1902,0.1294,0.1615,,False,60.0
KAR-SET-037_1977,KAR-SET-037,1977,LM02_L1TP_155040_19770324_02_T2,landsat-c2-l1,landsat-2,outputs/figures/karnali_79/epoch_frames/KAR-SET-037/1977.jpg,1977-03-24,1.0,0.119,0.0,0.0011,,False,60.0
KAR-SET-037_1987,KAR-SET-037,1987,LT05_L2SP_144040_19890411_02_T1,landsat-c2-l2,landsat-5,outputs/figures/karnali_79/epoch_frames/KAR-SET-037/1987.jpg,1989-04-11,1.0,0.3686,0.7941,0.0,0.0995,True,30.0
KAR-SET-037_1992,KAR-SET-037,1992,LT05_L2SP_144040_19921028_02_T1,landsat-c2-l2,landsat-5,outputs/figures/karnali_79/epoch_frames/KAR-SET-037/1992.jpg,1992-10-28,1.0,0.4955,0.9696,0.0014,0.0757,True,30.0
KAR-SET-037_1997,KAR-SET-037,1997,LT05_L2SP_144040_19970228_02_T1,landsat-c2-l2,landsat-5,outputs/figures/karnali_79/epoch_frames/KAR-SET-037/1997.jpg,1997-02-28,1.0,0.4399,0.9234,0.0,0.0781,True,30.0
KAR-SET-037_2002,KAR-SET-037,2002,LE07_L2SP_144040_20021101_02_T1,landsat-c2-l2,landsat-7,outputs/figures/karnali_79/epoch_frames/KAR-SET-037/2002.jpg,2002-11-01,1.0,0.5038,0.9484,0.0,0.0755,True,30.0
KAR-SET-037_2007,KAR-SET-037,2007,LT05_L2SP_143040_20081102_02_T1,landsat-c2-l2,landsat-5,outputs/figures/karnali_79/epoch_frames/KAR-SET-037/2007.jpg,2008-11-02,0.9914,0.4818,0.9255,0.0009,0.0871,True,30.0
KAR-SET-037_2012,KAR-SET-037,2012,LC08_L2SP_144040_20130413_02_T1,landsat-c2-l2,landsat-8,outputs/figures/karnali_79/epoch_frames/KAR-SET-037/2012.jpg,2013-04-13,1.0,0.4415,0.9691,0.0,0.095,True,30.0
KAR-SET-037_2017,KAR-SET-037,2017,S2A_MSIL2A_20170124T051101_R019_T44RNT_20210207T175513,sentinel-2-l2a,Sentinel-2A,outputs/figures/karnali_79/epoch_frames/KAR-SET-037/2017.jpg,2017-01-24,1.0,0.5253,0.9204,0.0,0.0729,True,10.0
KAR-SET-037_2022,KAR-SET-037,2022,S2B_MSIL2A_20220314T050649_R019_T44RNT_20220314T143917,sentinel-2-l2a,Sentinel-2B,outputs/figures/karnali_79/epoch_frames/KAR-SET-037/2022.jpg,2022-03-14,1.0,0.5261,0.9224,0.0,0.0788,True,10.0
KAR-SET-037_2026,KAR-SET-037,2026,S2B_MSIL2A_20260422T050649_R019_T44RNT_20260422T085212,sentinel-2-l2a,Sentinel-2B,outputs/figures/karnali_79/epoch_frames/KAR-SET-037/2026.jpg,2026-04-22,1.0,0.4382,0.858,0.0,0.1119,True,10.0
KAR-SET-038_1972,KAR-SET-038,1972,LM01_L1TP_155040_19721130_02_T2,landsat-c2-l1,landsat-1,outputs/figures/karnali_79/epoch_frames/KAR-SET-038/1972.jpg,1972-11-30,1.0,0.1829,0.149,0.1571,,False,60.0
KAR-SET-038_1977,KAR-SET-038,1977,LM02_L1TP_154040_19770323_02_T2,landsat-c2-l1,landsat-2,outputs/figures/karnali_79/epoch_frames/KAR-SET-038/1977.jpg,1977-03-23,1.0,0.0995,0.0,0.0022,,False,60.0
KAR-SET-038_1987,KAR-SET-038,1987,LT05_L2SP_143040_19880401_02_T1,landsat-c2-l2,landsat-5,outputs/figures/karnali_79/epoch_frames/KAR-SET-038/1987.jpg,1988-04-01,1.0,0.2955,0.4487,0.0,0.1157,True,30.0
KAR-SET-038_1992,KAR-SET-038,1992,LT05_L2SP_144040_19921028_02_T1,landsat-c2-l2,landsat-5,outputs/figures/karnali_79/epoch_frames/KAR-SET-038/1992.jpg,1992-10-28,1.0,0.4949,0.9641,0.0005,0.0716,True,30.0
KAR-SET-038_1997,KAR-SET-038,1997,LT05_L2SP_144040_19970228_02_T1,landsat-c2-l2,landsat-5,outputs/figures/karnali_79/epoch_frames/KAR-SET-038/1997.jpg,1997-02-28,1.0,0.397,0.7667,0.0,0.0752,True,30.0
KAR-SET-038_2002,KAR-SET-038,2002,LE07_L2SP_144040_20021101_02_T1,landsat-c2-l2,landsat-7,outputs/figures/karnali_79/epoch_frames/KAR-SET-038/2002.jpg,2002-11-01,1.0,0.4917,0.9409,0.0,0.0715,True,30.0
KAR-SET-038_2007,KAR-SET-038,2007,LT05_L2SP_143040_20081102_02_T1,landsat-c2-l2,landsat-5,outputs/figures/karnali_79/epoch_frames/KAR-SET-038/2007.jpg,2008-11-02,1.0,0.4773,0.9311,0.0001,0.0802,True,30.0
KAR-SET-038_2012,KAR-SET-038,2012,LC08_L2SP_144040_20130413_02_T1,landsat-c2-l2,landsat-8,outputs/figures/karnali_79/epoch_frames/KAR-SET-038/2012.jpg,2013-04-13,1.0,0.378,0.8199,0.0,0.0986,True,30.0
KAR-SET-038_2017,KAR-SET-038,2017,S2A_MSIL2A_20170124T051101_R019_T44RNT_20210207T175513,sentinel-2-l2a,Sentinel-2A,outputs/figures/karnali_79/epoch_frames/KAR-SET-038/2017.jpg,2017-01-24,1.0,0.4656,0.7842,0.0,0.0787,True,10.0
KAR-SET-038_2022,KAR-SET-038,2022,S2B_MSIL2A_20220314T050649_R019_T44RNT_20220314T143917,sentinel-2-l2a,Sentinel-2B,outputs/figures/karnali_79/epoch_frames/KAR-SET-038/2022.jpg,2022-03-14,1.0,0.4889,0.8661,0.0,0.0795,True,10.0
KAR-SET-038_2026,KAR-SET-038,2026,S2B_MSIL2A_20260422T050649_R019_T44RNT_20260422T085212,sentinel-2-l2a,Sentinel-2B,outputs/figures/karnali_79/epoch_frames/KAR-SET-038/2026.jpg,2026-04-22,1.0,0.4105,0.8329,0.0,0.1137,True,10.0
KAR-SET-039_1972,KAR-SET-039,1972,LM01_L1TP_155040_19730105_02_T2,landsat-c2-l1,landsat-1,outputs/figures/karnali_79/epoch_frames/KAR-SET-039/1972.jpg,1973-01-05,1.0,0.0823,0.0232,0.5714,,False,60.0
KAR-SET-039_1977,KAR-SET-039,1977,LM02_L1TP_154040_19770323_02_T2,landsat-c2-l1,landsat-2,outputs/figures/karnali_79/epoch_frames/KAR-SET-039/1977.jpg,1977-03-23,1.0,0.1143,0.0,0.0011,,False,60.0
KAR-SET-039_1987,KAR-SET-039,1987,LT05_L2SP_143040_19871227_02_T1,landsat-c2-l2,landsat-5,outputs/figures/karnali_79/epoch_frames/KAR-SET-039/1987.jpg,1987-12-27,1.0,0.458,0.8849,0.0275,0.0775,True,30.0
KAR-SET-039_1992,KAR-SET-039,1992,LT05_L2SP_144040_19921028_02_T1,landsat-c2-l2,landsat-5,outputs/figures/karnali_79/epoch_frames/KAR-SET-039/1992.jpg,1992-10-28,1.0,0.506,0.9566,0.0029,0.0702,True,30.0
KAR-SET-039_1997,KAR-SET-039,1997,LT05_L2SP_144040_19970228_02_T1,landsat-c2-l2,landsat-5,outputs/figures/karnali_79/epoch_frames/KAR-SET-039/1997.jpg,1997-02-28,1.0,0.4774,0.9116,0.0,0.0655,True,30.0
KAR-SET-039_2002,KAR-SET-039,2002,LE07_L2SP_144040_20021101_02_T1,landsat-c2-l2,landsat-7,outputs/figures/karnali_79/epoch_frames/KAR-SET-039/2002.jpg,2002-11-01,1.0,0.5339,0.9566,0.0,0.0658,True,30.0
KAR-SET-039_2007,KAR-SET-039,2007,LT05_L2SP_143040_20081102_02_T1,landsat-c2-l2,landsat-5,outputs/figures/karnali_79/epoch_frames/KAR-SET-039/2007.jpg,2008-11-02,1.0,0.5289,0.9623,0.0004,0.0714,True,30.0
KAR-SET-039_2012,KAR-SET-039,2012,LC08_L2SP_144040_20130413_02_T1,landsat-c2-l2,landsat-8,outputs/figures/karnali_79/epoch_frames/KAR-SET-039/2012.jpg,2013-04-13,1.0,0.4289,0.9573,0.0,0.0887,True,30.0
KAR-SET-039_2017,KAR-SET-039,2017,S2A_MSIL2A_20170424T050651_R019_T44RNS_20210209T101115,sentinel-2-l2a,Sentinel-2A,outputs/figures/karnali_79/epoch_frames/KAR-SET-039/2017.jpg,2017-04-24,1.0,0.4765,0.8323,0.0,0.0873,True,10.0
KAR-SET-039_2022,KAR-SET-039,2022,S2A_MSIL2A_20221025T050901_R019_T44RNS_20240801T110105,sentinel-2-l2a,Sentinel-2A,outputs/figures/karnali_79/epoch_frames/KAR-SET-039/2022.jpg,2022-10-25,1.0,0.6956,0.9702,0.0,0.0543,True,10.0
KAR-SET-039_2026,KAR-SET-039,2026,S2B_MSIL2A_20260422T050649_R019_T44RNT_20260422T085212,sentinel-2-l2a,Sentinel-2B,outputs/figures/karnali_79/epoch_frames/KAR-SET-039/2026.jpg,2026-04-22,1.0,0.4405,0.8589,0.0,0.1058,True,10.0
KAR-SET-040_1972,KAR-SET-040,1972,LM01_L1TP_154040_19721217_02_T2,landsat-c2-l1,landsat-1,outputs/figures/karnali_79/epoch_frames/KAR-SET-040/1972.jpg,1972-12-17,1.0,0.1409,0.0394,0.3881,,False,60.0
KAR-SET-040_1977,KAR-SET-040,1977,LM02_L1TP_154040_19770323_02_T2,landsat-c2-l1,landsat-2,outputs/figures/karnali_79/epoch_frames/KAR-SET-040/1977.jpg,1977-03-23,1.0,0.1367,0.0009,0.0089,,False,60.0
KAR-SET-040_1987,KAR-SET-040,1987,LT05_L2SP_143040_19871227_02_T1,landsat-c2-l2,landsat-5,outputs/figures/karnali_79/epoch_frames/KAR-SET-040/1987.jpg,1987-12-27,1.0,0.4338,0.8519,0.1667,0.0692,True,30.0
KAR-SET-040_1992,KAR-SET-040,1992,LT05_L2SP_144040_19921028_02_T1,landsat-c2-l2,landsat-5,outputs/figures/karnali_79/epoch_frames/KAR-SET-040/1992.jpg,1992-10-28,1.0,0.5409,0.9933,0.0205,0.0597,True,30.0
KAR-SET-040_1997,KAR-SET-040,1997,LT05_L2SP_144040_19970228_02_T1,landsat-c2-l2,landsat-5,outputs/figures/karnali_79/epoch_frames/KAR-SET-040/1997.jpg,1997-02-28,1.0,0.4636,0.9661,0.0003,0.0624,True,30.0
KAR-SET-040_2002,KAR-SET-040,2002,LE07_L2SP_144040_20021101_02_T1,landsat-c2-l2,landsat-7,outputs/figures/karnali_79/epoch_frames/KAR-SET-040/2002.jpg,2002-11-01,1.0,0.5955,0.9894,0.0004,0.0538,True,30.0
KAR-SET-040_2007,KAR-SET-040,2007,LT05_L2SP_143040_20081102_02_T1,landsat-c2-l2,landsat-5,outputs/figures/karnali_79/epoch_frames/KAR-SET-040/2007.jpg,2008-11-02,1.0,0.5702,0.9884,0.0128,0.0614,True,30.0
KAR-SET-040_2012,KAR-SET-040,2012,LC08_L2SP_144040_20130413_02_T1,landsat-c2-l2,landsat-8,outputs/figures/karnali_79/epoch_frames/KAR-SET-040/2012.jpg,2013-04-13,1.0,0.4947,0.9954,0.0,0.076,True,30.0
KAR-SET-040_2017,KAR-SET-040,2017,S2A_MSIL2A_20170424T050651_R019_T44RNS_20210209T101115,sentinel-2-l2a,Sentinel-2A,outputs/figures/karnali_79/epoch_frames/KAR-SET-040/2017.jpg,2017-04-24,0.9825,0.579,0.9507,0.0,0.0708,True,10.0
KAR-SET-040_2022,KAR-SET-040,2022,S2A_MSIL2A_20221025T050901_R019_T44RNS_20240801T110105,sentinel-2-l2a,Sentinel-2A,outputs/figures/karnali_79/epoch_frames/KAR-SET-040/2022.jpg,2022-10-25,0.9825,0.7362,0.9777,0.0004,0.0508,True,10.0
KAR-SET-040_2026,KAR-SET-040,2026,S2B_MSIL2A_20260422T050649_R019_T44RNT_20260422T085212,sentinel-2-l2a,Sentinel-2B,outputs/figures/karnali_79/epoch_frames/KAR-SET-040/2026.jpg,2026-04-22,1.0,0.5106,0.9667,0.0001,0.1012,True,10.0
KAR-SET-041_1972,KAR-SET-041,1972,LM01_L1TP_154040_19721217_02_T2,landsat-c2-l1,landsat-1,outputs/figures/karnali_79/epoch_frames/KAR-SET-041/1972.jpg,1972-12-17,1.0,0.1866,0.0893,0.2613,,False,60.0
KAR-SET-041_1977,KAR-SET-041,1977,LM02_L1TP_154040_19770323_02_T2,landsat-c2-l1,landsat-2,outputs/figures/karnali_79/epoch_frames/KAR-SET-041/1977.jpg,1977-03-23,1.0,0.1321,0.0007,0.0007,,False,60.0
KAR-SET-041_1987,KAR-SET-041,1987,LT05_L2SP_143040_19880401_02_T1,landsat-c2-l2,landsat-5,outputs/figures/karnali_79/epoch_frames/KAR-SET-041/1987.jpg,1988-04-01,1.0,0.3754,0.7801,0.0,0.0934,True,30.0
KAR-SET-041_1992,KAR-SET-041,1992,LT05_L2SP_144040_19921028_02_T1,landsat-c2-l2,landsat-5,outputs/figures/karnali_79/epoch_frames/KAR-SET-041/1992.jpg,1992-10-28,1.0,0.5423,0.9855,0.0096,0.0619,True,30.0
KAR-SET-041_1997,KAR-SET-041,1997,LT05_L2SP_144040_19970228_02_T1,landsat-c2-l2,landsat-5,outputs/figures/karnali_79/epoch_frames/KAR-SET-041/1997.jpg,1997-02-28,1.0,0.4904,0.9517,0.0001,0.059,True,30.0
KAR-SET-041_2002,KAR-SET-041,2002,LE07_L2SP_144040_20021101_02_T1,landsat-c2-l2,landsat-7,outputs/figures/karnali_79/epoch_frames/KAR-SET-041/2002.jpg,2002-11-01,1.0,0.5736,0.9757,0.0005,0.0544,True,30.0
KAR-SET-041_2007,KAR-SET-041,2007,LT05_L2SP_143040_20081102_02_T1,landsat-c2-l2,landsat-5,outputs/figures/karnali_79/epoch_frames/KAR-SET-041/2007.jpg,2008-11-02,1.0,0.5768,0.9759,0.0029,0.0582,True,30.0
KAR-SET-041_2012,KAR-SET-041,2012,LC08_L2SP_144040_20130413_02_T1,landsat-c2-l2,landsat-8,outputs/figures/karnali_79/epoch_frames/KAR-SET-041/2012.jpg,2013-04-13,1.0,0.4535,0.9741,0.0,0.082,True,30.0
KAR-SET-041_2017,KAR-SET-041,2017,S2A_MSIL2A_20170424T050651_R019_T44RNS_20210209T101115,sentinel-2-l2a,Sentinel-2A,outputs/figures/karnali_79/epoch_frames/KAR-SET-041/2017.jpg,2017-04-24,1.0,0.4223,0.7539,0.0,0.1035,True,10.0
KAR-SET-041_2022,KAR-SET-041,2022,S2A_MSIL2A_20220408T050651_R019_T44RNS_20240524T030604,sentinel-2-l2a,Sentinel-2A,outputs/figures/karnali_79/epoch_frames/KAR-SET-041/2022.jpg,2022-04-08,1.0,0.502,0.9042,0.0,0.0851,True,10.0
KAR-SET-041_2026,KAR-SET-041,2026,S2B_MSIL2A_20260303T050649_R019_T44RNS_20260303T091046,sentinel-2-l2a,Sentinel-2B,outputs/figures/karnali_79/epoch_frames/KAR-SET-041/2026.jpg,2026-03-03,1.0,0.5433,0.9307,0.0,0.0693,True,10.0
KAR-SET-042_1972,KAR-SET-042,1972,LM01_L1TP_154040_19721217_02_T2,landsat-c2-l1,landsat-1,outputs/figures/karnali_79/epoch_frames/KAR-SET-042/1972.jpg,1972-12-17,0.9764,0.1435,0.0639,0.2106,,False,60.0
KAR-SET-042_1977,KAR-SET-042,1977,LM02_L1TP_154040_19770323_02_T2,landsat-c2-l1,landsat-2,outputs/figures/karnali_79/epoch_frames/KAR-SET-042/1977.jpg,1977-03-23,1.0,0.1121,0.0,0.002,,False,60.0
KAR-SET-042_1987,KAR-SET-042,1987,LT05_L2SP_143040_19871227_02_T1,landsat-c2-l2,landsat-5,outputs/figures/karnali_79/epoch_frames/KAR-SET-042/1987.jpg,1987-12-27,1.0,0.4385,0.8514,0.0447,0.0744,True,30.0
KAR-SET-042_1992,KAR-SET-042,1992,LT05_L2SP_144040_19921028_02_T1,landsat-c2-l2,landsat-5,outputs/figures/karnali_79/epoch_frames/KAR-SET-042/1992.jpg,1992-10-28,1.0,0.504,0.9385,0.0072,0.0704,True,30.0
KAR-SET-042_1997,KAR-SET-042,1997,LT05_L2SP_144040_19970228_02_T1,landsat-c2-l2,landsat-5,outputs/figures/karnali_79/epoch_frames/KAR-SET-042/1997.jpg,1997-02-28,1.0,0.4503,0.8696,0.0005,0.0677,True,30.0
KAR-SET-042_2002,KAR-SET-042,2002,LE07_L2SP_144040_20021101_02_T1,landsat-c2-l2,landsat-7,outputs/figures/karnali_79/epoch_frames/KAR-SET-042/2002.jpg,2002-11-01,1.0,0.5343,0.9363,0.0023,0.0646,True,30.0
KAR-SET-042_2007,KAR-SET-042,2007,LT05_L2SP_143040_20081102_02_T1,landsat-c2-l2,landsat-5,outputs/figures/karnali_79/epoch_frames/KAR-SET-042/2007.jpg,2008-11-02,1.0,0.5246,0.937,0.0037,0.0683,True,30.0
KAR-SET-042_2012,KAR-SET-042,2012,LC08_L2SP_144040_20130413_02_T1,landsat-c2-l2,landsat-8,outputs/figures/karnali_79/epoch_frames/KAR-SET-042/2012.jpg,2013-04-13,1.0,0.4148,0.8799,0.0002,0.0912,True,30.0
KAR-SET-042_2017,KAR-SET-042,2017,S2A_MSIL2A_20170424T050651_R019_T44RNS_20210209T101115,sentinel-2-l2a,Sentinel-2A,outputs/figures/karnali_79/epoch_frames/KAR-SET-042/2017.jpg,2017-04-24,1.0,0.4438,0.8161,0.0005,0.0934,True,10.0
KAR-SET-042_2022,KAR-SET-042,2022,S2A_MSIL2A_20220408T050651_R019_T44RNS_20240524T030604,sentinel-2-l2a,Sentinel-2A,outputs/figures/karnali_79/epoch_frames/KAR-SET-042/2022.jpg,2022-04-08,1.0,0.4623,0.8504,0.0,0.0878,True,10.0
KAR-SET-042_2026,KAR-SET-042,2026,S2B_MSIL2A_20260303T050649_R019_T44RNS_20260303T091046,sentinel-2-l2a,Sentinel-2B,outputs/figures/karnali_79/epoch_frames/KAR-SET-042/2026.jpg,2026-03-03,1.0,0.5088,0.8623,0.0001,0.0705,True,10.0
KAR-SET-043_1972,KAR-SET-043,1972,LM01_L1TP_154040_19721217_02_T2,landsat-c2-l1,landsat-1,outputs/figures/karnali_79/epoch_frames/KAR-SET-043/1972.jpg,1972-12-17,1.0,0.207,0.2415,0.2749,,False,60.0
KAR-SET-043_1977,KAR-SET-043,1977,LM02_L1TP_154040_19770323_02_T2,landsat-c2-l1,landsat-2,outputs/figures/karnali_79/epoch_frames/KAR-SET-043/1977.jpg,1977-03-23,1.0,0.1488,0.0002,0.0,,False,60.0
KAR-SET-043_1987,KAR-SET-043,1987,LT05_L2SP_143040_19871227_02_T1,landsat-c2-l2,landsat-5,outputs/figures/karnali_79/epoch_frames/KAR-SET-043/1987.jpg,1987-12-27,1.0,0.5028,0.9422,0.0347,0.0688,True,30.0
KAR-SET-043_1992,KAR-SET-043,1992,LT05_L2SP_144040_19921028_02_T1,landsat-c2-l2,landsat-5,outputs/figures/karnali_79/epoch_frames/KAR-SET-043/1992.jpg,1992-10-28,1.0,0.5485,0.9832,0.0072,0.0617,True,30.0
KAR-SET-043_1997,KAR-SET-043,1997,LT05_L2SP_144040_19970228_02_T1,landsat-c2-l2,landsat-5,outputs/figures/karnali_79/epoch_frames/KAR-SET-043/1997.jpg,1997-02-28,1.0,0.4916,0.9272,0.0,0.064,True,30.0
KAR-SET-043_2002,KAR-SET-043,2002,LE07_L2SP_144040_20021101_02_T1,landsat-c2-l2,landsat-7,outputs/figures/karnali_79/epoch_frames/KAR-SET-043/2002.jpg,2002-11-01,1.0,0.6046,0.9782,0.0002,0.0535,True,30.0
KAR-SET-043_2007,KAR-SET-043,2007,LT05_L2SP_143040_20081102_02_T1,landsat-c2-l2,landsat-5,outputs/figures/karnali_79/epoch_frames/KAR-SET-043/2007.jpg,2008-11-02,1.0,0.5802,0.9729,0.0008,0.0604,True,30.0
KAR-SET-043_2012,KAR-SET-043,2012,LC08_L2SP_144040_20130413_02_T1,landsat-c2-l2,landsat-8,outputs/figures/karnali_79/epoch_frames/KAR-SET-043/2012.jpg,2013-04-13,1.0,0.4631,0.9645,0.0,0.081,True,30.0
KAR-SET-043_2017,KAR-SET-043,2017,S2A_MSIL2A_20170424T050651_R019_T44RNS_20210209T101115,sentinel-2-l2a,Sentinel-2A,outputs/figures/karnali_79/epoch_frames/KAR-SET-043/2017.jpg,2017-04-24,1.0,0.5123,0.902,0.0,0.0838,True,10.0
KAR-SET-043_2022,KAR-SET-043,2022,S2A_MSIL2A_20220408T050651_R019_T44RNS_20240524T030604,sentinel-2-l2a,Sentinel-2A,outputs/figures/karnali_79/epoch_frames/KAR-SET-043/2022.jpg,2022-04-08,1.0,0.495,0.9001,0.0,0.086,True,10.0
KAR-SET-043_2026,KAR-SET-043,2026,S2B_MSIL2A_20260303T050649_R019_T44RNS_20260303T091046,sentinel-2-l2a,Sentinel-2B,outputs/figures/karnali_79/epoch_frames/KAR-SET-043/2026.jpg,2026-03-03,1.0,0.5897,0.9147,0.0,0.0655,True,10.0
KAR-SET-044_1972,KAR-SET-044,1972,LM01_L1TP_153040_19721128_02_T2,landsat-c2-l1,landsat-1,outputs/figures/karnali_79/epoch_frames/KAR-SET-044/1972.jpg,1972-11-28,0.9991,-0.0326,0.0013,0.7376,,False,60.0
KAR-SET-044_1977,KAR-SET-044,1977,LM02_L1TP_154040_19770323_02_T2,landsat-c2-l1,landsat-2,outputs/figures/karnali_79/epoch_frames/KAR-SET-044/1977.jpg,1977-03-23,1.0,0.0797,0.0169,0.166,,False,60.0
KAR-SET-044_1987,KAR-SET-044,1987,LT05_L2SP_143040_19871227_02_T1,landsat-c2-l2,landsat-5,outputs/figures/karnali_79/epoch_frames/KAR-SET-044/1987.jpg,1987-12-27,0.9995,0.2374,0.2921,0.322,0.0584,True,30.0
KAR-SET-044_1992,KAR-SET-044,1992,LT05_L2SP_143040_19921106_02_T1,landsat-c2-l2,landsat-5,outputs/figures/karnali_79/epoch_frames/KAR-SET-044/1992.jpg,1992-11-06,1.0,0.3273,0.517,0.1529,0.0609,True,30.0
KAR-SET-044_1997,KAR-SET-044,1997,LT05_L2SP_143040_19970309_02_T1,landsat-c2-l2,landsat-5,outputs/figures/karnali_79/epoch_frames/KAR-SET-044/1997.jpg,1997-03-09,0.9882,0.2423,0.3185,0.0626,0.0829,True,30.0
KAR-SET-044_2002,KAR-SET-044,2002,LE07_L2SP_143040_20021025_02_T1,landsat-c2-l2,landsat-7,outputs/figures/karnali_79/epoch_frames/KAR-SET-044/2002.jpg,2002-10-25,1.0,0.4181,0.7382,0.0155,0.0546,True,30.0
KAR-SET-044_2007,KAR-SET-044,2007,LT05_L2SP_143040_20080424_02_T1,landsat-c2-l2,landsat-5,outputs/figures/karnali_79/epoch_frames/KAR-SET-044/2007.jpg,2008-04-24,1.0,0.2761,0.4249,0.0066,0.0876,True,30.0
KAR-SET-044_2012,KAR-SET-044,2012,LC08_L2SP_143040_20131031_02_T1,landsat-c2-l2,landsat-8,outputs/figures/karnali_79/epoch_frames/KAR-SET-044/2012.jpg,2013-10-31,1.0,0.5079,0.9218,0.0059,0.0472,True,30.0
KAR-SET-044_2017,KAR-SET-044,2017,S2A_MSIL2A_20171001T050651_R019_T44RPT_20210202T121726,sentinel-2-l2a,Sentinel-2A,outputs/figures/karnali_79/epoch_frames/KAR-SET-044/2017.jpg,2017-10-01,0.9977,0.4846,0.8203,0.0044,0.0806,True,10.0
KAR-SET-044_2022,KAR-SET-044,2022,S2B_MSIL2A_20221129T051149_R019_T44RPT_20221130T153301,sentinel-2-l2a,Sentinel-2B,outputs/figures/karnali_79/epoch_frames/KAR-SET-044/2022.jpg,2022-11-29,1.0,0.4283,0.7144,0.0013,0.066,True,10.0
KAR-SET-044_2026,KAR-SET-044,2026,S2C_MSIL2A_20260216T050911_R019_T44RPT_20260216T100811,sentinel-2-l2a,Sentinel-2C,outputs/figures/karnali_79/epoch_frames/KAR-SET-044/2026.jpg,2026-02-16,0.9583,0.3742,0.5086,0.0277,0.0853,True,10.0
KAR-SET-045_1972,KAR-SET-045,1972,LM01_L1TP_153040_19721128_02_T2,landsat-c2-l1,landsat-1,outputs/figures/karnali_79/epoch_frames/KAR-SET-045/1972.jpg,1972-11-28,0.9973,0.0189,0.0,0.4239,,False,60.0
KAR-SET-045_1977,KAR-SET-045,1977,LM02_L1TP_154040_19770323_02_T2,landsat-c2-l1,landsat-2,outputs/figures/karnali_79/epoch_frames/KAR-SET-045/1977.jpg,1977-03-23,1.0,0.07,0.0022,0.0483,,False,60.0
KAR-SET-045_1987,KAR-SET-045,1987,LT05_L2SP_143040_19871227_02_T1,landsat-c2-l2,landsat-5,outputs/figures/karnali_79/epoch_frames/KAR-SET-045/1987.jpg,1987-12-27,0.9996,0.2221,0.1182,0.0391,0.0931,True,30.0
KAR-SET-045_1992,KAR-SET-045,1992,LT05_L2SP_143040_19921106_02_T1,landsat-c2-l2,landsat-5,outputs/figures/karnali_79/epoch_frames/KAR-SET-045/1992.jpg,1992-11-06,1.0,0.3379,0.7484,0.025,0.0838,True,30.0
KAR-SET-045_1997,KAR-SET-045,1997,LT05_L2SP_143040_19970309_02_T1,landsat-c2-l2,landsat-5,outputs/figures/karnali_79/epoch_frames/KAR-SET-045/1997.jpg,1997-03-09,0.9999,0.1843,0.0917,0.0096,0.105,True,30.0
KAR-SET-045_2002,KAR-SET-045,2002,LE07_L2SP_143040_20021025_02_T1,landsat-c2-l2,landsat-7,outputs/figures/karnali_79/epoch_frames/KAR-SET-045/2002.jpg,2002-10-25,1.0,0.3886,0.7772,0.0025,0.0742,True,30.0
KAR-SET-045_2007,KAR-SET-045,2007,LT05_L2SP_143040_20080424_02_T1,landsat-c2-l2,landsat-5,outputs/figures/karnali_79/epoch_frames/KAR-SET-045/2007.jpg,2008-04-24,1.0,0.1927,0.0989,0.0015,0.1126,True,30.0
KAR-SET-045_2012,KAR-SET-045,2012,LC08_L2SP_143040_20131031_02_T1,landsat-c2-l2,landsat-8,outputs/figures/karnali_79/epoch_frames/KAR-SET-045/2012.jpg,2013-10-31,1.0,0.4493,0.9501,0.0024,0.0677,True,30.0
KAR-SET-045_2017,KAR-SET-045,2017,S2A_MSIL2A_20171001T050651_R019_T44RPT_20210202T121726,sentinel-2-l2a,Sentinel-2A,outputs/figures/karnali_79/epoch_frames/KAR-SET-045/2017.jpg,2017-10-01,0.9997,0.4522,0.7715,0.0066,0.0915,True,10.0
KAR-SET-045_2022,KAR-SET-045,2022,S2B_MSIL2A_20221129T051149_R019_T44RPT_20221130T153301,sentinel-2-l2a,Sentinel-2B,outputs/figures/karnali_79/epoch_frames/KAR-SET-045/2022.jpg,2022-11-29,1.0,0.3525,0.5711,0.0048,0.0878,True,10.0
KAR-SET-045_2026,KAR-SET-045,2026,S2C_MSIL2A_20260216T050911_R019_T44RPT_20260216T100811,sentinel-2-l2a,Sentinel-2C,outputs/figures/karnali_79/epoch_frames/KAR-SET-045/2026.jpg,2026-02-16,1.0,0.2634,0.2257,0.0057,0.1119,True,10.0
KAR-SET-046_1972,KAR-SET-046,1972,LM01_L1GS_154039_19721217_02_T2,landsat-c2-l1,landsat-1,outputs/figures/karnali_79/epoch_frames/KAR-SET-046/1972.jpg,1972-12-17,0.7097,-0.0858,0.0,0.8942,,False,60.0
KAR-SET-046_1977,KAR-SET-046,1977,LM02_L1TP_154040_19761012_02_T2,landsat-c2-l1,landsat-2,outputs/figures/karnali_79/epoch_frames/KAR-SET-046/1977.jpg,1976-10-12,1.0,0.0671,0.0,0.006,,False,60.0
KAR-SET-046_1987,KAR-SET-046,1987,LT05_L2SP_143040_19881026_02_T1,landsat-c2-l2,landsat-5,outputs/figures/karnali_79/epoch_frames/KAR-SET-046/1987.jpg,1988-10-26,1.0,0.1262,0.0,0.0008,0.1131,True,30.0
KAR-SET-046_1992,KAR-SET-046,1992,LT05_L2SP_143040_19931109_02_T1,landsat-c2-l2,landsat-5,outputs/figures/karnali_79/epoch_frames/KAR-SET-046/1992.jpg,1993-11-09,1.0,0.1,0.0,0.0052,0.1113,True,30.0
KAR-SET-046_1997,KAR-SET-046,1997,LT05_L2SP_143040_19991228_02_T1,landsat-c2-l2,landsat-5,outputs/figures/karnali_79/epoch_frames/KAR-SET-046/1997.jpg,1999-12-28,0.9834,0.0921,0.0,0.0161,0.1022,True,30.0
KAR-SET-046_2002,KAR-SET-046,2002,LE07_L2SP_143040_20021228_02_T1,landsat-c2-l2,landsat-7,outputs/figures/karnali_79/epoch_frames/KAR-SET-046/2002.jpg,2002-12-28,0.9736,0.0977,0.0,0.0147,0.0988,True,30.0
KAR-SET-046_2007,KAR-SET-046,2007,LT05_L2SP_143040_20080424_02_T1,landsat-c2-l2,landsat-5,outputs/figures/karnali_79/epoch_frames/KAR-SET-046/2007.jpg,2008-04-24,1.0,0.0936,0.0,0.0006,0.1363,True,30.0
KAR-SET-046_2012,KAR-SET-046,2012,LC08_L2SP_143039_20131202_02_T1,landsat-c2-l2,landsat-8,outputs/figures/karnali_79/epoch_frames/KAR-SET-046/2012.jpg,2013-12-02,0.977,0.1395,0.0037,0.0037,0.0922,True,30.0
KAR-SET-046_2017,KAR-SET-046,2017,S2A_MSIL2A_20171001T050651_R019_T44RQT_20210202T121720,sentinel-2-l2a,Sentinel-2A,outputs/figures/karnali_79/epoch_frames/KAR-SET-046/2017.jpg,2017-10-01,1.0,0.2331,0.2591,0.0004,0.1067,True,10.0
KAR-SET-046_2022,KAR-SET-046,2022,S2B_MSIL2A_20241029T050839_R019_T44RQT_20241029T073249,sentinel-2-l2a,Sentinel-2B,outputs/figures/karnali_79/epoch_frames/KAR-SET-046/2022.jpg,2024-10-29,1.0,0.1454,0.004,0.0032,0.1159,True,10.0
KAR-SET-046_2026,KAR-SET-046,2026,S2B_MSIL2A_20251014T050659_R019_T44RPT_20251014T082528,sentinel-2-l2a,Sentinel-2B,outputs/figures/karnali_79/epoch_frames/KAR-SET-046/2026.jpg,2025-10-14,1.0,0.1997,0.1247,0.0012,0.1102,True,10.0
KAR-SET-047_1972,KAR-SET-047,1972,LM01_L1TP_154040_19721217_02_T2,landsat-c2-l1,landsat-1,outputs/figures/karnali_79/epoch_frames/KAR-SET-047/1972.jpg,1972-12-17,1.0,0.1167,0.1132,0.3072,,False,60.0
KAR-SET-047_1977,KAR-SET-047,1977,LM02_L1TP_154040_19770323_02_T2,landsat-c2-l1,landsat-2,outputs/figures/karnali_79/epoch_frames/KAR-SET-047/1977.jpg,1977-03-23,1.0,0.1828,0.1811,0.0258,,False,60.0
KAR-SET-047_1987,KAR-SET-047,1987,LT05_L2SP_143040_19871227_02_T1,landsat-c2-l2,landsat-5,outputs/figures/karnali_79/epoch_frames/KAR-SET-047/1987.jpg,1987-12-27,0.9828,0.3943,0.5431,0.1056,0.077,True,30.0
KAR-SET-047_1992,KAR-SET-047,1992,LT05_L2SP_143040_19921106_02_T1,landsat-c2-l2,landsat-5,outputs/figures/karnali_79/epoch_frames/KAR-SET-047/1992.jpg,1992-11-06,1.0,0.4396,0.8587,0.0543,0.0653,True,30.0
KAR-SET-047_1997,KAR-SET-047,1997,LT05_L2SP_143040_19970309_02_T1,landsat-c2-l2,landsat-5,outputs/figures/karnali_79/epoch_frames/KAR-SET-047/1997.jpg,1997-03-09,0.9756,0.35,0.5333,0.013,0.0936,True,30.0
KAR-SET-047_2002,KAR-SET-047,2002,LE07_L2SP_143040_20021025_02_T1,landsat-c2-l2,landsat-7,outputs/figures/karnali_79/epoch_frames/KAR-SET-047/2002.jpg,2002-10-25,1.0,0.588,0.9907,0.0029,0.0483,True,30.0
KAR-SET-047_2007,KAR-SET-047,2007,LT05_L2SP_143040_20080424_02_T1,landsat-c2-l2,landsat-5,outputs/figures/karnali_79/epoch_frames/KAR-SET-047/2007.jpg,2008-04-24,1.0,0.3967,0.6589,0.0,0.077,True,30.0
KAR-SET-047_2012,KAR-SET-047,2012,LC08_L2SP_143040_20131031_02_T1,landsat-c2-l2,landsat-8,outputs/figures/karnali_79/epoch_frames/KAR-SET-047/2012.jpg,2013-10-31,1.0,0.6261,0.9994,0.0,0.045,True,30.0
KAR-SET-047_2017,KAR-SET-047,2017,S2A_MSIL2A_20171001T050651_R019_T44RPT_20210202T121726,sentinel-2-l2a,Sentinel-2A,outputs/figures/karnali_79/epoch_frames/KAR-SET-047/2017.jpg,2017-10-01,0.9691,0.7432,0.994,0.0027,0.0441,True,10.0
KAR-SET-047_2022,KAR-SET-047,2022,S2B_MSIL2A_20221129T051149_R019_T44RPT_20221130T153301,sentinel-2-l2a,Sentinel-2B,outputs/figures/karnali_79/epoch_frames/KAR-SET-047/2022.jpg,2022-11-29,1.0,0.5322,0.7163,0.0,0.0519,True,10.0
KAR-SET-047_2026,KAR-SET-047,2026,S2C_MSIL2A_20260216T050911_R019_T44RPT_20260216T100811,sentinel-2-l2a,Sentinel-2C,outputs/figures/karnali_79/epoch_frames/KAR-SET-047/2026.jpg,2026-02-16,0.9678,0.5085,0.6137,0.0042,0.0621,True,10.0
KAR-SET-048_1972,KAR-SET-048,1972,LM01_L1TP_153039_19721216_02_T2,landsat-c2-l1,landsat-1,outputs/figures/karnali_79/epoch_frames/KAR-SET-048/1972.jpg,1972-12-16,0.6581,-0.0824,0.0,0.8372,,False,60.0
KAR-SET-048_1977,KAR-SET-048,1977,LM02_L1TP_153040_19770322_02_T2,landsat-c2-l1,landsat-2,outputs/figures/karnali_79/epoch_frames/KAR-SET-048/1977.jpg,1977-03-22,0.998,0.0224,0.0,0.0042,,False,60.0
KAR-SET-048_1987,KAR-SET-048,1987,LT05_L2SP_143040_19881026_02_T1,landsat-c2-l2,landsat-5,outputs/figures/karnali_79/epoch_frames/KAR-SET-048/1987.jpg,1988-10-26,1.0,0.1218,0.0,0.0,0.1216,True,30.0
KAR-SET-048_1992,KAR-SET-048,1992,LT05_L2SP_142040_19911012_02_T1,landsat-c2-l2,landsat-5,outputs/figures/karnali_79/epoch_frames/KAR-SET-048/1992.jpg,1991-10-12,1.0,0.1212,0.0011,0.0002,0.1347,True,30.0
KAR-SET-048_1997,KAR-SET-048,1997,LE07_L2SP_142040_19991010_02_T1,landsat-c2-l2,landsat-7,outputs/figures/karnali_79/epoch_frames/KAR-SET-048/1997.jpg,1999-10-10,0.9774,0.1629,0.0261,0.0,0.1182,True,30.0
KAR-SET-048_2002,KAR-SET-048,2002,LE07_L2SP_142040_20021205_02_T1,landsat-c2-l2,landsat-7,outputs/figures/karnali_79/epoch_frames/KAR-SET-048/2002.jpg,2002-12-05,0.9522,0.0917,0.0,0.0077,0.1246,True,30.0
KAR-SET-048_2007,KAR-SET-048,2007,LT05_L2SP_143040_20081102_02_T1,landsat-c2-l2,landsat-5,outputs/figures/karnali_79/epoch_frames/KAR-SET-048/2007.jpg,2008-11-02,1.0,0.108,0.0,0.0,0.1189,True,30.0
KAR-SET-048_2012,KAR-SET-048,2012,LT05_L2SP_142040_20111019_02_T1,landsat-c2-l2,landsat-5,outputs/figures/karnali_79/epoch_frames/KAR-SET-048/2012.jpg,2011-10-19,1.0,0.1399,0.002,0.0,0.1222,True,30.0
KAR-SET-048_2017,KAR-SET-048,2017,S2A_MSIL2A_20171001T050651_R019_T44RQT_20210202T121720,sentinel-2-l2a,Sentinel-2A,outputs/figures/karnali_79/epoch_frames/KAR-SET-048/2017.jpg,2017-10-01,0.9985,0.1854,0.0734,0.0,0.1326,True,10.0
KAR-SET-048_2022,KAR-SET-048,2022,S2B_MSIL2A_20231005T050649_R019_T44RQT_20231005T101343,sentinel-2-l2a,Sentinel-2B,outputs/figures/karnali_79/epoch_frames/KAR-SET-048/2022.jpg,2023-10-05,1.0,0.2265,0.2191,0.0,0.1125,True,10.0
KAR-SET-048_2026,KAR-SET-048,2026,S2B_MSIL2A_20251024T050809_R019_T44RQT_20251024T071733,sentinel-2-l2a,Sentinel-2B,outputs/figures/karnali_79/epoch_frames/KAR-SET-048/2026.jpg,2025-10-24,1.0,0.144,0.009,0.0,0.1285,True,10.0
KAR-SET-049_1972,KAR-SET-049,1972,LM01_L1TP_154040_19721217_02_T2,landsat-c2-l1,landsat-1,outputs/figures/karnali_79/epoch_frames/KAR-SET-049/1972.jpg,1972-12-17,1.0,0.1149,0.0671,0.3239,,False,60.0
KAR-SET-049_1977,KAR-SET-049,1977,LM02_L1TP_154040_19770323_02_T2,landsat-c2-l1,landsat-2,outputs/figures/karnali_79/epoch_frames/KAR-SET-049/1977.jpg,1977-03-23,1.0,0.1463,0.0835,0.0428,,False,60.0
KAR-SET-049_1987,KAR-SET-049,1987,LT05_L2SP_143040_19871227_02_T1,landsat-c2-l2,landsat-5,outputs/figures/karnali_79/epoch_frames/KAR-SET-049/1987.jpg,1987-12-27,0.9949,0.3966,0.6097,0.0217,0.0781,True,30.0
KAR-SET-049_1992,KAR-SET-049,1992,LT05_L2SP_143040_19921106_02_T1,landsat-c2-l2,landsat-5,outputs/figures/karnali_79/epoch_frames/KAR-SET-049/1992.jpg,1992-11-06,1.0,0.4898,0.9751,0.0072,0.0657,True,30.0
KAR-SET-049_1997,KAR-SET-049,1997,LT05_L2SP_143040_19970309_02_T1,landsat-c2-l2,landsat-5,outputs/figures/karnali_79/epoch_frames/KAR-SET-049/1997.jpg,1997-03-09,0.9955,0.3282,0.455,0.0083,0.0847,True,30.0
KAR-SET-049_2002,KAR-SET-049,2002,LE07_L2SP_143040_20021025_02_T1,landsat-c2-l2,landsat-7,outputs/figures/karnali_79/epoch_frames/KAR-SET-049/2002.jpg,2002-10-25,1.0,0.603,0.9924,0.0008,0.0533,True,30.0
KAR-SET-049_2007,KAR-SET-049,2007,LT05_L2SP_143040_20080424_02_T1,landsat-c2-l2,landsat-5,outputs/figures/karnali_79/epoch_frames/KAR-SET-049/2007.jpg,2008-04-24,1.0,0.3564,0.5662,0.0009,0.0884,True,30.0
KAR-SET-049_2012,KAR-SET-049,2012,LC08_L2SP_143040_20131031_02_T1,landsat-c2-l2,landsat-8,outputs/figures/karnali_79/epoch_frames/KAR-SET-049/2012.jpg,2013-10-31,1.0,0.6441,0.9968,0.0003,0.0493,True,30.0
KAR-SET-049_2017,KAR-SET-049,2017,S2A_MSIL2A_20160310T050632_R019_T44RPT_20210528T130403,sentinel-2-l2a,Sentinel-2A,outputs/figures/karnali_79/epoch_frames/KAR-SET-049/2017.jpg,2016-03-10,0.9994,0.3836,0.4692,0.0003,0.0776,True,10.0
KAR-SET-049_2022,KAR-SET-049,2022,S2B_MSIL2A_20221129T051149_R019_T44RPT_20221130T153301,sentinel-2-l2a,Sentinel-2B,outputs/figures/karnali_79/epoch_frames/KAR-SET-049/2022.jpg,2022-11-29,1.0,0.5338,0.9129,0.0035,0.0641,True,10.0
KAR-SET-049_2026,KAR-SET-049,2026,S2C_MSIL2A_20260216T050911_R019_T44RPT_20260216T100811,sentinel-2-l2a,Sentinel-2C,outputs/figures/karnali_79/epoch_frames/KAR-SET-049/2026.jpg,2026-02-16,0.9915,0.4414,0.59,0.0058,0.0815,True,10.0
KAR-SET-050_1972,KAR-SET-050,1972,LM01_L1TP_153040_19721216_02_T2,landsat-c2-l1,landsat-1,outputs/figures/karnali_79/epoch_frames/KAR-SET-050/1972.jpg,1972-12-16,0.9889,-0.1101,0.0,0.8189,,False,60.0
KAR-SET-050_1977,KAR-SET-050,1977,LM02_L1TP_153040_19761011_02_T2,landsat-c2-l1,landsat-2,outputs/figures/karnali_79/epoch_frames/KAR-SET-050/1977.jpg,1976-10-11,1.0,0.469,0.7955,0.0399,,False,60.0
KAR-SET-050_1987,KAR-SET-050,1987,LT05_L2SP_143040_19881026_02_T1,landsat-c2-l2,landsat-5,outputs/figures/karnali_79/epoch_frames/KAR-SET-050/1987.jpg,1988-10-26,0.9828,0.3517,0.6969,0.0429,0.0491,True,30.0
KAR-SET-050_1992,KAR-SET-050,1992,LT05_L2SP_143040_19931109_02_T1,landsat-c2-l2,landsat-5,outputs/figures/karnali_79/epoch_frames/KAR-SET-050/1992.jpg,1993-11-09,0.966,0.2776,0.3982,0.1302,0.0481,True,30.0
KAR-SET-050_1997,KAR-SET-050,1997,LE07_L2SP_143040_19991204_02_T1,landsat-c2-l2,landsat-7,outputs/figures/karnali_79/epoch_frames/KAR-SET-050/1997.jpg,1999-12-04,0.9381,0.2655,0.3351,0.1424,0.0445,True,30.0
KAR-SET-050_2002,KAR-SET-050,2002,LE07_L2SP_143040_20011209_02_T1,landsat-c2-l2,landsat-7,outputs/figures/karnali_79/epoch_frames/KAR-SET-050/2002.jpg,2001-12-09,1.0,0.2243,0.2117,0.147,0.0453,True,30.0
KAR-SET-050_2007,KAR-SET-050,2007,LT05_L2SP_142040_20070125_02_T1,landsat-c2-l2,landsat-5,outputs/figures/karnali_79/epoch_frames/KAR-SET-050/2007.jpg,2007-01-25,0.9856,0.1591,0.1451,0.3211,0.0578,True,30.0
KAR-SET-050_2012,KAR-SET-050,2012,LC08_L2SP_143040_20141205_02_T1,landsat-c2-l2,landsat-8,outputs/figures/karnali_79/epoch_frames/KAR-SET-050/2012.jpg,2014-12-05,0.9619,0.4304,0.7338,0.0014,0.0379,True,30.0
KAR-SET-050_2017,KAR-SET-050,2017,S2B_MSIL2A_20181031T050929_R019_T44RPS_20201009T171021,sentinel-2-l2a,Sentinel-2B,outputs/figures/karnali_79/epoch_frames/KAR-SET-050/2017.jpg,2018-10-31,0.9992,0.5134,0.8868,0.0014,0.0544,True,10.0
KAR-SET-050_2022,KAR-SET-050,2022,S2B_MSIL2A_20231214T051219_R019_T44RPT_20231214T084531,sentinel-2-l2a,Sentinel-2B,outputs/figures/karnali_79/epoch_frames/KAR-SET-050/2022.jpg,2023-12-14,0.9597,0.3611,0.5587,0.1549,0.07,True,10.0
KAR-SET-050_2026,KAR-SET-050,2026,S2C_MSIL2A_20260117T051141_R019_T44RPS_20260117T083616,sentinel-2-l2a,Sentinel-2C,outputs/figures/karnali_79/epoch_frames/KAR-SET-050/2026.jpg,2026-01-17,0.9893,0.3953,0.6204,0.0175,0.0594,True,10.0
KAR-SET-051_1972,KAR-SET-051,1972,LM01_L1TP_153039_19721216_02_T2,landsat-c2-l1,landsat-1,outputs/figures/karnali_79/epoch_frames/KAR-SET-051/1972.jpg,1972-12-16,0.8717,-0.0944,0.0,0.9629,,False,60.0
KAR-SET-051_1977,KAR-SET-051,1977,LM02_L1TP_153040_19770109_02_T2,landsat-c2-l1,landsat-2,outputs/figures/karnali_79/epoch_frames/KAR-SET-051/1977.jpg,1977-01-09,1.0,-0.0398,0.0,0.0682,,False,60.0
KAR-SET-051_1987,KAR-SET-051,1987,LT05_L2SP_142040_19881019_02_T1,landsat-c2-l2,landsat-5,outputs/figures/karnali_79/epoch_frames/KAR-SET-051/1987.jpg,1988-10-19,1.0,0.0886,0.0,0.016,0.132,True,30.0
KAR-SET-051_1992,KAR-SET-051,1992,LT05_L2SP_142040_19911012_02_T1,landsat-c2-l2,landsat-5,outputs/figures/karnali_79/epoch_frames/KAR-SET-051/1992.jpg,1991-10-12,1.0,0.0874,0.0,0.0284,0.1373,True,30.0
KAR-SET-051_1997,KAR-SET-051,1997,LE07_L2SP_143040_19991204_02_T1,landsat-c2-l2,landsat-7,outputs/figures/karnali_79/epoch_frames/KAR-SET-051/1997.jpg,1999-12-04,0.9985,0.0695,0.0003,0.0832,0.1088,True,30.0
KAR-SET-051_2002,KAR-SET-051,2002,LT05_L2SP_142040_20031130_02_T1,landsat-c2-l2,landsat-5,outputs/figures/karnali_79/epoch_frames/KAR-SET-051/2002.jpg,2003-11-30,0.9915,0.058,0.0,0.0866,0.1219,True,30.0
KAR-SET-051_2007,KAR-SET-051,2007,LT05_L2SP_142040_20081213_02_T1,landsat-c2-l2,landsat-5,outputs/figures/karnali_79/epoch_frames/KAR-SET-051/2007.jpg,2008-12-13,0.9747,0.0508,0.0,0.0982,0.1215,True,30.0
KAR-SET-051_2012,KAR-SET-051,2012,LT05_L2SP_142040_20111019_02_T1,landsat-c2-l2,landsat-5,outputs/figures/karnali_79/epoch_frames/KAR-SET-051/2012.jpg,2011-10-19,0.9921,0.1048,0.0,0.0104,0.1239,True,30.0
KAR-SET-051_2017,KAR-SET-051,2017,S2A_MSIL2A_20171001T050651_R019_T44RQT_20210202T121720,sentinel-2-l2a,Sentinel-2A,outputs/figures/karnali_79/epoch_frames/KAR-SET-051/2017.jpg,2017-10-01,0.9825,0.1459,0.0389,0.0027,0.149,True,10.0
KAR-SET-051_2022,KAR-SET-051,2022,S2B_MSIL2A_20231005T050649_R019_T44RQT_20231005T101343,sentinel-2-l2a,Sentinel-2B,outputs/figures/karnali_79/epoch_frames/KAR-SET-051/2022.jpg,2023-10-05,0.997,0.1731,0.1116,0.0106,0.1276,True,10.0
KAR-SET-051_2026,KAR-SET-051,2026,S2B_MSIL2A_20251024T050809_R019_T44RQT_20251024T071733,sentinel-2-l2a,Sentinel-2B,outputs/figures/karnali_79/epoch_frames/KAR-SET-051/2026.jpg,2025-10-24,1.0,0.126,0.0023,0.0043,0.1337,True,10.0
KAR-SET-052_1972,KAR-SET-052,1972,LM01_L1GS_154040_19721111_02_T2,landsat-c2-l1,landsat-1,outputs/figures/karnali_79/epoch_frames/KAR-SET-052/1972.jpg,1972-11-11,1.0,0.1204,0.1239,0.6082,,False,60.0
KAR-SET-052_1977,KAR-SET-052,1977,LM02_L1TP_154040_19770323_02_T2,landsat-c2-l1,landsat-2,outputs/figures/karnali_79/epoch_frames/KAR-SET-052/1977.jpg,1977-03-23,1.0,0.1188,0.0036,0.0013,,False,60.0
KAR-SET-052_1987,KAR-SET-052,1987,LT05_L2SP_143040_19871227_02_T1,landsat-c2-l2,landsat-5,outputs/figures/karnali_79/epoch_frames/KAR-SET-052/1987.jpg,1987-12-27,1.0,0.25,0.2689,0.0721,0.1094,True,30.0
KAR-SET-052_1992,KAR-SET-052,1992,LT05_L2SP_143040_19921106_02_T1,landsat-c2-l2,landsat-5,outputs/figures/karnali_79/epoch_frames/KAR-SET-052/1992.jpg,1992-11-06,1.0,0.3289,0.5216,0.0095,0.0925,True,30.0
KAR-SET-052_1997,KAR-SET-052,1997,LT05_L2SP_143040_19970309_02_T1,landsat-c2-l2,landsat-5,outputs/figures/karnali_79/epoch_frames/KAR-SET-052/1997.jpg,1997-03-09,1.0,0.2359,0.237,0.0,0.119,True,30.0
KAR-SET-052_2002,KAR-SET-052,2002,LE07_L2SP_143040_20021025_02_T1,landsat-c2-l2,landsat-7,outputs/figures/karnali_79/epoch_frames/KAR-SET-052/2002.jpg,2002-10-25,1.0,0.4051,0.7633,0.0009,0.088,True,30.0
KAR-SET-052_2007,KAR-SET-052,2007,LT05_L2SP_143040_20080424_02_T1,landsat-c2-l2,landsat-5,outputs/figures/karnali_79/epoch_frames/KAR-SET-052/2007.jpg,2008-04-24,1.0,0.3263,0.5686,0.0005,0.1158,True,30.0
KAR-SET-052_2012,KAR-SET-052,2012,LC08_L2SP_143040_20131031_02_T1,landsat-c2-l2,landsat-8,outputs/figures/karnali_79/epoch_frames/KAR-SET-052/2012.jpg,2013-10-31,1.0,0.4451,0.837,0.0006,0.0786,True,30.0
KAR-SET-052_2017,KAR-SET-052,2017,S2A_MSIL2A_20171001T050651_R019_T44RPT_20210202T121726,sentinel-2-l2a,Sentinel-2A,outputs/figures/karnali_79/epoch_frames/KAR-SET-052/2017.jpg,2017-10-01,0.9992,0.5772,0.954,0.0032,0.0709,True,10.0
KAR-SET-052_2022,KAR-SET-052,2022,S2B_MSIL2A_20221129T051149_R019_T44RPT_20221130T153301,sentinel-2-l2a,Sentinel-2B,outputs/figures/karnali_79/epoch_frames/KAR-SET-052/2022.jpg,2022-11-29,1.0,0.3688,0.4763,0.0009,0.0894,True,10.0
KAR-SET-052_2026,KAR-SET-052,2026,S2C_MSIL2A_20260216T050911_R019_T44RPT_20260216T100811,sentinel-2-l2a,Sentinel-2C,outputs/figures/karnali_79/epoch_frames/KAR-SET-052/2026.jpg,2026-02-16,1.0,0.3303,0.3865,0.0012,0.1004,True,10.0
KAR-SET-053_1972,KAR-SET-053,1972,LM01_L1TP_154039_19721111_02_T2,landsat-c2-l1,landsat-1,outputs/figures/karnali_79/epoch_frames/KAR-SET-053/1972.jpg,1972-11-11,1.0,0.0833,0.0027,0.3306,,False,60.0
KAR-SET-053_1977,KAR-SET-053,1977,LM02_L1TP_154040_19770323_02_T2,landsat-c2-l1,landsat-2,outputs/figures/karnali_79/epoch_frames/KAR-SET-053/1977.jpg,1977-03-23,1.0,0.1306,0.0053,0.0025,,False,60.0
KAR-SET-053_1987,KAR-SET-053,1987,LT05_L2SP_143040_19871227_02_T1,landsat-c2-l2,landsat-5,outputs/figures/karnali_79/epoch_frames/KAR-SET-053/1987.jpg,1987-12-27,1.0,0.2763,0.3412,0.1786,0.0908,True,30.0
KAR-SET-053_1992,KAR-SET-053,1992,LT05_L2SP_144040_19921028_02_T1,landsat-c2-l2,landsat-5,outputs/figures/karnali_79/epoch_frames/KAR-SET-053/1992.jpg,1992-10-28,0.9625,0.3839,0.7743,0.0272,0.0746,True,30.0
KAR-SET-053_1997,KAR-SET-053,1997,LT05_L2SP_144040_19970228_02_T1,landsat-c2-l2,landsat-5,outputs/figures/karnali_79/epoch_frames/KAR-SET-053/1997.jpg,1997-02-28,0.9721,0.342,0.5036,0.054,0.0716,True,30.0
KAR-SET-053_2002,KAR-SET-053,2002,LE07_L2SP_144040_20021101_02_T1,landsat-c2-l2,landsat-7,outputs/figures/karnali_79/epoch_frames/KAR-SET-053/2002.jpg,2002-11-01,1.0,0.3951,0.6585,0.0031,0.0743,True,30.0
KAR-SET-053_2007,KAR-SET-053,2007,LT05_L2SP_143040_20081102_02_T1,landsat-c2-l2,landsat-5,outputs/figures/karnali_79/epoch_frames/KAR-SET-053/2007.jpg,2008-11-02,1.0,0.3615,0.602,0.0129,0.0822,True,30.0
KAR-SET-053_2012,KAR-SET-053,2012,LC08_L2SP_144040_20130413_02_T1,landsat-c2-l2,landsat-8,outputs/figures/karnali_79/epoch_frames/KAR-SET-053/2012.jpg,2013-04-13,1.0,0.4306,0.8167,0.0003,0.0789,True,30.0
KAR-SET-053_2017,KAR-SET-053,2017,S2A_MSIL2A_20170124T051101_R019_T44RNT_20210207T175513,sentinel-2-l2a,Sentinel-2A,outputs/figures/karnali_79/epoch_frames/KAR-SET-053/2017.jpg,2017-01-24,0.9966,0.3855,0.485,0.0026,0.0828,True,10.0
KAR-SET-053_2022,KAR-SET-053,2022,S2B_MSIL2A_20220314T050649_R019_T44RNT_20220314T143917,sentinel-2-l2a,Sentinel-2B,outputs/figures/karnali_79/epoch_frames/KAR-SET-053/2022.jpg,2022-03-14,0.9976,0.4013,0.5701,0.0078,0.0907,True,10.0
KAR-SET-053_2026,KAR-SET-053,2026,S2B_MSIL2A_20260422T050649_R019_T44RNT_20260422T085212,sentinel-2-l2a,Sentinel-2B,outputs/figures/karnali_79/epoch_frames/KAR-SET-053/2026.jpg,2026-04-22,1.0,0.4709,0.776,0.003,0.0969,True,10.0
KAR-SET-054_1972,KAR-SET-054,1972,LM01_L1TP_154039_19721111_02_T2,landsat-c2-l1,landsat-1,outputs/figures/karnali_79/epoch_frames/KAR-SET-054/1972.jpg,1972-11-11,1.0,0.0926,0.0082,0.3898,,False,60.0
KAR-SET-054_1977,KAR-SET-054,1977,LM02_L1TP_154040_19770323_02_T2,landsat-c2-l1,landsat-2,outputs/figures/karnali_79/epoch_frames/KAR-SET-054/1977.jpg,1977-03-23,1.0,0.1298,0.0049,0.0018,,False,60.0
KAR-SET-054_1987,KAR-SET-054,1987,LT05_L2SP_143040_19871227_02_T1,landsat-c2-l2,landsat-5,outputs/figures/karnali_79/epoch_frames/KAR-SET-054/1987.jpg,1987-12-27,1.0,0.3012,0.4089,0.1948,0.0904,True,30.0
KAR-SET-054_1992,KAR-SET-054,1992,LT05_L2SP_144040_19921215_02_T1,landsat-c2-l2,landsat-5,outputs/figures/karnali_79/epoch_frames/KAR-SET-054/1992.jpg,1992-12-15,1.0,0.3109,0.4553,0.1048,0.0781,True,30.0
KAR-SET-054_1997,KAR-SET-054,1997,LT05_L2SP_144040_19970111_02_T1,landsat-c2-l2,landsat-5,outputs/figures/karnali_79/epoch_frames/KAR-SET-054/1997.jpg,1997-01-11,1.0,0.3516,0.5105,0.057,0.0718,True,30.0
KAR-SET-054_2002,KAR-SET-054,2002,LE07_L2SP_144040_20021101_02_T1,landsat-c2-l2,landsat-7,outputs/figures/karnali_79/epoch_frames/KAR-SET-054/2002.jpg,2002-11-01,1.0,0.446,0.8418,0.0002,0.0682,True,30.0
KAR-SET-054_2007,KAR-SET-054,2007,LT05_L2SP_143040_20081102_02_T1,landsat-c2-l2,landsat-5,outputs/figures/karnali_79/epoch_frames/KAR-SET-054/2007.jpg,2008-11-02,1.0,0.412,0.8191,0.006,0.0761,True,30.0
KAR-SET-054_2012,KAR-SET-054,2012,LC08_L2SP_144040_20130413_02_T1,landsat-c2-l2,landsat-8,outputs/figures/karnali_79/epoch_frames/KAR-SET-054/2012.jpg,2013-04-13,1.0,0.4298,0.6961,0.0,0.0822,True,30.0
KAR-SET-054_2017,KAR-SET-054,2017,S2A_MSIL2A_20170124T051101_R019_T44RNT_20210207T175513,sentinel-2-l2a,Sentinel-2A,outputs/figures/karnali_79/epoch_frames/KAR-SET-054/2017.jpg,2017-01-24,0.999,0.4477,0.5506,0.002,0.0829,True,10.0
KAR-SET-054_2022,KAR-SET-054,2022,S2B_MSIL2A_20220314T050649_R019_T44RNT_20220314T143917,sentinel-2-l2a,Sentinel-2B,outputs/figures/karnali_79/epoch_frames/KAR-SET-054/2022.jpg,2022-03-14,0.9946,0.4441,0.5561,0.0046,0.0913,True,10.0
KAR-SET-054_2026,KAR-SET-054,2026,S2B_MSIL2A_20260422T050649_R019_T44RNT_20260422T085212,sentinel-2-l2a,Sentinel-2B,outputs/figures/karnali_79/epoch_frames/KAR-SET-054/2026.jpg,2026-04-22,1.0,0.4721,0.6409,0.0,0.1042,True,10.0
KAR-SET-055_1972,KAR-SET-055,1972,LM01_L1TP_154039_19721111_02_T2,landsat-c2-l1,landsat-1,outputs/figures/karnali_79/epoch_frames/KAR-SET-055/1972.jpg,1972-11-11,1.0,0.0829,0.0069,0.309,,False,60.0
KAR-SET-055_1977,KAR-SET-055,1977,LM02_L1TP_154040_19770323_02_T2,landsat-c2-l1,landsat-2,outputs/figures/karnali_79/epoch_frames/KAR-SET-055/1977.jpg,1977-03-23,1.0,0.1311,0.0154,0.0354,,False,60.0
KAR-SET-055_1987,KAR-SET-055,1987,LT05_L2SP_143040_19871227_02_T1,landsat-c2-l2,landsat-5,outputs/figures/karnali_79/epoch_frames/KAR-SET-055/1987.jpg,1987-12-27,1.0,0.2802,0.3526,0.17,0.0853,True,30.0
KAR-SET-055_1992,KAR-SET-055,1992,LT05_L2SP_143040_19921106_02_T1,landsat-c2-l2,landsat-5,outputs/figures/karnali_79/epoch_frames/KAR-SET-055/1992.jpg,1992-11-06,1.0,0.3418,0.6649,0.0779,0.0768,True,30.0
KAR-SET-055_1997,KAR-SET-055,1997,LT05_L2SP_143040_19970309_02_T1,landsat-c2-l2,landsat-5,outputs/figures/karnali_79/epoch_frames/KAR-SET-055/1997.jpg,1997-03-09,0.9997,0.2459,0.286,0.0172,0.1022,True,30.0
KAR-SET-055_2002,KAR-SET-055,2002,LE07_L2SP_143040_20021025_02_T1,landsat-c2-l2,landsat-7,outputs/figures/karnali_79/epoch_frames/KAR-SET-055/2002.jpg,2002-10-25,1.0,0.4284,0.8572,0.008,0.0682,True,30.0
KAR-SET-055_2007,KAR-SET-055,2007,LT05_L2SP_143040_20080424_02_T1,landsat-c2-l2,landsat-5,outputs/figures/karnali_79/epoch_frames/KAR-SET-055/2007.jpg,2008-04-24,1.0,0.2857,0.3869,0.0003,0.1056,True,30.0
KAR-SET-055_2012,KAR-SET-055,2012,LC08_L2SP_143040_20131031_02_T1,landsat-c2-l2,landsat-8,outputs/figures/karnali_79/epoch_frames/KAR-SET-055/2012.jpg,2013-10-31,1.0,0.4954,0.9625,0.0003,0.0608,True,30.0
KAR-SET-055_2017,KAR-SET-055,2017,S2A_MSIL2A_20171001T050651_R019_T44RPT_20210202T121726,sentinel-2-l2a,Sentinel-2A,outputs/figures/karnali_79/epoch_frames/KAR-SET-055/2017.jpg,2017-10-01,0.9923,0.5877,0.9701,0.0014,0.0653,True,10.0
KAR-SET-055_2022,KAR-SET-055,2022,S2B_MSIL2A_20221129T051149_R019_T44RPT_20221130T153301,sentinel-2-l2a,Sentinel-2B,outputs/figures/karnali_79/epoch_frames/KAR-SET-055/2022.jpg,2022-11-29,1.0,0.4204,0.5932,0.0001,0.0739,True,10.0
KAR-SET-055_2026,KAR-SET-055,2026,S2C_MSIL2A_20260216T050911_R019_T44RPT_20260216T100811,sentinel-2-l2a,Sentinel-2C,outputs/figures/karnali_79/epoch_frames/KAR-SET-055/2026.jpg,2026-02-16,0.9996,0.3601,0.4451,0.0021,0.0898,True,10.0
KAR-SET-056_1972,KAR-SET-056,1972,LM01_L1TP_154040_19721217_02_T2,landsat-c2-l1,landsat-1,outputs/figures/karnali_79/epoch_frames/KAR-SET-056/1972.jpg,1972-12-17,1.0,0.065,0.006,0.1882,,False,60.0
KAR-SET-056_1977,KAR-SET-056,1977,LM02_L1TP_154040_19770323_02_T2,landsat-c2-l1,landsat-2,outputs/figures/karnali_79/epoch_frames/KAR-SET-056/1977.jpg,1977-03-23,1.0,0.1378,0.0432,0.0022,,False,60.0
KAR-SET-056_1987,KAR-SET-056,1987,LT05_L2SP_143040_19871227_02_T1,landsat-c2-l2,landsat-5,outputs/figures/karnali_79/epoch_frames/KAR-SET-056/1987.jpg,1987-12-27,1.0,0.3049,0.2867,0.0195,0.1184,True,30.0
KAR-SET-056_1992,KAR-SET-056,1992,LT05_L2SP_144040_19921028_02_T1,landsat-c2-l2,landsat-5,outputs/figures/karnali_79/epoch_frames/KAR-SET-056/1992.jpg,1992-10-28,1.0,0.4328,0.9639,0.001,0.0858,True,30.0
KAR-SET-056_1997,KAR-SET-056,1997,LT05_L2SP_144040_19970228_02_T1,landsat-c2-l2,landsat-5,outputs/figures/karnali_79/epoch_frames/KAR-SET-056/1997.jpg,1997-02-28,0.9812,0.3332,0.4314,0.0055,0.0927,True,30.0
KAR-SET-056_2002,KAR-SET-056,2002,LE07_L2SP_144040_20021101_02_T1,landsat-c2-l2,landsat-7,outputs/figures/karnali_79/epoch_frames/KAR-SET-056/2002.jpg,2002-11-01,1.0,0.4107,0.8293,0.0,0.0861,True,30.0
KAR-SET-056_2007,KAR-SET-056,2007,LT05_L2SP_143040_20081102_02_T1,landsat-c2-l2,landsat-5,outputs/figures/karnali_79/epoch_frames/KAR-SET-056/2007.jpg,2008-11-02,1.0,0.3979,0.8368,0.0006,0.0964,True,30.0
KAR-SET-056_2012,KAR-SET-056,2012,LC08_L2SP_144040_20130413_02_T1,landsat-c2-l2,landsat-8,outputs/figures/karnali_79/epoch_frames/KAR-SET-056/2012.jpg,2013-04-13,1.0,0.4262,0.9146,0.0,0.0927,True,30.0
KAR-SET-056_2017,KAR-SET-056,2017,S2A_MSIL2A_20170124T051101_R019_T44RNT_20210207T175513,sentinel-2-l2a,Sentinel-2A,outputs/figures/karnali_79/epoch_frames/KAR-SET-056/2017.jpg,2017-01-24,0.9962,0.3606,0.4226,0.0021,0.093,True,10.0
KAR-SET-056_2022,KAR-SET-056,2022,S2B_MSIL2A_20220314T050649_R019_T44RNT_20220314T143917,sentinel-2-l2a,Sentinel-2B,outputs/figures/karnali_79/epoch_frames/KAR-SET-056/2022.jpg,2022-03-14,1.0,0.3791,0.5114,0.0009,0.1009,True,10.0
KAR-SET-056_2026,KAR-SET-056,2026,S2B_MSIL2A_20260422T050649_R019_T44RNT_20260422T085212,sentinel-2-l2a,Sentinel-2B,outputs/figures/karnali_79/epoch_frames/KAR-SET-056/2026.jpg,2026-04-22,1.0,0.4127,0.6621,0.0,0.1122,True,10.0
KAR-SET-057_1972,KAR-SET-057,1972,LM01_L1TP_154040_19721217_02_T2,landsat-c2-l1,landsat-1,outputs/figures/karnali_79/epoch_frames/KAR-SET-057/1972.jpg,1972-12-17,0.9786,0.0166,0.0,0.4355,,False,60.0
KAR-SET-057_1977,KAR-SET-057,1977,LM02_L1TP_154040_19770323_02_T2,landsat-c2-l1,landsat-2,outputs/figures/karnali_79/epoch_frames/KAR-SET-057/1977.jpg,1977-03-23,1.0,0.1091,0.0009,0.0312,,False,60.0
KAR-SET-057_1987,KAR-SET-057,1987,LT05_L2SP_143040_19871227_02_T1,landsat-c2-l2,landsat-5,outputs/figures/karnali_79/epoch_frames/KAR-SET-057/1987.jpg,1987-12-27,1.0,0.2406,0.2208,0.2372,0.1079,True,30.0
KAR-SET-057_1992,KAR-SET-057,1992,LT05_L2SP_144040_19921028_02_T1,landsat-c2-l2,landsat-5,outputs/figures/karnali_79/epoch_frames/KAR-SET-057/1992.jpg,1992-10-28,1.0,0.3761,0.8404,0.0627,0.0866,True,30.0
KAR-SET-057_1997,KAR-SET-057,1997,LT05_L2SP_144040_19970228_02_T1,landsat-c2-l2,landsat-5,outputs/figures/karnali_79/epoch_frames/KAR-SET-057/1997.jpg,1997-02-28,0.9684,0.3021,0.3424,0.0079,0.092,True,30.0
KAR-SET-057_2002,KAR-SET-057,2002,LE07_L2SP_144040_20021101_02_T1,landsat-c2-l2,landsat-7,outputs/figures/karnali_79/epoch_frames/KAR-SET-057/2002.jpg,2002-11-01,0.9999,0.3412,0.5112,0.0031,0.0933,True,30.0
KAR-SET-057_2007,KAR-SET-057,2007,LT05_L2SP_143040_20081102_02_T1,landsat-c2-l2,landsat-5,outputs/figures/karnali_79/epoch_frames/KAR-SET-057/2007.jpg,2008-11-02,1.0,0.3368,0.582,0.0141,0.1016,True,30.0
KAR-SET-057_2012,KAR-SET-057,2012,LC08_L2SP_144040_20130413_02_T1,landsat-c2-l2,landsat-8,outputs/figures/karnali_79/epoch_frames/KAR-SET-057/2012.jpg,2013-04-13,0.9999,0.3799,0.7338,0.0,0.1001,True,30.0
KAR-SET-057_2017,KAR-SET-057,2017,S2A_MSIL2A_20170124T051101_R019_T44RNT_20210207T175513,sentinel-2-l2a,Sentinel-2A,outputs/figures/karnali_79/epoch_frames/KAR-SET-057/2017.jpg,2017-01-24,1.0,0.3288,0.3425,0.0022,0.0967,True,10.0
KAR-SET-057_2022,KAR-SET-057,2022,S2B_MSIL2A_20220314T050649_R019_T44RNT_20220314T143917,sentinel-2-l2a,Sentinel-2B,outputs/figures/karnali_79/epoch_frames/KAR-SET-057/2022.jpg,2022-03-14,1.0,0.3464,0.4029,0.001,0.1109,True,10.0
KAR-SET-057_2026,KAR-SET-057,2026,S2B_MSIL2A_20260422T050649_R019_T44RNT_20260422T085212,sentinel-2-l2a,Sentinel-2B,outputs/figures/karnali_79/epoch_frames/KAR-SET-057/2026.jpg,2026-04-22,1.0,0.3488,0.463,0.0005,0.131,True,10.0
KAR-SET-058_1972,KAR-SET-058,1972,LM01_L1TP_154040_19721217_02_T2,landsat-c2-l1,landsat-1,outputs/figures/karnali_79/epoch_frames/KAR-SET-058/1972.jpg,1972-12-17,0.9958,0.008,0.0002,0.4485,,False,60.0
KAR-SET-058_1977,KAR-SET-058,1977,LM02_L1TP_154040_19770323_02_T2,landsat-c2-l1,landsat-2,outputs/figures/karnali_79/epoch_frames/KAR-SET-058/1977.jpg,1977-03-23,1.0,0.1267,0.0125,0.0098,,False,60.0
KAR-SET-058_1987,KAR-SET-058,1987,LT05_L2SP_143040_19871227_02_T1,landsat-c2-l2,landsat-5,outputs/figures/karnali_79/epoch_frames/KAR-SET-058/1987.jpg,1987-12-27,1.0,0.2288,0.2011,0.2681,0.0978,True,30.0
KAR-SET-058_1992,KAR-SET-058,1992,LT05_L2SP_143040_19931109_02_T1,landsat-c2-l2,landsat-5,outputs/figures/karnali_79/epoch_frames/KAR-SET-058/1992.jpg,1993-11-09,1.0,0.2924,0.3365,0.1076,0.0955,True,30.0
KAR-SET-058_1997,KAR-SET-058,1997,LT05_L2SP_144040_19970111_02_T1,landsat-c2-l2,landsat-5,outputs/figures/karnali_79/epoch_frames/KAR-SET-058/1997.jpg,1997-01-11,1.0,0.2861,0.35,0.0789,0.0793,True,30.0
KAR-SET-058_2002,KAR-SET-058,2002,LE07_L2SP_143040_20021025_02_T1,landsat-c2-l2,landsat-7,outputs/figures/karnali_79/epoch_frames/KAR-SET-058/2002.jpg,2002-10-25,1.0,0.4263,0.8471,0.0206,0.0785,True,30.0
KAR-SET-058_2007,KAR-SET-058,2007,LT05_L2SP_143040_20081102_02_T1,landsat-c2-l2,landsat-5,outputs/figures/karnali_79/epoch_frames/KAR-SET-058/2007.jpg,2008-11-02,1.0,0.3537,0.6341,0.0669,0.0869,True,30.0
KAR-SET-058_2012,KAR-SET-058,2012,LC08_L2SP_144040_20130413_02_T1,landsat-c2-l2,landsat-8,outputs/figures/karnali_79/epoch_frames/KAR-SET-058/2012.jpg,2013-04-13,1.0,0.3974,0.6726,0.0003,0.0904,True,30.0
KAR-SET-058_2017,KAR-SET-058,2017,S2A_MSIL2A_20170124T051101_R019_T44RNT_20210207T175513,sentinel-2-l2a,Sentinel-2A,outputs/figures/karnali_79/epoch_frames/KAR-SET-058/2017.jpg,2017-01-24,0.9992,0.3878,0.4148,0.007,0.0862,True,10.0
KAR-SET-058_2022,KAR-SET-058,2022,S2B_MSIL2A_20231214T051219_R019_T44RNT_20231214T090031,sentinel-2-l2a,Sentinel-2B,outputs/figures/karnali_79/epoch_frames/KAR-SET-058/2022.jpg,2023-12-14,0.9999,0.3734,0.4355,0.0275,0.0797,True,10.0
KAR-SET-058_2026,KAR-SET-058,2026,S2B_MSIL2A_20260422T050649_R019_T44RNT_20260422T085212,sentinel-2-l2a,Sentinel-2B,outputs/figures/karnali_79/epoch_frames/KAR-SET-058/2026.jpg,2026-04-22,1.0,0.3905,0.5439,0.0012,0.1173,True,10.0
KAR-SET-059_1972,KAR-SET-059,1972,LM01_L1GS_154040_19721111_02_T2,landsat-c2-l1,landsat-1,outputs/figures/karnali_79/epoch_frames/KAR-SET-059/1972.jpg,1972-11-11,0.9771,0.09,0.0752,0.5773,,False,60.0
KAR-SET-059_1977,KAR-SET-059,1977,LM02_L1TP_154040_19770323_02_T2,landsat-c2-l1,landsat-2,outputs/figures/karnali_79/epoch_frames/KAR-SET-059/1977.jpg,1977-03-23,1.0,0.1077,0.0002,0.0096,,False,60.0
KAR-SET-059_1987,KAR-SET-059,1987,LT05_L2SP_143040_19871227_02_T1,landsat-c2-l2,landsat-5,outputs/figures/karnali_79/epoch_frames/KAR-SET-059/1987.jpg,1987-12-27,1.0,0.2804,0.3307,0.0821,0.0911,True,30.0
KAR-SET-059_1992,KAR-SET-059,1992,LT05_L2SP_143040_19921106_02_T1,landsat-c2-l2,landsat-5,outputs/figures/karnali_79/epoch_frames/KAR-SET-059/1992.jpg,1992-11-06,1.0,0.344,0.6458,0.0194,0.0796,True,30.0
KAR-SET-059_1997,KAR-SET-059,1997,LT05_L2SP_143040_19970309_02_T1,landsat-c2-l2,landsat-5,outputs/figures/karnali_79/epoch_frames/KAR-SET-059/1997.jpg,1997-03-09,0.9959,0.2497,0.2657,0.0065,0.1082,True,30.0
KAR-SET-059_2002,KAR-SET-059,2002,LE07_L2SP_143040_20021025_02_T1,landsat-c2-l2,landsat-7,outputs/figures/karnali_79/epoch_frames/KAR-SET-059/2002.jpg,2002-10-25,1.0,0.4412,0.8817,0.0003,0.0697,True,30.0
KAR-SET-059_2007,KAR-SET-059,2007,LT05_L2SP_143040_20080424_02_T1,landsat-c2-l2,landsat-5,outputs/figures/karnali_79/epoch_frames/KAR-SET-059/2007.jpg,2008-04-24,1.0,0.3048,0.4835,0.0,0.1053,True,30.0
KAR-SET-059_2012,KAR-SET-059,2012,LC08_L2SP_143040_20131031_02_T1,landsat-c2-l2,landsat-8,outputs/figures/karnali_79/epoch_frames/KAR-SET-059/2012.jpg,2013-10-31,1.0,0.4896,0.9497,0.0001,0.0639,True,30.0
KAR-SET-059_2017,KAR-SET-059,2017,S2A_MSIL2A_20171001T050651_R019_T44RPT_20210202T121726,sentinel-2-l2a,Sentinel-2A,outputs/figures/karnali_79/epoch_frames/KAR-SET-059/2017.jpg,2017-10-01,0.9923,0.6078,0.9817,0.0001,0.0653,True,10.0
KAR-SET-059_2022,KAR-SET-059,2022,S2B_MSIL2A_20221129T051149_R019_T44RPT_20221130T153301,sentinel-2-l2a,Sentinel-2B,outputs/figures/karnali_79/epoch_frames/KAR-SET-059/2022.jpg,2022-11-29,1.0,0.4185,0.5793,0.0,0.0793,True,10.0
KAR-SET-059_2026,KAR-SET-059,2026,S2C_MSIL2A_20260216T050911_R019_T44RPT_20260216T100811,sentinel-2-l2a,Sentinel-2C,outputs/figures/karnali_79/epoch_frames/KAR-SET-059/2026.jpg,2026-02-16,1.0,0.3672,0.45,0.0024,0.0953,True,10.0
KAR-SET-060_1972,KAR-SET-060,1972,LM01_L1TP_155040_19721130_02_T2,landsat-c2-l1,landsat-1,outputs/figures/karnali_79/epoch_frames/KAR-SET-060/1972.jpg,1972-11-30,1.0,0.1057,0.0047,0.1896,,False,60.0
KAR-SET-060_1977,KAR-SET-060,1977,LM02_L1TP_155040_19770216_02_T2,landsat-c2-l1,landsat-2,outputs/figures/karnali_79/epoch_frames/KAR-SET-060/1977.jpg,1977-02-16,1.0,0.1658,0.0708,0.0332,,False,60.0
KAR-SET-060_1987,KAR-SET-060,1987,LT05_L2SP_144040_19890411_02_T1,landsat-c2-l2,landsat-5,outputs/figures/karnali_79/epoch_frames/KAR-SET-060/1987.jpg,1989-04-11,1.0,0.3621,0.6481,0.0018,0.103,True,30.0
KAR-SET-060_1992,KAR-SET-060,1992,LT05_L2SP_144040_19921028_02_T1,landsat-c2-l2,landsat-5,outputs/figures/karnali_79/epoch_frames/KAR-SET-060/1992.jpg,1992-10-28,1.0,0.4319,0.9667,0.0056,0.0942,True,30.0
KAR-SET-060_1997,KAR-SET-060,1997,LT05_L2SP_144040_19970228_02_T1,landsat-c2-l2,landsat-5,outputs/figures/karnali_79/epoch_frames/KAR-SET-060/1997.jpg,1997-02-28,1.0,0.3655,0.632,0.0012,0.0955,True,30.0
KAR-SET-060_2002,KAR-SET-060,2002,LE07_L2SP_144040_20021101_02_T1,landsat-c2-l2,landsat-7,outputs/figures/karnali_79/epoch_frames/KAR-SET-060/2002.jpg,2002-11-01,1.0,0.4223,0.9273,0.0027,0.0959,True,30.0
KAR-SET-060_2007,KAR-SET-060,2007,LT05_L2SP_143040_20081102_02_T1,landsat-c2-l2,landsat-5,outputs/figures/karnali_79/epoch_frames/KAR-SET-060/2007.jpg,2008-11-02,1.0,0.4068,0.8752,0.0071,0.1055,True,30.0
KAR-SET-060_2012,KAR-SET-060,2012,LC08_L2SP_144040_20130413_02_T1,landsat-c2-l2,landsat-8,outputs/figures/karnali_79/epoch_frames/KAR-SET-060/2012.jpg,2013-04-13,1.0,0.4192,0.9202,0.0003,0.1046,True,30.0
KAR-SET-060_2017,KAR-SET-060,2017,S2A_MSIL2A_20170124T051101_R019_T44RNT_20210207T175513,sentinel-2-l2a,Sentinel-2A,outputs/figures/karnali_79/epoch_frames/KAR-SET-060/2017.jpg,2017-01-24,1.0,0.3707,0.589,0.0,0.1016,True,10.0
KAR-SET-060_2022,KAR-SET-060,2022,S2B_MSIL2A_20220314T050649_R019_T44RNT_20220314T143917,sentinel-2-l2a,Sentinel-2B,outputs/figures/karnali_79/epoch_frames/KAR-SET-060/2022.jpg,2022-03-14,1.0,0.4361,0.7877,0.0006,0.1025,True,10.0
KAR-SET-060_2026,KAR-SET-060,2026,S2B_MSIL2A_20260422T050649_R019_T44RNT_20260422T085212,sentinel-2-l2a,Sentinel-2B,outputs/figures/karnali_79/epoch_frames/KAR-SET-060/2026.jpg,2026-04-22,1.0,0.3909,0.7132,0.0011,0.1235,True,10.0
KAR-SET-061_1972,KAR-SET-061,1972,LM01_L1TP_155040_19721130_02_T2,landsat-c2-l1,landsat-1,outputs/figures/karnali_79/epoch_frames/KAR-SET-061/1972.jpg,1972-11-30,1.0,0.1074,0.0548,0.5126,,False,60.0
KAR-SET-061_1977,KAR-SET-061,1977,LM02_L1TP_155040_19761013_02_T2,landsat-c2-l1,landsat-2,outputs/figures/karnali_79/epoch_frames/KAR-SET-061/1977.jpg,1976-10-13,1.0,0.3436,0.7178,0.0564,,False,60.0
KAR-SET-061_1987,KAR-SET-061,1987,LT05_L2SP_144040_19890411_02_T1,landsat-c2-l2,landsat-5,outputs/figures/karnali_79/epoch_frames/KAR-SET-061/1987.jpg,1989-04-11,1.0,0.4082,0.8238,0.0045,0.0736,True,30.0
KAR-SET-061_1992,KAR-SET-061,1992,LT05_L2SP_144040_19921028_02_T1,landsat-c2-l2,landsat-5,outputs/figures/karnali_79/epoch_frames/KAR-SET-061/1992.jpg,1992-10-28,0.9997,0.496,0.9857,0.1035,0.0586,True,30.0
KAR-SET-061_1997,KAR-SET-061,1997,LT05_L2SP_144040_19970228_02_T1,landsat-c2-l2,landsat-5,outputs/figures/karnali_79/epoch_frames/KAR-SET-061/1997.jpg,1997-02-28,1.0,0.4246,0.8541,0.0107,0.0557,True,30.0
KAR-SET-061_2002,KAR-SET-061,2002,LE07_L2SP_144040_20021101_02_T1,landsat-c2-l2,landsat-7,outputs/figures/karnali_79/epoch_frames/KAR-SET-061/2002.jpg,2002-11-01,0.9996,0.5341,0.985,0.0284,0.0548,True,30.0
KAR-SET-061_2007,KAR-SET-061,2007,LT05_L2SP_143040_20081102_02_T1,landsat-c2-l2,landsat-5,outputs/figures/karnali_79/epoch_frames/KAR-SET-061/2007.jpg,2008-11-02,1.0,0.4825,0.9614,0.1044,0.0653,True,30.0
KAR-SET-061_2012,KAR-SET-061,2012,LC08_L2SP_144040_20130413_02_T1,landsat-c2-l2,landsat-8,outputs/figures/karnali_79/epoch_frames/KAR-SET-061/2012.jpg,2013-04-13,1.0,0.4432,0.9262,0.0004,0.0808,True,30.0
KAR-SET-061_2017,KAR-SET-061,2017,S2A_MSIL2A_20170124T051101_R019_T44RNT_20210207T175513,sentinel-2-l2a,Sentinel-2A,outputs/figures/karnali_79/epoch_frames/KAR-SET-061/2017.jpg,2017-01-24,1.0,0.5254,0.8213,0.0004,0.0646,True,10.0
KAR-SET-061_2022,KAR-SET-061,2022,S2B_MSIL2A_20220314T050649_R019_T44RNT_20220314T143917,sentinel-2-l2a,Sentinel-2B,outputs/figures/karnali_79/epoch_frames/KAR-SET-061/2022.jpg,2022-03-14,1.0,0.502,0.879,0.0016,0.0852,True,10.0
KAR-SET-061_2026,KAR-SET-061,2026,S2B_MSIL2A_20260422T050649_R019_T44RNT_20260422T085212,sentinel-2-l2a,Sentinel-2B,outputs/figures/karnali_79/epoch_frames/KAR-SET-061/2026.jpg,2026-04-22,1.0,0.4332,0.85,0.0021,0.1151,True,10.0
KAR-SET-062_1972,KAR-SET-062,1972,LM01_L1TP_154040_19721217_02_T2,landsat-c2-l1,landsat-1,outputs/figures/karnali_79/epoch_frames/KAR-SET-062/1972.jpg,1972-12-17,1.0,0.082,0.0007,0.2453,,False,60.0
KAR-SET-062_1977,KAR-SET-062,1977,LM02_L1TP_154040_19770323_02_T2,landsat-c2-l1,landsat-2,outputs/figures/karnali_79/epoch_frames/KAR-SET-062/1977.jpg,1977-03-23,1.0,0.1479,0.0214,0.0225,,False,60.0
KAR-SET-062_1987,KAR-SET-062,1987,LT05_L2SP_143040_19871227_02_T1,landsat-c2-l2,landsat-5,outputs/figures/karnali_79/epoch_frames/KAR-SET-062/1987.jpg,1987-12-27,1.0,0.3798,0.6416,0.0507,0.0948,True,30.0
KAR-SET-062_1992,KAR-SET-062,1992,LT05_L2SP_144040_19921028_02_T1,landsat-c2-l2,landsat-5,outputs/figures/karnali_79/epoch_frames/KAR-SET-062/1992.jpg,1992-10-28,0.9997,0.4883,0.9665,0.0118,0.0702,True,30.0
KAR-SET-062_1997,KAR-SET-062,1997,LT05_L2SP_144040_19970228_02_T1,landsat-c2-l2,landsat-5,outputs/figures/karnali_79/epoch_frames/KAR-SET-062/1997.jpg,1997-02-28,0.9993,0.3948,0.7611,0.0022,0.0745,True,30.0
KAR-SET-062_2002,KAR-SET-062,2002,LE07_L2SP_144040_20021101_02_T1,landsat-c2-l2,landsat-7,outputs/figures/karnali_79/epoch_frames/KAR-SET-062/2002.jpg,2002-11-01,0.9992,0.5074,0.9696,0.0065,0.0685,True,30.0
KAR-SET-062_2007,KAR-SET-062,2007,LT05_L2SP_143040_20081102_02_T1,landsat-c2-l2,landsat-5,outputs/figures/karnali_79/epoch_frames/KAR-SET-062/2007.jpg,2008-11-02,1.0,0.4556,0.9163,0.012,0.0844,True,30.0
KAR-SET-062_2012,KAR-SET-062,2012,LC08_L2SP_144040_20130413_02_T1,landsat-c2-l2,landsat-8,outputs/figures/karnali_79/epoch_frames/KAR-SET-062/2012.jpg,2013-04-13,0.9996,0.4544,0.9624,0.0003,0.0831,True,30.0
KAR-SET-062_2017,KAR-SET-062,2017,S2A_MSIL2A_20170124T051101_R019_T44RNT_20210207T175513,sentinel-2-l2a,Sentinel-2A,outputs/figures/karnali_79/epoch_frames/KAR-SET-062/2017.jpg,2017-01-24,1.0,0.4437,0.7075,0.0005,0.0774,True,10.0
KAR-SET-062_2022,KAR-SET-062,2022,S2B_MSIL2A_20220314T050649_R019_T44RNT_20220314T143917,sentinel-2-l2a,Sentinel-2B,outputs/figures/karnali_79/epoch_frames/KAR-SET-062/2022.jpg,2022-03-14,1.0,0.449,0.7409,0.0024,0.0887,True,10.0
KAR-SET-062_2026,KAR-SET-062,2026,S2B_MSIL2A_20260422T050649_R019_T44RNT_20260422T085212,sentinel-2-l2a,Sentinel-2B,outputs/figures/karnali_79/epoch_frames/KAR-SET-062/2026.jpg,2026-04-22,1.0,0.4136,0.814,0.0005,0.1124,True,10.0
KAR-SET-063_1972,KAR-SET-063,1972,LM01_L1TP_155040_19721130_02_T2,landsat-c2-l1,landsat-1,outputs/figures/karnali_79/epoch_frames/KAR-SET-063/1972.jpg,1972-11-30,1.0,0.1757,0.1192,0.3299,,False,60.0
KAR-SET-063_1977,KAR-SET-063,1977,LM02_L1TP_155040_19770324_02_T2,landsat-c2-l1,landsat-2,outputs/figures/karnali_79/epoch_frames/KAR-SET-063/1977.jpg,1977-03-24,1.0,0.1187,0.0009,0.0677,,False,60.0
KAR-SET-063_1987,KAR-SET-063,1987,LT05_L2SP_144040_19890411_02_T1,landsat-c2-l2,landsat-5,outputs/figures/karnali_79/epoch_frames/KAR-SET-063/1987.jpg,1989-04-11,1.0,0.4056,0.8689,0.0,0.0838,True,30.0
KAR-SET-063_1992,KAR-SET-063,1992,LT05_L2SP_144040_19921028_02_T1,landsat-c2-l2,landsat-5,outputs/figures/karnali_79/epoch_frames/KAR-SET-063/1992.jpg,1992-10-28,1.0,0.4998,0.9855,0.0103,0.0673,True,30.0
KAR-SET-063_1997,KAR-SET-063,1997,LT05_L2SP_144040_19970228_02_T1,landsat-c2-l2,landsat-5,outputs/figures/karnali_79/epoch_frames/KAR-SET-063/1997.jpg,1997-02-28,1.0,0.4358,0.8798,0.0011,0.0667,True,30.0
KAR-SET-063_2002,KAR-SET-063,2002,LE07_L2SP_144040_20021101_02_T1,landsat-c2-l2,landsat-7,outputs/figures/karnali_79/epoch_frames/KAR-SET-063/2002.jpg,2002-11-01,1.0,0.5026,0.9798,0.0002,0.0648,True,30.0
KAR-SET-063_2007,KAR-SET-063,2007,LT05_L2SP_144040_20081109_02_T1,landsat-c2-l2,landsat-5,outputs/figures/karnali_79/epoch_frames/KAR-SET-063/2007.jpg,2008-11-09,1.0,0.4639,0.961,0.0018,0.0698,True,30.0
KAR-SET-063_2012,KAR-SET-063,2012,LC08_L2SP_144040_20130413_02_T1,landsat-c2-l2,landsat-8,outputs/figures/karnali_79/epoch_frames/KAR-SET-063/2012.jpg,2013-04-13,1.0,0.463,0.9911,0.0,0.0852,True,30.0
KAR-SET-063_2017,KAR-SET-063,2017,S2A_MSIL2A_20170124T051101_R019_T44RNT_20210207T175513,sentinel-2-l2a,Sentinel-2A,outputs/figures/karnali_79/epoch_frames/KAR-SET-063/2017.jpg,2017-01-24,1.0,0.4922,0.853,0.0,0.0756,True,10.0
KAR-SET-063_2022,KAR-SET-063,2022,S2B_MSIL2A_20220314T050649_R019_T44RNT_20220314T143917,sentinel-2-l2a,Sentinel-2B,outputs/figures/karnali_79/epoch_frames/KAR-SET-063/2022.jpg,2022-03-14,1.0,0.4881,0.8819,0.0,0.086,True,10.0
KAR-SET-063_2026,KAR-SET-063,2026,S2B_MSIL2A_20260422T050649_R019_T44RNT_20260422T085212,sentinel-2-l2a,Sentinel-2B,outputs/figures/karnali_79/epoch_frames/KAR-SET-063/2026.jpg,2026-04-22,1.0,0.4502,0.8768,0.0003,0.1083,True,10.0
KAR-SET-064_1972,KAR-SET-064,1972,LM01_L1TP_155040_19721130_02_T2,landsat-c2-l1,landsat-1,outputs/figures/karnali_79/epoch_frames/KAR-SET-064/1972.jpg,1972-11-30,1.0,0.1933,0.2181,0.1479,,False,60.0
KAR-SET-064_1977,KAR-SET-064,1977,LM02_L1TP_155040_19770324_02_T2,landsat-c2-l1,landsat-2,outputs/figures/karnali_79/epoch_frames/KAR-SET-064/1977.jpg,1977-03-24,1.0,0.1576,0.0094,0.0009,,False,60.0
KAR-SET-064_1987,KAR-SET-064,1987,LT05_L2SP_144040_19890411_02_T1,landsat-c2-l2,landsat-5,outputs/figures/karnali_79/epoch_frames/KAR-SET-064/1987.jpg,1989-04-11,0.9998,0.4687,0.9306,0.0,0.0804,True,30.0
KAR-SET-064_1992,KAR-SET-064,1992,LT05_L2SP_144040_19921028_02_T1,landsat-c2-l2,landsat-5,outputs/figures/karnali_79/epoch_frames/KAR-SET-064/1992.jpg,1992-10-28,1.0,0.5296,0.9989,0.0005,0.0722,True,30.0
KAR-SET-064_1997,KAR-SET-064,1997,LT05_L2SP_144040_19970228_02_T1,landsat-c2-l2,landsat-5,outputs/figures/karnali_79/epoch_frames/KAR-SET-064/1997.jpg,1997-02-28,0.9999,0.4739,0.9218,0.0001,0.0701,True,30.0
KAR-SET-064_2002,KAR-SET-064,2002,LE07_L2SP_144040_20021101_02_T1,landsat-c2-l2,landsat-7,outputs/figures/karnali_79/epoch_frames/KAR-SET-064/2002.jpg,2002-11-01,1.0,0.554,0.9984,0.0,0.0672,True,30.0
KAR-SET-064_2007,KAR-SET-064,2007,LT05_L2SP_143040_20081102_02_T1,landsat-c2-l2,landsat-5,outputs/figures/karnali_79/epoch_frames/KAR-SET-064/2007.jpg,2008-11-02,1.0,0.5093,0.9802,0.0005,0.0793,True,30.0
KAR-SET-064_2012,KAR-SET-064,2012,LC08_L2SP_144040_20130413_02_T1,landsat-c2-l2,landsat-8,outputs/figures/karnali_79/epoch_frames/KAR-SET-064/2012.jpg,2013-04-13,1.0,0.5335,0.9878,0.0,0.0826,True,30.0
KAR-SET-064_2017,KAR-SET-064,2017,S2A_MSIL2A_20170124T051101_R019_T44RNT_20210207T175513,sentinel-2-l2a,Sentinel-2A,outputs/figures/karnali_79/epoch_frames/KAR-SET-064/2017.jpg,2017-01-24,0.9995,0.5144,0.8629,0.0,0.0726,True,10.0
KAR-SET-064_2022,KAR-SET-064,2022,S2B_MSIL2A_20220314T050649_R019_T44RNT_20220314T143917,sentinel-2-l2a,Sentinel-2B,outputs/figures/karnali_79/epoch_frames/KAR-SET-064/2022.jpg,2022-03-14,1.0,0.5327,0.9115,0.0,0.0804,True,10.0
KAR-SET-064_2026,KAR-SET-064,2026,S2B_MSIL2A_20260422T050649_R019_T44RNT_20260422T085212,sentinel-2-l2a,Sentinel-2B,outputs/figures/karnali_79/epoch_frames/KAR-SET-064/2026.jpg,2026-04-22,1.0,0.5178,0.894,0.0,0.0989,True,10.0
KAR-SET-065_1972,KAR-SET-065,1972,LM01_L1TP_154040_19721217_02_T2,landsat-c2-l1,landsat-1,outputs/figures/karnali_79/epoch_frames/KAR-SET-065/1972.jpg,1972-12-17,1.0,0.0225,0.0027,0.7184,,False,60.0
KAR-SET-065_1977,KAR-SET-065,1977,LM02_L1TP_154040_19770323_02_T2,landsat-c2-l1,landsat-2,outputs/figures/karnali_79/epoch_frames/KAR-SET-065/1977.jpg,1977-03-23,1.0,0.0834,0.0058,0.1252,,False,60.0
KAR-SET-065_1987,KAR-SET-065,1987,LT05_L2SP_143040_19871227_02_T1,landsat-c2-l2,landsat-5,outputs/figures/karnali_79/epoch_frames/KAR-SET-065/1987.jpg,1987-12-27,1.0,0.2128,0.2597,0.5697,0.0513,True,30.0
KAR-SET-065_1992,KAR-SET-065,1992,LT05_L2SP_144040_19921028_02_T1,landsat-c2-l2,landsat-5,outputs/figures/karnali_79/epoch_frames/KAR-SET-065/1992.jpg,1992-10-28,0.9999,0.4687,0.9519,0.1316,0.0515,True,30.0
KAR-SET-065_1997,KAR-SET-065,1997,LT05_L2SP_144040_19970212_02_T2,landsat-c2-l2,landsat-5,outputs/figures/karnali_79/epoch_frames/KAR-SET-065/1997.jpg,1997-02-12,0.9639,0.2991,0.4388,0.2537,0.0541,True,30.0
KAR-SET-065_2002,KAR-SET-065,2002,LE07_L2SP_144040_20021101_02_T1,landsat-c2-l2,landsat-7,outputs/figures/karnali_79/epoch_frames/KAR-SET-065/2002.jpg,2002-11-01,0.9999,0.498,0.9394,0.0416,0.0485,True,30.0
KAR-SET-065_2007,KAR-SET-065,2007,LT05_L2SP_143040_20081102_02_T1,landsat-c2-l2,landsat-5,outputs/figures/karnali_79/epoch_frames/KAR-SET-065/2007.jpg,2008-11-02,1.0,0.472,0.9224,0.0846,0.0559,True,30.0
KAR-SET-065_2012,KAR-SET-065,2012,LC08_L2SP_144040_20130413_02_T1,landsat-c2-l2,landsat-8,outputs/figures/karnali_79/epoch_frames/KAR-SET-065/2012.jpg,2013-04-13,0.9999,0.4894,0.9247,0.0018,0.0719,True,30.0
KAR-SET-065_2017,KAR-SET-065,2017,S2B_MSIL2A_20181031T050929_R019_T44RNT_20201009T171020,sentinel-2-l2a,Sentinel-2B,outputs/figures/karnali_79/epoch_frames/KAR-SET-065/2017.jpg,2018-10-31,1.0,0.5206,0.7958,0.003,0.0871,True,10.0
KAR-SET-065_2022,KAR-SET-065,2022,S2B_MSIL2A_20220314T050649_R019_T44RNT_20220314T143917,sentinel-2-l2a,Sentinel-2B,outputs/figures/karnali_79/epoch_frames/KAR-SET-065/2022.jpg,2022-03-14,1.0,0.5094,0.7449,0.0014,0.0913,True,10.0
KAR-SET-065_2026,KAR-SET-065,2026,S2B_MSIL2A_20260422T050649_R019_T44RNT_20260422T085212,sentinel-2-l2a,Sentinel-2B,outputs/figures/karnali_79/epoch_frames/KAR-SET-065/2026.jpg,2026-04-22,1.0,0.4523,0.6941,0.0021,0.1162,True,10.0
KAR-SET-066_1972,KAR-SET-066,1972,LM01_L1TP_154040_19730209_02_T2,landsat-c2-l1,landsat-1,outputs/figures/karnali_79/epoch_frames/KAR-SET-066/1972.jpg,1973-02-09,1.0,0.0418,0.0013,0.411,,False,60.0
KAR-SET-066_1977,KAR-SET-066,1977,LM02_L1TP_154040_19770323_02_T2,landsat-c2-l1,landsat-2,outputs/figures/karnali_79/epoch_frames/KAR-SET-066/1977.jpg,1977-03-23,1.0,0.0665,0.0,0.0345,,False,60.0
KAR-SET-066_1987,KAR-SET-066,1987,LT05_L2SP_143040_19871227_02_T1,landsat-c2-l2,landsat-5,outputs/figures/karnali_79/epoch_frames/KAR-SET-066/1987.jpg,1987-12-27,0.9926,0.2406,0.1498,0.0834,0.1192,True,30.0
KAR-SET-066_1992,KAR-SET-066,1992,LT05_L2SP_144040_19921028_02_T1,landsat-c2-l2,landsat-5,outputs/figures/karnali_79/epoch_frames/KAR-SET-066/1992.jpg,1992-10-28,1.0,0.3953,0.9296,0.0019,0.0883,True,30.0
KAR-SET-066_1997,KAR-SET-066,1997,LT05_L2SP_144040_19970228_02_T1,landsat-c2-l2,landsat-5,outputs/figures/karnali_79/epoch_frames/KAR-SET-066/1997.jpg,1997-02-28,1.0,0.3005,0.3873,0.0,0.0912,True,30.0
KAR-SET-066_2002,KAR-SET-066,2002,LE07_L2SP_144040_20021101_02_T1,landsat-c2-l2,landsat-7,outputs/figures/karnali_79/epoch_frames/KAR-SET-066/2002.jpg,2002-11-01,1.0,0.3244,0.618,0.0,0.0992,True,30.0
KAR-SET-066_2007,KAR-SET-066,2007,LT05_L2SP_143040_20081102_02_T1,landsat-c2-l2,landsat-5,outputs/figures/karnali_79/epoch_frames/KAR-SET-066/2007.jpg,2008-11-02,1.0,0.3428,0.7233,0.001,0.1088,True,30.0
KAR-SET-066_2012,KAR-SET-066,2012,LC08_L2SP_144040_20130413_02_T1,landsat-c2-l2,landsat-8,outputs/figures/karnali_79/epoch_frames/KAR-SET-066/2012.jpg,2013-04-13,1.0,0.3452,0.7436,0.0,0.1124,True,30.0
KAR-SET-066_2017,KAR-SET-066,2017,S2A_MSIL2A_20170124T051101_R019_T44RNT_20210207T175513,sentinel-2-l2a,Sentinel-2A,outputs/figures/karnali_79/epoch_frames/KAR-SET-066/2017.jpg,2017-01-24,1.0,0.2201,0.1104,0.0,0.1365,True,10.0
KAR-SET-066_2022,KAR-SET-066,2022,S2B_MSIL2A_20220314T050649_R019_T44RNT_20220314T143917,sentinel-2-l2a,Sentinel-2B,outputs/figures/karnali_79/epoch_frames/KAR-SET-066/2022.jpg,2022-03-14,1.0,0.3478,0.5186,0.0,0.1255,True,10.0
KAR-SET-066_2026,KAR-SET-066,2026,S2B_MSIL2A_20260422T050649_R019_T44RNT_20260422T085212,sentinel-2-l2a,Sentinel-2B,outputs/figures/karnali_79/epoch_frames/KAR-SET-066/2026.jpg,2026-04-22,1.0,0.2521,0.2192,0.0,0.1652,True,10.0
KAR-SET-067_1972,KAR-SET-067,1972,LM01_L1TP_155040_19721130_02_T2,landsat-c2-l1,landsat-1,outputs/figures/karnali_79/epoch_frames/KAR-SET-067/1972.jpg,1972-11-30,1.0,0.1783,0.2199,0.352,,False,60.0
KAR-SET-067_1977,KAR-SET-067,1977,LM02_L1TP_155040_19770324_02_T2,landsat-c2-l1,landsat-2,outputs/figures/karnali_79/epoch_frames/KAR-SET-067/1977.jpg,1977-03-24,0.9933,0.1462,0.0271,0.083,,False,60.0
KAR-SET-067_1987,KAR-SET-067,1987,LT05_L2SP_144040_19890411_02_T1,landsat-c2-l2,landsat-5,outputs/figures/karnali_79/epoch_frames/KAR-SET-067/1987.jpg,1989-04-11,1.0,0.4841,0.9664,0.0,0.0732,True,30.0
KAR-SET-067_1992,KAR-SET-067,1992,LT05_L2SP_144040_19921028_02_T1,landsat-c2-l2,landsat-5,outputs/figures/karnali_79/epoch_frames/KAR-SET-067/1992.jpg,1992-10-28,1.0,0.5475,0.996,0.0886,0.0572,True,30.0
KAR-SET-067_1997,KAR-SET-067,1997,LT05_L2SP_144040_19970228_02_T1,landsat-c2-l2,landsat-5,outputs/figures/karnali_79/epoch_frames/KAR-SET-067/1997.jpg,1997-02-28,1.0,0.4559,0.9574,0.0163,0.0614,True,30.0
KAR-SET-067_2002,KAR-SET-067,2002,LE07_L2SP_144040_20021101_02_T1,landsat-c2-l2,landsat-7,outputs/figures/karnali_79/epoch_frames/KAR-SET-067/2002.jpg,2002-11-01,1.0,0.599,0.9973,0.008,0.0512,True,30.0
KAR-SET-067_2007,KAR-SET-067,2007,LT05_L2SP_143040_20081102_02_T1,landsat-c2-l2,landsat-5,outputs/figures/karnali_79/epoch_frames/KAR-SET-067/2007.jpg,2008-11-02,1.0,0.5559,0.9867,0.0542,0.0602,True,30.0
KAR-SET-067_2012,KAR-SET-067,2012,LC08_L2SP_144040_20130413_02_T1,landsat-c2-l2,landsat-8,outputs/figures/karnali_79/epoch_frames/KAR-SET-067/2012.jpg,2013-04-13,1.0,0.5381,0.9958,0.0,0.0735,True,30.0
KAR-SET-067_2017,KAR-SET-067,2017,S2A_MSIL2A_20170124T051101_R019_T44RNT_20210207T175513,sentinel-2-l2a,Sentinel-2A,outputs/figures/karnali_79/epoch_frames/KAR-SET-067/2017.jpg,2017-01-24,0.9892,0.6042,0.9366,0.0002,0.0532,True,10.0
KAR-SET-067_2022,KAR-SET-067,2022,S2B_MSIL2A_20220314T050649_R019_T44RNT_20220314T143917,sentinel-2-l2a,Sentinel-2B,outputs/figures/karnali_79/epoch_frames/KAR-SET-067/2022.jpg,2022-03-14,1.0,0.5672,0.939,0.0,0.0674,True,10.0
KAR-SET-067_2026,KAR-SET-067,2026,S2B_MSIL2A_20260422T050649_R019_T44RNT_20260422T085212,sentinel-2-l2a,Sentinel-2B,outputs/figures/karnali_79/epoch_frames/KAR-SET-067/2026.jpg,2026-04-22,1.0,0.5363,0.9367,0.0,0.0918,True,10.0
KAR-SET-068_1972,KAR-SET-068,1972,LM01_L1TP_154040_19721217_02_T2,landsat-c2-l1,landsat-1,outputs/figures/karnali_79/epoch_frames/KAR-SET-068/1972.jpg,1972-12-17,0.9935,0.079,0.0007,0.53,,False,60.0
KAR-SET-068_1977,KAR-SET-068,1977,LM02_L1TP_154040_19770323_02_T2,landsat-c2-l1,landsat-2,outputs/figures/karnali_79/epoch_frames/KAR-SET-068/1977.jpg,1977-03-23,1.0,0.1701,0.0539,0.1083,,False,60.0
KAR-SET-068_1987,KAR-SET-068,1987,LT05_L2SP_143040_19871227_02_T1,landsat-c2-l2,landsat-5,outputs/figures/karnali_79/epoch_frames/KAR-SET-068/1987.jpg,1987-12-27,1.0,0.3986,0.724,0.2498,0.0525,True,30.0
KAR-SET-068_1992,KAR-SET-068,1992,LT05_L2SP_144040_19921028_02_T1,landsat-c2-l2,landsat-5,outputs/figures/karnali_79/epoch_frames/KAR-SET-068/1992.jpg,1992-10-28,1.0,0.5137,0.9873,0.0955,0.0488,True,30.0
KAR-SET-068_1997,KAR-SET-068,1997,LT05_L2SP_144040_19970111_02_T1,landsat-c2-l2,landsat-5,outputs/figures/karnali_79/epoch_frames/KAR-SET-068/1997.jpg,1997-01-11,1.0,0.4261,0.8106,0.1137,0.0415,True,30.0
KAR-SET-068_2002,KAR-SET-068,2002,LE07_L2SP_144040_20021101_02_T1,landsat-c2-l2,landsat-7,outputs/figures/karnali_79/epoch_frames/KAR-SET-068/2002.jpg,2002-11-01,1.0,0.6058,0.9957,0.0046,0.0412,True,30.0
KAR-SET-068_2007,KAR-SET-068,2007,LT05_L2SP_143040_20081102_02_T1,landsat-c2-l2,landsat-5,outputs/figures/karnali_79/epoch_frames/KAR-SET-068/2007.jpg,2008-11-02,1.0,0.5695,0.963,0.0196,0.0474,True,30.0
KAR-SET-068_2012,KAR-SET-068,2012,LC08_L2SP_144040_20130413_02_T1,landsat-c2-l2,landsat-8,outputs/figures/karnali_79/epoch_frames/KAR-SET-068/2012.jpg,2013-04-13,1.0,0.5884,0.9976,0.0,0.0563,True,30.0
KAR-SET-068_2017,KAR-SET-068,2017,S2B_MSIL2A_20181031T050929_R019_T44RNT_20201009T171020,sentinel-2-l2a,Sentinel-2B,outputs/figures/karnali_79/epoch_frames/KAR-SET-068/2017.jpg,2018-10-31,1.0,0.6461,0.9479,0.0,0.0562,True,10.0
KAR-SET-068_2022,KAR-SET-068,2022,S2B_MSIL2A_20220314T050649_R019_T44RNT_20220314T143917,sentinel-2-l2a,Sentinel-2B,outputs/figures/karnali_79/epoch_frames/KAR-SET-068/2022.jpg,2022-03-14,1.0,0.5656,0.9001,0.0002,0.0664,True,10.0
KAR-SET-068_2026,KAR-SET-068,2026,S2B_MSIL2A_20260422T050649_R019_T44RNT_20260422T085212,sentinel-2-l2a,Sentinel-2B,outputs/figures/karnali_79/epoch_frames/KAR-SET-068/2026.jpg,2026-04-22,1.0,0.5962,0.9629,0.0,0.0814,True,10.0
KAR-SET-069_1972,KAR-SET-069,1972,LM01_L1TP_154039_19721111_02_T2,landsat-c2-l1,landsat-1,outputs/figures/karnali_79/epoch_frames/KAR-SET-069/1972.jpg,1972-11-11,1.0,0.1314,0.0305,0.2642,,False,60.0
KAR-SET-069_1977,KAR-SET-069,1977,LM02_L1TP_154040_19770323_02_T2,landsat-c2-l1,landsat-2,outputs/figures/karnali_79/epoch_frames/KAR-SET-069/1977.jpg,1977-03-23,1.0,0.0876,0.0002,0.031,,False,60.0
KAR-SET-069_1987,KAR-SET-069,1987,LT05_L2SP_143040_19871227_02_T1,landsat-c2-l2,landsat-5,outputs/figures/karnali_79/epoch_frames/KAR-SET-069/1987.jpg,1987-12-27,0.9999,0.2814,0.3247,0.165,0.0919,True,30.0
KAR-SET-069_1992,KAR-SET-069,1992,LT05_L2SP_143040_19921106_02_T1,landsat-c2-l2,landsat-5,outputs/figures/karnali_79/epoch_frames/KAR-SET-069/1992.jpg,1992-11-06,1.0,0.4058,0.8238,0.0676,0.0797,True,30.0
KAR-SET-069_1997,KAR-SET-069,1997,LT05_L2SP_143040_19970309_02_T1,landsat-c2-l2,landsat-5,outputs/figures/karnali_79/epoch_frames/KAR-SET-069/1997.jpg,1997-03-09,1.0,0.2871,0.3971,0.0232,0.1021,True,30.0
KAR-SET-069_2002,KAR-SET-069,2002,LE07_L2SP_143040_20021025_02_T1,landsat-c2-l2,landsat-7,outputs/figures/karnali_79/epoch_frames/KAR-SET-069/2002.jpg,2002-10-25,1.0,0.5121,0.9605,0.0077,0.0671,True,30.0
KAR-SET-069_2007,KAR-SET-069,2007,LT05_L2SP_143040_20080424_02_T1,landsat-c2-l2,landsat-5,outputs/figures/karnali_79/epoch_frames/KAR-SET-069/2007.jpg,2008-04-24,1.0,0.2642,0.3089,0.0013,0.1195,True,30.0
KAR-SET-069_2012,KAR-SET-069,2012,LT05_L2SP_143040_20101210_02_T1,landsat-c2-l2,landsat-5,outputs/figures/karnali_79/epoch_frames/KAR-SET-069/2012.jpg,2010-12-10,1.0,0.3087,0.427,0.0729,0.0891,True,30.0
KAR-SET-069_2017,KAR-SET-069,2017,S2A_MSIL2A_20171001T050651_R019_T44RPT_20210202T121726,sentinel-2-l2a,Sentinel-2A,outputs/figures/karnali_79/epoch_frames/KAR-SET-069/2017.jpg,2017-10-01,0.9998,0.6042,0.957,0.0106,0.0712,True,10.0
KAR-SET-069_2022,KAR-SET-069,2022,S2B_MSIL2A_20221129T051149_R019_T44RPT_20221130T153301,sentinel-2-l2a,Sentinel-2B,outputs/figures/karnali_79/epoch_frames/KAR-SET-069/2022.jpg,2022-11-29,1.0,0.4362,0.6706,0.0035,0.0825,True,10.0
KAR-SET-069_2026,KAR-SET-069,2026,S2C_MSIL2A_20260216T050911_R019_T44RPT_20260216T100811,sentinel-2-l2a,Sentinel-2C,outputs/figures/karnali_79/epoch_frames/KAR-SET-069/2026.jpg,2026-02-16,1.0,0.3865,0.5198,0.0005,0.0988,True,10.0
KAR-SET-070_1972,KAR-SET-070,1972,LM01_L1TP_154039_19721111_02_T2,landsat-c2-l1,landsat-1,outputs/figures/karnali_79/epoch_frames/KAR-SET-070/1972.jpg,1972-11-11,1.0,0.1446,0.0221,0.2918,,False,60.0
KAR-SET-070_1977,KAR-SET-070,1977,LM02_L1TP_154040_19770323_02_T2,landsat-c2-l1,landsat-2,outputs/figures/karnali_79/epoch_frames/KAR-SET-070/1977.jpg,1977-03-23,1.0,0.0833,0.0,0.0397,,False,60.0
KAR-SET-070_1987,KAR-SET-070,1987,LT05_L2SP_143040_19871227_02_T1,landsat-c2-l2,landsat-5,outputs/figures/karnali_79/epoch_frames/KAR-SET-070/1987.jpg,1987-12-27,1.0,0.2545,0.246,0.2264,0.1061,True,30.0
KAR-SET-070_1992,KAR-SET-070,1992,LT05_L2SP_144040_19921028_02_T1,landsat-c2-l2,landsat-5,outputs/figures/karnali_79/epoch_frames/KAR-SET-070/1992.jpg,1992-10-28,1.0,0.4802,0.9774,0.0396,0.0739,True,30.0
KAR-SET-070_1997,KAR-SET-070,1997,LT05_L2SP_144040_19970228_02_T1,landsat-c2-l2,landsat-5,outputs/figures/karnali_79/epoch_frames/KAR-SET-070/1997.jpg,1997-02-28,1.0,0.3181,0.452,0.0084,0.0888,True,30.0
KAR-SET-070_2002,KAR-SET-070,2002,LE07_L2SP_144040_20021101_02_T1,landsat-c2-l2,landsat-7,outputs/figures/karnali_79/epoch_frames/KAR-SET-070/2002.jpg,2002-11-01,1.0,0.4672,0.9587,0.0025,0.0741,True,30.0
KAR-SET-070_2007,KAR-SET-070,2007,LT05_L2SP_143040_20081102_02_T1,landsat-c2-l2,landsat-5,outputs/figures/karnali_79/epoch_frames/KAR-SET-070/2007.jpg,2008-11-02,1.0,0.4249,0.9199,0.0232,0.0873,True,30.0
KAR-SET-070_2012,KAR-SET-070,2012,LC08_L2SP_144040_20130413_02_T1,landsat-c2-l2,landsat-8,outputs/figures/karnali_79/epoch_frames/KAR-SET-070/2012.jpg,2013-04-13,1.0,0.4063,0.8016,0.0,0.0999,True,30.0
KAR-SET-070_2017,KAR-SET-070,2017,S2A_MSIL2A_20170124T051101_R019_T44RNT_20210207T175513,sentinel-2-l2a,Sentinel-2A,outputs/figures/karnali_79/epoch_frames/KAR-SET-070/2017.jpg,2017-01-24,0.9906,0.3253,0.4047,0.0,0.1075,True,10.0
KAR-SET-070_2022,KAR-SET-070,2022,S2B_MSIL2A_20220314T050649_R019_T44RNT_20220314T143917,sentinel-2-l2a,Sentinel-2B,outputs/figures/karnali_79/epoch_frames/KAR-SET-070/2022.jpg,2022-03-14,1.0,0.3845,0.5426,0.0,0.1079,True,10.0
KAR-SET-070_2026,KAR-SET-070,2026,S2B_MSIL2A_20260422T050649_R019_T44RNT_20260422T085212,sentinel-2-l2a,Sentinel-2B,outputs/figures/karnali_79/epoch_frames/KAR-SET-070/2026.jpg,2026-04-22,1.0,0.3508,0.5166,0.0,0.1297,True,10.0
KAR-SET-071_1972,KAR-SET-071,1972,LM01_L1TP_154039_19721111_02_T2,landsat-c2-l1,landsat-1,outputs/figures/karnali_79/epoch_frames/KAR-SET-071/1972.jpg,1972-11-11,1.0,0.0632,0.0105,0.4705,,False,60.0
KAR-SET-071_1977,KAR-SET-071,1977,LM02_L1TP_154040_19770305_02_T2,landsat-c2-l1,landsat-2,outputs/figures/karnali_79/epoch_frames/KAR-SET-071/1977.jpg,1977-03-05,1.0,0.0641,0.0185,0.1802,,False,60.0
KAR-SET-071_1987,KAR-SET-071,1987,LT05_L2SP_143040_19880401_02_T1,landsat-c2-l2,landsat-5,outputs/figures/karnali_79/epoch_frames/KAR-SET-071/1987.jpg,1988-04-01,1.0,0.2588,0.2199,0.0107,0.103,True,30.0
KAR-SET-071_1992,KAR-SET-071,1992,LT05_L2SP_143040_19931109_02_T1,landsat-c2-l2,landsat-5,outputs/figures/karnali_79/epoch_frames/KAR-SET-071/1992.jpg,1993-11-09,1.0,0.2757,0.2628,0.1019,0.0903,True,30.0
KAR-SET-071_1997,KAR-SET-071,1997,LT05_L2SP_143039_19981006_02_T1,landsat-c2-l2,landsat-5,outputs/figures/karnali_79/epoch_frames/KAR-SET-071/1997.jpg,1998-10-06,1.0,0.4622,0.9539,0.0145,0.0739,True,30.0
KAR-SET-071_2002,KAR-SET-071,2002,LE07_L2SP_143040_20021025_02_T1,landsat-c2-l2,landsat-7,outputs/figures/karnali_79/epoch_frames/KAR-SET-071/2002.jpg,2002-10-25,1.0,0.446,0.9499,0.0085,0.0751,True,30.0
KAR-SET-071_2007,KAR-SET-071,2007,LT05_L2SP_143040_20081102_02_T1,landsat-c2-l2,landsat-5,outputs/figures/karnali_79/epoch_frames/KAR-SET-071/2007.jpg,2008-11-02,1.0,0.3696,0.8037,0.0583,0.0844,True,30.0
KAR-SET-071_2012,KAR-SET-071,2012,LC08_L2SP_143039_20131218_02_T1,landsat-c2-l2,landsat-8,outputs/figures/karnali_79/epoch_frames/KAR-SET-071/2012.jpg,2013-12-18,1.0,0.3557,0.338,0.0556,0.0808,True,30.0
KAR-SET-071_2017,KAR-SET-071,2017,S2A_MSIL2A_20170124T051101_R019_T44RNT_20210207T175513,sentinel-2-l2a,Sentinel-2A,outputs/figures/karnali_79/epoch_frames/KAR-SET-071/2017.jpg,2017-01-24,0.9999,0.2666,0.247,0.0015,0.1193,True,10.0
KAR-SET-071_2022,KAR-SET-071,2022,S2B_MSIL2A_20220314T050649_R019_T44RNT_20220314T143917,sentinel-2-l2a,Sentinel-2B,outputs/figures/karnali_79/epoch_frames/KAR-SET-071/2022.jpg,2022-03-14,1.0,0.3018,0.3144,0.0012,0.1213,True,10.0
KAR-SET-071_2026,KAR-SET-071,2026,S2B_MSIL2A_20260422T050649_R019_T44RNT_20260422T085212,sentinel-2-l2a,Sentinel-2B,outputs/figures/karnali_79/epoch_frames/KAR-SET-071/2026.jpg,2026-04-22,1.0,0.2352,0.188,0.0012,0.1553,True,10.0
KAR-SET-072_1972,KAR-SET-072,1972,LM01_L1TP_154039_19721111_02_T2,landsat-c2-l1,landsat-1,outputs/figures/karnali_79/epoch_frames/KAR-SET-072/1972.jpg,1972-11-11,1.0,0.0977,0.0301,0.4284,,False,60.0
KAR-SET-072_1977,KAR-SET-072,1977,LM02_L1TP_154040_19770305_02_T2,landsat-c2-l1,landsat-2,outputs/figures/karnali_79/epoch_frames/KAR-SET-072/1977.jpg,1977-03-05,1.0,0.1085,0.0448,0.1782,,False,60.0
KAR-SET-072_1987,KAR-SET-072,1987,LT05_L2SP_143039_19871227_02_T1,landsat-c2-l2,landsat-5,outputs/figures/karnali_79/epoch_frames/KAR-SET-072/1987.jpg,1987-12-27,0.9994,0.2602,0.3113,0.2044,0.0769,True,30.0
KAR-SET-072_1992,KAR-SET-072,1992,LT05_L2SP_143040_19931109_02_T1,landsat-c2-l2,landsat-5,outputs/figures/karnali_79/epoch_frames/KAR-SET-072/1992.jpg,1993-11-09,1.0,0.3875,0.7419,0.0424,0.0673,True,30.0
KAR-SET-072_1997,KAR-SET-072,1997,LT05_L2SP_143040_19970309_02_T1,landsat-c2-l2,landsat-5,outputs/figures/karnali_79/epoch_frames/KAR-SET-072/1997.jpg,1997-03-09,0.9948,0.2905,0.3939,0.0285,0.0785,True,30.0
KAR-SET-072_2002,KAR-SET-072,2002,LE07_L2SP_143040_20021025_02_T1,landsat-c2-l2,landsat-7,outputs/figures/karnali_79/epoch_frames/KAR-SET-072/2002.jpg,2002-10-25,0.9994,0.5279,0.9484,0.0053,0.0535,True,30.0
KAR-SET-072_2007,KAR-SET-072,2007,LT05_L2SP_143040_20081102_02_T1,landsat-c2-l2,landsat-5,outputs/figures/karnali_79/epoch_frames/KAR-SET-072/2007.jpg,2008-11-02,0.9999,0.4373,0.8901,0.0167,0.0622,True,30.0
KAR-SET-072_2012,KAR-SET-072,2012,LC08_L2SP_143039_20131202_02_T1,landsat-c2-l2,landsat-8,outputs/figures/karnali_79/epoch_frames/KAR-SET-072/2012.jpg,2013-12-02,0.9999,0.6045,0.8462,0.0018,0.0583,True,30.0
KAR-SET-072_2017,KAR-SET-072,2017,S2A_MSIL2A_20171001T050651_R019_T44RPT_20210202T121726,sentinel-2-l2a,Sentinel-2A,outputs/figures/karnali_79/epoch_frames/KAR-SET-072/2017.jpg,2017-10-01,0.9904,0.6606,0.9802,0.0087,0.0628,True,10.0
KAR-SET-072_2022,KAR-SET-072,2022,S2B_MSIL2A_20221129T051149_R019_T44RPT_20221130T153301,sentinel-2-l2a,Sentinel-2B,outputs/figures/karnali_79/epoch_frames/KAR-SET-072/2022.jpg,2022-11-29,1.0,0.4718,0.8022,0.0028,0.0646,True,10.0
KAR-SET-072_2026,KAR-SET-072,2026,S2C_MSIL2A_20260216T050911_R019_T44RPT_20260216T100811,sentinel-2-l2a,Sentinel-2C,outputs/figures/karnali_79/epoch_frames/KAR-SET-072/2026.jpg,2026-02-16,0.9921,0.4086,0.5574,0.003,0.085,True,10.0
KAR-SET-073_1972,KAR-SET-073,1972,LM01_L1TP_154039_19721111_02_T2,landsat-c2-l1,landsat-1,outputs/figures/karnali_79/epoch_frames/KAR-SET-073/1972.jpg,1972-11-11,1.0,0.0592,0.0,0.4335,,False,60.0
KAR-SET-073_1977,KAR-SET-073,1977,LM02_L1TP_155039_19770324_02_T2,landsat-c2-l1,landsat-2,outputs/figures/karnali_79/epoch_frames/KAR-SET-073/1977.jpg,1977-03-24,1.0,0.0918,0.0,0.0786,,False,60.0
KAR-SET-073_1987,KAR-SET-073,1987,LT05_L2SP_144039_19890411_02_T1,landsat-c2-l2,landsat-5,outputs/figures/karnali_79/epoch_frames/KAR-SET-073/1987.jpg,1989-04-11,0.5962,0.2527,0.2899,0.0547,0.0938,True,30.0
KAR-SET-073_1992,KAR-SET-073,1992,LT05_L2SP_144039_19931015_02_T1,landsat-c2-l2,landsat-5,outputs/figures/karnali_79/epoch_frames/KAR-SET-073/1992.jpg,1993-10-15,1.0,0.406,0.8147,0.0333,0.0609,True,30.0
KAR-SET-073_1997,KAR-SET-073,1997,LT05_L2SP_144039_19970111_02_T1,landsat-c2-l2,landsat-5,outputs/figures/karnali_79/epoch_frames/KAR-SET-073/1997.jpg,1997-01-11,0.9995,0.2721,0.4353,0.1368,0.0639,True,30.0
KAR-SET-073_2002,KAR-SET-073,2002,LE07_L2SP_144039_20011013_02_T1,landsat-c2-l2,landsat-7,outputs/figures/karnali_79/epoch_frames/KAR-SET-073/2002.jpg,2001-10-13,1.0,0.4194,0.8151,0.0036,0.0581,True,30.0
KAR-SET-073_2007,KAR-SET-073,2007,LT05_L2SP_144039_20081109_02_T1,landsat-c2-l2,landsat-5,outputs/figures/karnali_79/epoch_frames/KAR-SET-073/2007.jpg,2008-11-09,1.0,0.3044,0.5189,0.0764,0.0676,True,30.0
KAR-SET-073_2012,KAR-SET-073,2012,LC08_L2SP_144039_20131209_02_T1,landsat-c2-l2,landsat-8,outputs/figures/karnali_79/epoch_frames/KAR-SET-073/2012.jpg,2013-12-09,1.0,0.5274,0.7878,0.0058,0.056,True,30.0
KAR-SET-073_2017,KAR-SET-073,2017,S2A_MSIL2A_20171001T050651_R019_T44RNU_20210202T121734,sentinel-2-l2a,Sentinel-2A,outputs/figures/karnali_79/epoch_frames/KAR-SET-073/2017.jpg,2017-10-01,0.9999,0.5799,0.943,0.0073,0.0563,True,10.0
KAR-SET-073_2022,KAR-SET-073,2022,S2B_MSIL2A_20230108T051209_R019_T44RNU_20230108T174623,sentinel-2-l2a,Sentinel-2B,outputs/figures/karnali_79/epoch_frames/KAR-SET-073/2022.jpg,2023-01-08,1.0,0.3653,0.5996,0.0178,0.0649,True,10.0
KAR-SET-073_2026,KAR-SET-073,2026,S2B_MSIL2A_20260112T051059_R019_T44RNU_20260112T073848,sentinel-2-l2a,Sentinel-2B,outputs/figures/karnali_79/epoch_frames/KAR-SET-073/2026.jpg,2026-01-12,1.0,0.4018,0.6674,0.0024,0.0615,True,10.0
KAR-SET-074_1972,KAR-SET-074,1972,LM01_L1TP_154039_19721111_02_T2,landsat-c2-l1,landsat-1,outputs/figures/karnali_79/epoch_frames/KAR-SET-074/1972.jpg,1972-11-11,0.988,0.0961,0.0034,0.1315,,False,60.0
KAR-SET-074_1977,KAR-SET-074,1977,LM02_L1TP_155039_19770324_02_T2,landsat-c2-l1,landsat-2,outputs/figures/karnali_79/epoch_frames/KAR-SET-074/1977.jpg,1977-03-24,1.0,0.0796,0.0,0.0361,,False,60.0
KAR-SET-074_1987,KAR-SET-074,1987,LT05_L2SP_144039_19890411_02_T1,landsat-c2-l2,landsat-5,outputs/figures/karnali_79/epoch_frames/KAR-SET-074/1987.jpg,1989-04-11,0.7913,0.2327,0.1451,0.0226,0.1178,True,30.0
KAR-SET-074_1992,KAR-SET-074,1992,LT05_L2SP_144039_19931031_02_T1,landsat-c2-l2,landsat-5,outputs/figures/karnali_79/epoch_frames/KAR-SET-074/1992.jpg,1993-10-31,1.0,0.3509,0.6877,0.0103,0.0934,True,30.0
KAR-SET-074_1997,KAR-SET-074,1997,LT05_L2SP_144039_19970111_02_T1,landsat-c2-l2,landsat-5,outputs/figures/karnali_79/epoch_frames/KAR-SET-074/1997.jpg,1997-01-11,0.9996,0.2581,0.2738,0.0312,0.1042,True,30.0
KAR-SET-074_2002,KAR-SET-074,2002,LE07_L2SP_144039_20011013_02_T1,landsat-c2-l2,landsat-7,outputs/figures/karnali_79/epoch_frames/KAR-SET-074/2002.jpg,2001-10-13,1.0,0.4761,0.9678,0.0035,0.0777,True,30.0
KAR-SET-074_2007,KAR-SET-074,2007,LT05_L2SP_143039_20081102_02_T1,landsat-c2-l2,landsat-5,outputs/figures/karnali_79/epoch_frames/KAR-SET-074/2007.jpg,2008-11-02,1.0,0.3427,0.6336,0.0107,0.0999,True,30.0
KAR-SET-074_2012,KAR-SET-074,2012,LC08_L2SP_144039_20131209_02_T1,landsat-c2-l2,landsat-8,outputs/figures/karnali_79/epoch_frames/KAR-SET-074/2012.jpg,2013-12-09,1.0,0.388,0.6141,0.002,0.0915,True,30.0
KAR-SET-074_2017,KAR-SET-074,2017,S2A_MSIL2A_20171001T050651_R019_T44RNU_20210202T121734,sentinel-2-l2a,Sentinel-2A,outputs/figures/karnali_79/epoch_frames/KAR-SET-074/2017.jpg,2017-10-01,0.9983,0.6223,0.9696,0.0036,0.0631,True,10.0
KAR-SET-074_2022,KAR-SET-074,2022,S2B_MSIL2A_20230108T051209_R019_T44RNU_20230108T174623,sentinel-2-l2a,Sentinel-2B,outputs/figures/karnali_79/epoch_frames/KAR-SET-074/2022.jpg,2023-01-08,1.0,0.3302,0.4225,0.0016,0.0825,True,10.0
KAR-SET-074_2026,KAR-SET-074,2026,S2B_MSIL2A_20260112T051059_R019_T44RNU_20260112T073848,sentinel-2-l2a,Sentinel-2B,outputs/figures/karnali_79/epoch_frames/KAR-SET-074/2026.jpg,2026-01-12,1.0,0.2753,0.3087,0.0445,0.1044,True,10.0
KAR-SET-075_1972,KAR-SET-075,1972,LM01_L1TP_154039_19721111_02_T2,landsat-c2-l1,landsat-1,outputs/figures/karnali_79/epoch_frames/KAR-SET-075/1972.jpg,1972-11-11,1.0,0.1199,0.0158,0.3188,,False,60.0
KAR-SET-075_1977,KAR-SET-075,1977,LM02_L1TP_154039_19770323_02_T2,landsat-c2-l1,landsat-2,outputs/figures/karnali_79/epoch_frames/KAR-SET-075/1977.jpg,1977-03-23,1.0,0.0976,0.0165,0.0722,,False,60.0
KAR-SET-075_1987,KAR-SET-075,1987,LT05_L2SP_143039_19881010_02_T1,landsat-c2-l2,landsat-5,outputs/figures/karnali_79/epoch_frames/KAR-SET-075/1987.jpg,1988-10-10,1.0,0.6147,0.9833,0.0162,0.0622,True,30.0
KAR-SET-075_1992,KAR-SET-075,1992,LT05_L2SP_144039_19931031_02_T1,landsat-c2-l2,landsat-5,outputs/figures/karnali_79/epoch_frames/KAR-SET-075/1992.jpg,1993-10-31,1.0,0.4296,0.9232,0.028,0.0706,True,30.0
KAR-SET-075_1997,KAR-SET-075,1997,LT05_L2SP_144039_19970111_02_T1,landsat-c2-l2,landsat-5,outputs/figures/karnali_79/epoch_frames/KAR-SET-075/1997.jpg,1997-01-11,1.0,0.2432,0.2034,0.1481,0.0822,True,30.0
KAR-SET-075_2002,KAR-SET-075,2002,LE07_L2SP_143039_20021228_02_T1,landsat-c2-l2,landsat-7,outputs/figures/karnali_79/epoch_frames/KAR-SET-075/2002.jpg,2002-12-28,0.9995,0.2917,0.312,0.0928,0.0781,True,30.0
KAR-SET-075_2007,KAR-SET-075,2007,LT05_L2SP_143039_20081102_02_T1,landsat-c2-l2,landsat-5,outputs/figures/karnali_79/epoch_frames/KAR-SET-075/2007.jpg,2008-11-02,1.0,0.4024,0.8382,0.0445,0.0745,True,30.0
KAR-SET-075_2012,KAR-SET-075,2012,LC08_L2SP_144039_20131209_02_T1,landsat-c2-l2,landsat-8,outputs/figures/karnali_79/epoch_frames/KAR-SET-075/2012.jpg,2013-12-09,1.0,0.4917,0.8425,0.0072,0.068,True,30.0
KAR-SET-075_2017,KAR-SET-075,2017,S2A_MSIL2A_20171001T050651_R019_T44RNU_20210202T121734,sentinel-2-l2a,Sentinel-2A,outputs/figures/karnali_79/epoch_frames/KAR-SET-075/2017.jpg,2017-10-01,0.9997,0.701,0.9815,0.0126,0.0586,True,10.0
KAR-SET-075_2022,KAR-SET-075,2022,S2B_MSIL2A_20230108T051209_R019_T44RNU_20230108T174623,sentinel-2-l2a,Sentinel-2B,outputs/figures/karnali_79/epoch_frames/KAR-SET-075/2022.jpg,2023-01-08,1.0,0.3339,0.4104,0.0027,0.0822,True,10.0
KAR-SET-075_2026,KAR-SET-075,2026,S2B_MSIL2A_20260112T051059_R019_T44RNU_20260112T073848,sentinel-2-l2a,Sentinel-2B,outputs/figures/karnali_79/epoch_frames/KAR-SET-075/2026.jpg,2026-01-12,1.0,0.2555,0.2112,0.104,0.1164,True,10.0
KAR-SET-076_1972,KAR-SET-076,1972,LM01_L1TP_154039_19721111_02_T2,landsat-c2-l1,landsat-1,outputs/figures/karnali_79/epoch_frames/KAR-SET-076/1972.jpg,1972-11-11,1.0,0.1563,0.055,0.1339,,False,60.0
KAR-SET-076_1977,KAR-SET-076,1977,LM02_L1TP_154039_19770323_02_T2,landsat-c2-l1,landsat-2,outputs/figures/karnali_79/epoch_frames/KAR-SET-076/1977.jpg,1977-03-23,1.0,0.1332,0.0314,0.057,,False,60.0
KAR-SET-076_1987,KAR-SET-076,1987,LT05_L2SP_143039_19871227_02_T1,landsat-c2-l2,landsat-5,outputs/figures/karnali_79/epoch_frames/KAR-SET-076/1987.jpg,1987-12-27,1.0,0.2868,0.3415,0.1114,0.1193,True,30.0
KAR-SET-076_1992,KAR-SET-076,1992,LT05_L2SP_143040_19931109_02_T1,landsat-c2-l2,landsat-5,outputs/figures/karnali_79/epoch_frames/KAR-SET-076/1992.jpg,1993-11-09,1.0,0.3662,0.6229,0.0529,0.1053,True,30.0
KAR-SET-076_1997,KAR-SET-076,1997,LT05_L2SP_143039_19981006_02_T1,landsat-c2-l2,landsat-5,outputs/figures/karnali_79/epoch_frames/KAR-SET-076/1997.jpg,1998-10-06,0.9767,0.5634,0.9616,0.0061,0.0752,True,30.0
KAR-SET-076_2002,KAR-SET-076,2002,LE07_L2SP_143040_20021025_02_T1,landsat-c2-l2,landsat-7,outputs/figures/karnali_79/epoch_frames/KAR-SET-076/2002.jpg,2002-10-25,1.0,0.4973,0.9602,0.0067,0.0789,True,30.0
KAR-SET-076_2007,KAR-SET-076,2007,LT05_L2SP_143040_20081102_02_T1,landsat-c2-l2,landsat-5,outputs/figures/karnali_79/epoch_frames/KAR-SET-076/2007.jpg,2008-11-02,1.0,0.422,0.8928,0.0347,0.0952,True,30.0
KAR-SET-076_2012,KAR-SET-076,2012,LC08_L2SP_143039_20131218_02_T1,landsat-c2-l2,landsat-8,outputs/figures/karnali_79/epoch_frames/KAR-SET-076/2012.jpg,2013-12-18,1.0,0.4201,0.7038,0.0141,0.099,True,30.0
KAR-SET-076_2017,KAR-SET-076,2017,S2A_MSIL2A_20170124T051101_R019_T44RNT_20210207T175513,sentinel-2-l2a,Sentinel-2A,outputs/figures/karnali_79/epoch_frames/KAR-SET-076/2017.jpg,2017-01-24,0.9989,0.3249,0.3842,0.0026,0.0887,True,10.0
KAR-SET-076_2022,KAR-SET-076,2022,S2B_MSIL2A_20220314T050649_R019_T44RNT_20220314T143917,sentinel-2-l2a,Sentinel-2B,outputs/figures/karnali_79/epoch_frames/KAR-SET-076/2022.jpg,2022-03-14,0.9947,0.3394,0.4566,0.0052,0.0949,True,10.0
KAR-SET-076_2026,KAR-SET-076,2026,S2B_MSIL2A_20260422T050649_R019_T44RNT_20260422T085212,sentinel-2-l2a,Sentinel-2B,outputs/figures/karnali_79/epoch_frames/KAR-SET-076/2026.jpg,2026-04-22,1.0,0.3253,0.4502,0.0017,0.1195,True,10.0
KAR-SET-077_1972,KAR-SET-077,1972,LM01_L1TP_154039_19721111_02_T2,landsat-c2-l1,landsat-1,outputs/figures/karnali_79/epoch_frames/KAR-SET-077/1972.jpg,1972-11-11,1.0,0.1667,0.0405,0.4059,,False,60.0
KAR-SET-077_1977,KAR-SET-077,1977,LM02_L1TP_154039_19770323_02_T2,landsat-c2-l1,landsat-2,outputs/figures/karnali_79/epoch_frames/KAR-SET-077/1977.jpg,1977-03-23,1.0,0.1481,0.0036,0.0441,,False,60.0
KAR-SET-077_1987,KAR-SET-077,1987,LT05_L2SP_143039_19871227_02_T1,landsat-c2-l2,landsat-5,outputs/figures/karnali_79/epoch_frames/KAR-SET-077/1987.jpg,1987-12-27,1.0,0.3223,0.5162,0.3077,0.054,True,30.0
KAR-SET-077_1992,KAR-SET-077,1992,LT05_L2SP_143040_19931109_02_T1,landsat-c2-l2,landsat-5,outputs/figures/karnali_79/epoch_frames/KAR-SET-077/1992.jpg,1993-11-09,1.0,0.4644,0.9402,0.0816,0.0541,True,30.0
KAR-SET-077_1997,KAR-SET-077,1997,LT05_L2SP_143039_19981006_02_T1,landsat-c2-l2,landsat-5,outputs/figures/karnali_79/epoch_frames/KAR-SET-077/1997.jpg,1998-10-06,1.0,0.7069,0.9979,0.0023,0.0367,True,30.0
KAR-SET-077_2002,KAR-SET-077,2002,LE07_L2SP_143040_20021025_02_T1,landsat-c2-l2,landsat-7,outputs/figures/karnali_79/epoch_frames/KAR-SET-077/2002.jpg,2002-10-25,1.0,0.6072,0.9953,0.0023,0.0435,True,30.0
KAR-SET-077_2007,KAR-SET-077,2007,LT05_L2SP_143040_20081102_02_T1,landsat-c2-l2,landsat-5,outputs/figures/karnali_79/epoch_frames/KAR-SET-077/2007.jpg,2008-11-02,0.9988,0.4898,0.9489,0.0336,0.0531,True,30.0
KAR-SET-077_2012,KAR-SET-077,2012,LC08_L2SP_143039_20131218_02_T1,landsat-c2-l2,landsat-8,outputs/figures/karnali_79/epoch_frames/KAR-SET-077/2012.jpg,2013-12-18,1.0,0.5905,0.9027,0.0007,0.0423,True,30.0
KAR-SET-077_2017,KAR-SET-077,2017,S2A_MSIL2A_20170124T051101_R019_T44RNT_20210207T175513,sentinel-2-l2a,Sentinel-2A,outputs/figures/karnali_79/epoch_frames/KAR-SET-077/2017.jpg,2017-01-24,1.0,0.4964,0.7527,0.0011,0.0644,True,10.0
KAR-SET-077_2022,KAR-SET-077,2022,S2B_MSIL2A_20221129T051149_R019_T44RPT_20221130T153301,sentinel-2-l2a,Sentinel-2B,outputs/figures/karnali_79/epoch_frames/KAR-SET-077/2022.jpg,2022-11-29,1.0,0.5616,0.8579,0.0002,0.059,True,10.0
KAR-SET-077_2026,KAR-SET-077,2026,S2B_MSIL2A_20260422T050649_R019_T44RNT_20260422T085212,sentinel-2-l2a,Sentinel-2B,outputs/figures/karnali_79/epoch_frames/KAR-SET-077/2026.jpg,2026-04-22,1.0,0.5087,0.8531,0.0001,0.0912,True,10.0
KAR-SET-078_1972,KAR-SET-078,1972,LM01_L1TP_154039_19721111_02_T2,landsat-c2-l1,landsat-1,outputs/figures/karnali_79/epoch_frames/KAR-SET-078/1972.jpg,1972-11-11,1.0,0.2468,0.3034,0.0945,,False,60.0
KAR-SET-078_1977,KAR-SET-078,1977,LM02_L1TP_154040_19770323_02_T2,landsat-c2-l1,landsat-2,outputs/figures/karnali_79/epoch_frames/KAR-SET-078/1977.jpg,1977-03-23,1.0,0.1559,0.0147,0.0018,,False,60.0
KAR-SET-078_1987,KAR-SET-078,1987,LT05_L2SP_143040_19891216_02_T1,landsat-c2-l2,landsat-5,outputs/figures/karnali_79/epoch_frames/KAR-SET-078/1987.jpg,1989-12-16,1.0,0.4852,0.86,0.011,0.0784,True,30.0
KAR-SET-078_1992,KAR-SET-078,1992,LT05_L2SP_144039_19931031_02_T1,landsat-c2-l2,landsat-5,outputs/figures/karnali_79/epoch_frames/KAR-SET-078/1992.jpg,1993-10-31,1.0,0.5416,0.9351,0.0,0.0691,True,30.0
KAR-SET-078_1997,KAR-SET-078,1997,LT05_L2SP_144039_19970212_02_T1,landsat-c2-l2,landsat-5,outputs/figures/karnali_79/epoch_frames/KAR-SET-078/1997.jpg,1997-02-12,0.9992,0.4105,0.6386,0.0111,0.0822,True,30.0
KAR-SET-078_2002,KAR-SET-078,2002,LE07_L2SP_144039_20011013_02_T1,landsat-c2-l2,landsat-7,outputs/figures/karnali_79/epoch_frames/KAR-SET-078/2002.jpg,2001-10-13,1.0,0.5392,0.9411,0.0,0.0711,True,30.0
KAR-SET-078_2007,KAR-SET-078,2007,LT05_L2SP_143040_20070305_02_T1,landsat-c2-l2,landsat-5,outputs/figures/karnali_79/epoch_frames/KAR-SET-078/2007.jpg,2007-03-05,0.9659,0.3666,0.606,0.0248,0.0993,True,30.0
KAR-SET-078_2012,KAR-SET-078,2012,LT05_L2SP_144039_20101115_02_T1,landsat-c2-l2,landsat-5,outputs/figures/karnali_79/epoch_frames/KAR-SET-078/2012.jpg,2010-11-15,1.0,0.4978,0.9293,0.0,0.0747,True,30.0
KAR-SET-078_2017,KAR-SET-078,2017,S2A_MSIL2A_20170124T051101_R019_T44RNT_20210207T175513,sentinel-2-l2a,Sentinel-2A,outputs/figures/karnali_79/epoch_frames/KAR-SET-078/2017.jpg,2017-01-24,1.0,0.4557,0.5998,0.0003,0.083,True,10.0
KAR-SET-078_2022,KAR-SET-078,2022,S2B_MSIL2A_20220314T050649_R019_T44RNT_20220314T143917,sentinel-2-l2a,Sentinel-2B,outputs/figures/karnali_79/epoch_frames/KAR-SET-078/2022.jpg,2022-03-14,1.0,0.5035,0.7342,0.0,0.0844,True,10.0
KAR-SET-078_2026,KAR-SET-078,2026,S2B_MSIL2A_20260422T050649_R019_T44RNT_20260422T085212,sentinel-2-l2a,Sentinel-2B,outputs/figures/karnali_79/epoch_frames/KAR-SET-078/2026.jpg,2026-04-22,1.0,0.4448,0.6425,0.0,0.1081,True,10.0
KAR-SET-079_1972,KAR-SET-079,1972,LM01_L1TP_154039_19721111_02_T2,landsat-c2-l1,landsat-1,outputs/figures/karnali_79/epoch_frames/KAR-SET-079/1972.jpg,1972-11-11,1.0,0.1259,0.0421,0.164,,False,60.0
KAR-SET-079_1977,KAR-SET-079,1977,LM02_L1TP_154040_19770305_02_T2,landsat-c2-l1,landsat-2,outputs/figures/karnali_79/epoch_frames/KAR-SET-079/1977.jpg,1977-03-05,1.0,0.1328,0.0931,0.0737,,False,60.0
KAR-SET-079_1987,KAR-SET-079,1987,LT05_L2SP_143039_19871227_02_T1,landsat-c2-l2,landsat-5,outputs/figures/karnali_79/epoch_frames/KAR-SET-079/1987.jpg,1987-12-27,1.0,0.2657,0.2779,0.0933,0.1124,True,30.0
KAR-SET-079_1992,KAR-SET-079,1992,LT05_L2SP_143040_19931109_02_T1,landsat-c2-l2,landsat-5,outputs/figures/karnali_79/epoch_frames/KAR-SET-079/1992.jpg,1993-11-09,1.0,0.345,0.5137,0.0279,0.1029,True,30.0
KAR-SET-079_1997,KAR-SET-079,1997,LT05_L2SP_143040_19970309_02_T1,landsat-c2-l2,landsat-5,outputs/figures/karnali_79/epoch_frames/KAR-SET-079/1997.jpg,1997-03-09,0.9997,0.2522,0.2647,0.0283,0.1197,True,30.0
KAR-SET-079_2002,KAR-SET-079,2002,LE07_L2SP_143040_20021025_02_T1,landsat-c2-l2,landsat-7,outputs/figures/karnali_79/epoch_frames/KAR-SET-079/2002.jpg,2002-10-25,1.0,0.4644,0.9378,0.0068,0.0847,True,30.0
KAR-SET-079_2007,KAR-SET-079,2007,LT05_L2SP_143040_20081102_02_T1,landsat-c2-l2,landsat-5,outputs/figures/karnali_79/epoch_frames/KAR-SET-079/2007.jpg,2008-11-02,1.0,0.3875,0.7997,0.0217,0.0971,True,30.0
KAR-SET-079_2012,KAR-SET-079,2012,LC08_L2SP_143039_20131218_02_T1,landsat-c2-l2,landsat-8,outputs/figures/karnali_79/epoch_frames/KAR-SET-079/2012.jpg,2013-12-18,1.0,0.3636,0.5104,0.0077,0.0975,True,30.0
KAR-SET-079_2017,KAR-SET-079,2017,S2A_MSIL2A_20170124T051101_R019_T44RNT_20210207T175513,sentinel-2-l2a,Sentinel-2A,outputs/figures/karnali_79/epoch_frames/KAR-SET-079/2017.jpg,2017-01-24,0.9991,0.2764,0.2949,0.005,0.1147,True,10.0
KAR-SET-079_2022,KAR-SET-079,2022,S2B_MSIL2A_20220314T050649_R019_T44RNT_20220314T143917,sentinel-2-l2a,Sentinel-2B,outputs/figures/karnali_79/epoch_frames/KAR-SET-079/2022.jpg,2022-03-14,0.9967,0.3354,0.4554,0.0025,0.1113,True,10.0
KAR-SET-079_2026,KAR-SET-079,2026,S2B_MSIL2A_20260422T050649_R019_T44RNT_20260422T085212,sentinel-2-l2a,Sentinel-2B,outputs/figures/karnali_79/epoch_frames/KAR-SET-079/2026.jpg,2026-04-22,1.0,0.2776,0.3223,0.0015,0.1399,True,10.0
