imagery_id,source_name,provider,license,acquisition_date,year,sensor_or_product,resolution,extent,crs,relative_path,checksum,cloud_or_quality_notes,processing_status,notes
KAR-SET-001_1972,LM01_L1TP_154040_19721217_02_T2,USGS Landsat Collection 2,Public domain (USGS),1972-12-17,1972,landsat-1 / Planetary Computer landsat-c2-l1,60 m,"4 km window centred 82.351037,28.790599",EPSG:32644,NA (streamed; not stored),NA,chip cloud/shadow fraction 0.0; chip no-data fraction 0.0; scene cloud cover 6.0; sun elevation 31.42157915,displayed in figure,"epoch 1972; false colour (NIR-red-green): vegetation red, water dark; figure outputs/figures/karnali_79/imagery_timeseries/KAR-SET-001_aathabisakot_timeseries_1972_2026.png"
KAR-SET-001_1977,LM02_L1TP_154040_19770323_02_T2,USGS Landsat Collection 2,Public domain (USGS),1977-03-23,1977,landsat-2 / Planetary Computer landsat-c2-l1,60 m,"4 km window centred 82.351037,28.790599",EPSG:32644,NA (streamed; not stored),NA,chip cloud/shadow fraction 0.0; chip no-data fraction 0.0; scene cloud cover 2.0; sun elevation 44.22210613,displayed in figure,"epoch 1977; false colour (NIR-red-green): vegetation red, water dark; figure outputs/figures/karnali_79/imagery_timeseries/KAR-SET-001_aathabisakot_timeseries_1972_2026.png"
KAR-SET-001_1987,LT05_L2SP_143040_19871227_02_T1,USGS Landsat Collection 2,Public domain (USGS),1987-12-27,1987,landsat-5 / Planetary Computer landsat-c2-l2,30 m,"4 km window centred 82.351037,28.790599",EPSG:32644,NA (streamed; not stored),NA,chip cloud/shadow fraction 0.0; chip no-data fraction 0.0; scene cloud cover 8.0; sun elevation 30.1816121,displayed in figure,epoch 1987; true colour; figure outputs/figures/karnali_79/imagery_timeseries/KAR-SET-001_aathabisakot_timeseries_1972_2026.png
KAR-SET-001_1992,LT05_L2SP_143040_19921106_02_T1,USGS Landsat Collection 2,Public domain (USGS),1992-11-06,1992,landsat-5 / Planetary Computer landsat-c2-l2,30 m,"4 km window centred 82.351037,28.790599",EPSG:32644,NA (streamed; not stored),NA,chip cloud/shadow fraction 0.0; chip no-data fraction 0.0; scene cloud cover 3.0; sun elevation 37.5167245,displayed in figure,epoch 1992; true colour; figure outputs/figures/karnali_79/imagery_timeseries/KAR-SET-001_aathabisakot_timeseries_1972_2026.png
KAR-SET-001_1997,LT05_L2SP_143040_19970309_02_T1,USGS Landsat Collection 2,Public domain (USGS),1997-03-09,1997,landsat-5 / Planetary Computer landsat-c2-l2,30 m,"4 km window centred 82.351037,28.790599",EPSG:32644,NA (streamed; not stored),NA,chip cloud/shadow fraction 0.0; chip no-data fraction 0.0; scene cloud cover 4.0; sun elevation 43.65029989,displayed in figure,epoch 1997; true colour; figure outputs/figures/karnali_79/imagery_timeseries/KAR-SET-001_aathabisakot_timeseries_1972_2026.png
KAR-SET-001_2002,LE07_L2SP_143040_20021025_02_T1,USGS Landsat Collection 2,Public domain (USGS),2002-10-25,2002,landsat-7 / Planetary Computer landsat-c2-l2,30 m,"4 km window centred 82.351037,28.790599",EPSG:32644,NA (streamed; not stored),NA,chip cloud/shadow fraction 0.0; chip no-data fraction 0.0; scene cloud cover 3.0; sun elevation 44.11022116,displayed in figure,epoch 2002; true colour; figure outputs/figures/karnali_79/imagery_timeseries/KAR-SET-001_aathabisakot_timeseries_1972_2026.png
KAR-SET-001_2007,LT05_L2SP_143040_20080424_02_T1,USGS Landsat Collection 2,Public domain (USGS),2008-04-24,2008,landsat-5 / Planetary Computer landsat-c2-l2,30 m,"4 km window centred 82.351037,28.790599",EPSG:32644,NA (streamed; not stored),NA,chip cloud/shadow fraction 0.0; chip no-data fraction 0.0; scene cloud cover 3.0; sun elevation 62.11450463,displayed in figure,epoch 2007; true colour; figure outputs/figures/karnali_79/imagery_timeseries/KAR-SET-001_aathabisakot_timeseries_1972_2026.png
KAR-SET-001_2012,LC08_L2SP_143040_20131031_02_T1,USGS Landsat Collection 2,Public domain (USGS),2013-10-31,2013,landsat-8 / Planetary Computer landsat-c2-l2,30 m,"4 km window centred 82.351037,28.790599",EPSG:32644,NA (streamed; not stored),NA,chip cloud/shadow fraction 0.0; chip no-data fraction 0.0; scene cloud cover 4.08; sun elevation 43.65090666,displayed in figure,epoch 2012; true colour; figure outputs/figures/karnali_79/imagery_timeseries/KAR-SET-001_aathabisakot_timeseries_1972_2026.png
KAR-SET-001_2017,S2A_MSIL2A_20160310T050632_R019_T44RPS_20210528T130338,ESA Copernicus Sentinel-2,"Copernicus Sentinel data terms (free, attribution)",2016-03-10,2016,Sentinel-2A / Planetary Computer sentinel-2-l2a,10 m,"4 km window centred 82.351037,28.790599",EPSG:32644,NA (streamed; not stored),NA,chip cloud/shadow fraction 0.0001; chip no-data fraction 0.0; scene cloud cover 0.938391; sun elevation None,displayed in figure,epoch 2017; true colour; figure outputs/figures/karnali_79/imagery_timeseries/KAR-SET-001_aathabisakot_timeseries_1972_2026.png
KAR-SET-001_2022,S2B_MSIL2A_20221119T051109_R019_T44RPS_20221119T163418,ESA Copernicus Sentinel-2,"Copernicus Sentinel data terms (free, attribution)",2022-11-19,2022,Sentinel-2B / Planetary Computer sentinel-2-l2a,10 m,"4 km window centred 82.351037,28.790599",EPSG:32644,NA (streamed; not stored),NA,chip cloud/shadow fraction 0.0; chip no-data fraction 0.0; scene cloud cover 0.0; sun elevation None,displayed in figure,epoch 2022; true colour; figure outputs/figures/karnali_79/imagery_timeseries/KAR-SET-001_aathabisakot_timeseries_1972_2026.png
KAR-SET-001_2026,S2C_MSIL2A_20260117T051141_R019_T44RPS_20260117T083616,ESA Copernicus Sentinel-2,"Copernicus Sentinel data terms (free, attribution)",2026-01-17,2026,Sentinel-2C / Planetary Computer sentinel-2-l2a,10 m,"4 km window centred 82.351037,28.790599",EPSG:32644,NA (streamed; not stored),NA,chip cloud/shadow fraction 0.0; chip no-data fraction 0.0; scene cloud cover 2e-05; sun elevation None,displayed in figure,epoch 2026; true colour; figure outputs/figures/karnali_79/imagery_timeseries/KAR-SET-001_aathabisakot_timeseries_1972_2026.png
KAR-SET-002_1972,LM01_L1TP_154040_19721217_02_T2,USGS Landsat Collection 2,Public domain (USGS),1972-12-17,1972,landsat-1 / Planetary Computer landsat-c2-l1,60 m,"4 km window centred 82.278706,28.619506",EPSG:32644,NA (streamed; not stored),NA,chip cloud/shadow fraction 0.0; chip no-data fraction 0.0; scene cloud cover 6.0; sun elevation 31.42157915,displayed in figure,"epoch 1972; false colour (NIR-red-green): vegetation red, water dark; figure outputs/figures/karnali_79/imagery_timeseries/KAR-SET-002_chaurjahari_timeseries_1972_2026.png"
KAR-SET-002_1977,LM02_L1TP_154040_19770323_02_T2,USGS Landsat Collection 2,Public domain (USGS),1977-03-23,1977,landsat-2 / Planetary Computer landsat-c2-l1,60 m,"4 km window centred 82.278706,28.619506",EPSG:32644,NA (streamed; not stored),NA,chip cloud/shadow fraction 0.0; chip no-data fraction 0.0; scene cloud cover 2.0; sun elevation 44.22210613,displayed in figure,"epoch 1977; false colour (NIR-red-green): vegetation red, water dark; figure outputs/figures/karnali_79/imagery_timeseries/KAR-SET-002_chaurjahari_timeseries_1972_2026.png"
KAR-SET-002_1987,LT05_L2SP_143040_19871227_02_T1,USGS Landsat Collection 2,Public domain (USGS),1987-12-27,1987,landsat-5 / Planetary Computer landsat-c2-l2,30 m,"4 km window centred 82.278706,28.619506",EPSG:32644,NA (streamed; not stored),NA,chip cloud/shadow fraction 0.0; chip no-data fraction 0.0; scene cloud cover 8.0; sun elevation 30.1816121,displayed in figure,epoch 1987; true colour; figure outputs/figures/karnali_79/imagery_timeseries/KAR-SET-002_chaurjahari_timeseries_1972_2026.png
KAR-SET-002_1992,LT05_L2SP_143040_19921106_02_T1,USGS Landsat Collection 2,Public domain (USGS),1992-11-06,1992,landsat-5 / Planetary Computer landsat-c2-l2,30 m,"4 km window centred 82.278706,28.619506",EPSG:32644,NA (streamed; not stored),NA,chip cloud/shadow fraction 0.0; chip no-data fraction 0.0; scene cloud cover 3.0; sun elevation 37.5167245,displayed in figure,epoch 1992; true colour; figure outputs/figures/karnali_79/imagery_timeseries/KAR-SET-002_chaurjahari_timeseries_1972_2026.png
KAR-SET-002_1997,LT05_L2SP_143040_19970309_02_T1,USGS Landsat Collection 2,Public domain (USGS),1997-03-09,1997,landsat-5 / Planetary Computer landsat-c2-l2,30 m,"4 km window centred 82.278706,28.619506",EPSG:32644,NA (streamed; not stored),NA,chip cloud/shadow fraction 0.0; chip no-data fraction 0.0; scene cloud cover 4.0; sun elevation 43.65029989,displayed in figure,epoch 1997; true colour; figure outputs/figures/karnali_79/imagery_timeseries/KAR-SET-002_chaurjahari_timeseries_1972_2026.png
KAR-SET-002_2002,LE07_L2SP_143040_20021025_02_T1,USGS Landsat Collection 2,Public domain (USGS),2002-10-25,2002,landsat-7 / Planetary Computer landsat-c2-l2,30 m,"4 km window centred 82.278706,28.619506",EPSG:32644,NA (streamed; not stored),NA,chip cloud/shadow fraction 0.0; chip no-data fraction 0.0; scene cloud cover 3.0; sun elevation 44.11022116,displayed in figure,epoch 2002; true colour; figure outputs/figures/karnali_79/imagery_timeseries/KAR-SET-002_chaurjahari_timeseries_1972_2026.png
KAR-SET-002_2007,LT05_L2SP_143040_20080424_02_T1,USGS Landsat Collection 2,Public domain (USGS),2008-04-24,2008,landsat-5 / Planetary Computer landsat-c2-l2,30 m,"4 km window centred 82.278706,28.619506",EPSG:32644,NA (streamed; not stored),NA,chip cloud/shadow fraction 0.0; chip no-data fraction 0.0; scene cloud cover 3.0; sun elevation 62.11450463,displayed in figure,epoch 2007; true colour; figure outputs/figures/karnali_79/imagery_timeseries/KAR-SET-002_chaurjahari_timeseries_1972_2026.png
KAR-SET-002_2012,LC08_L2SP_143040_20131031_02_T1,USGS Landsat Collection 2,Public domain (USGS),2013-10-31,2013,landsat-8 / Planetary Computer landsat-c2-l2,30 m,"4 km window centred 82.278706,28.619506",EPSG:32644,NA (streamed; not stored),NA,chip cloud/shadow fraction 0.0; chip no-data fraction 0.0; scene cloud cover 4.08; sun elevation 43.65090666,displayed in figure,epoch 2012; true colour; figure outputs/figures/karnali_79/imagery_timeseries/KAR-SET-002_chaurjahari_timeseries_1972_2026.png
KAR-SET-002_2017,S2A_MSIL2A_20181026T050901_R019_T44RPS_20201009T152443,ESA Copernicus Sentinel-2,"Copernicus Sentinel data terms (free, attribution)",2018-10-26,2018,Sentinel-2A / Planetary Computer sentinel-2-l2a,10 m,"4 km window centred 82.278706,28.619506",EPSG:32644,NA (streamed; not stored),NA,chip cloud/shadow fraction 0.0; chip no-data fraction 0.0; scene cloud cover 0.172813; sun elevation None,displayed in figure,epoch 2017; true colour; figure outputs/figures/karnali_79/imagery_timeseries/KAR-SET-002_chaurjahari_timeseries_1972_2026.png
KAR-SET-002_2022,S2B_MSIL2A_20221119T051109_R019_T44RPS_20221119T163418,ESA Copernicus Sentinel-2,"Copernicus Sentinel data terms (free, attribution)",2022-11-19,2022,Sentinel-2B / Planetary Computer sentinel-2-l2a,10 m,"4 km window centred 82.278706,28.619506",EPSG:32644,NA (streamed; not stored),NA,chip cloud/shadow fraction 0.0; chip no-data fraction 0.0; scene cloud cover 0.0; sun elevation None,displayed in figure,epoch 2022; true colour; figure outputs/figures/karnali_79/imagery_timeseries/KAR-SET-002_chaurjahari_timeseries_1972_2026.png
KAR-SET-002_2026,S2C_MSIL2A_20260117T051141_R019_T44RPS_20260117T083616,ESA Copernicus Sentinel-2,"Copernicus Sentinel data terms (free, attribution)",2026-01-17,2026,Sentinel-2C / Planetary Computer sentinel-2-l2a,10 m,"4 km window centred 82.278706,28.619506",EPSG:32644,NA (streamed; not stored),NA,chip cloud/shadow fraction 0.0; chip no-data fraction 0.0; scene cloud cover 2e-05; sun elevation None,displayed in figure,epoch 2026; true colour; figure outputs/figures/karnali_79/imagery_timeseries/KAR-SET-002_chaurjahari_timeseries_1972_2026.png
KAR-SET-003_1972,LM01_L1TP_154040_19721217_02_T2,USGS Landsat Collection 2,Public domain (USGS),1972-12-17,1972,landsat-1 / Planetary Computer landsat-c2-l1,60 m,"4 km window centred 82.455626,28.62923",EPSG:32644,NA (streamed; not stored),NA,chip cloud/shadow fraction 0.0; chip no-data fraction 0.0; scene cloud cover 6.0; sun elevation 31.42157915,displayed in figure,"epoch 1972; false colour (NIR-red-green): vegetation red, water dark; figure outputs/figures/karnali_79/imagery_timeseries/KAR-SET-003_musikot_timeseries_1972_2026.png"
KAR-SET-003_1977,LM02_L1TP_154040_19770323_02_T2,USGS Landsat Collection 2,Public domain (USGS),1977-03-23,1977,landsat-2 / Planetary Computer landsat-c2-l1,60 m,"4 km window centred 82.455626,28.62923",EPSG:32644,NA (streamed; not stored),NA,chip cloud/shadow fraction 0.0; chip no-data fraction 0.0; scene cloud cover 2.0; sun elevation 44.22210613,displayed in figure,"epoch 1977; false colour (NIR-red-green): vegetation red, water dark; figure outputs/figures/karnali_79/imagery_timeseries/KAR-SET-003_musikot_timeseries_1972_2026.png"
KAR-SET-003_1987,LT05_L2SP_143040_19871227_02_T1,USGS Landsat Collection 2,Public domain (USGS),1987-12-27,1987,landsat-5 / Planetary Computer landsat-c2-l2,30 m,"4 km window centred 82.455626,28.62923",EPSG:32644,NA (streamed; not stored),NA,chip cloud/shadow fraction 0.0; chip no-data fraction 0.0; scene cloud cover 8.0; sun elevation 30.1816121,displayed in figure,epoch 1987; true colour; figure outputs/figures/karnali_79/imagery_timeseries/KAR-SET-003_musikot_timeseries_1972_2026.png
KAR-SET-003_1992,LT05_L2SP_143040_19921106_02_T1,USGS Landsat Collection 2,Public domain (USGS),1992-11-06,1992,landsat-5 / Planetary Computer landsat-c2-l2,30 m,"4 km window centred 82.455626,28.62923",EPSG:32644,NA (streamed; not stored),NA,chip cloud/shadow fraction 0.0; chip no-data fraction 0.0; scene cloud cover 3.0; sun elevation 37.5167245,displayed in figure,epoch 1992; true colour; figure outputs/figures/karnali_79/imagery_timeseries/KAR-SET-003_musikot_timeseries_1972_2026.png
KAR-SET-003_1997,LT05_L2SP_143040_19970309_02_T1,USGS Landsat Collection 2,Public domain (USGS),1997-03-09,1997,landsat-5 / Planetary Computer landsat-c2-l2,30 m,"4 km window centred 82.455626,28.62923",EPSG:32644,NA (streamed; not stored),NA,chip cloud/shadow fraction 0.0; chip no-data fraction 0.0; scene cloud cover 4.0; sun elevation 43.65029989,displayed in figure,epoch 1997; true colour; figure outputs/figures/karnali_79/imagery_timeseries/KAR-SET-003_musikot_timeseries_1972_2026.png
KAR-SET-003_2002,LE07_L2SP_143040_20021025_02_T1,USGS Landsat Collection 2,Public domain (USGS),2002-10-25,2002,landsat-7 / Planetary Computer landsat-c2-l2,30 m,"4 km window centred 82.455626,28.62923",EPSG:32644,NA (streamed; not stored),NA,chip cloud/shadow fraction 0.0; chip no-data fraction 0.0; scene cloud cover 3.0; sun elevation 44.11022116,displayed in figure,epoch 2002; true colour; figure outputs/figures/karnali_79/imagery_timeseries/KAR-SET-003_musikot_timeseries_1972_2026.png
KAR-SET-003_2007,LT05_L2SP_143040_20080424_02_T1,USGS Landsat Collection 2,Public domain (USGS),2008-04-24,2008,landsat-5 / Planetary Computer landsat-c2-l2,30 m,"4 km window centred 82.455626,28.62923",EPSG:32644,NA (streamed; not stored),NA,chip cloud/shadow fraction 0.0; chip no-data fraction 0.0; scene cloud cover 3.0; sun elevation 62.11450463,displayed in figure,epoch 2007; true colour; figure outputs/figures/karnali_79/imagery_timeseries/KAR-SET-003_musikot_timeseries_1972_2026.png
KAR-SET-003_2012,LC08_L2SP_143040_20131031_02_T1,USGS Landsat Collection 2,Public domain (USGS),2013-10-31,2013,landsat-8 / Planetary Computer landsat-c2-l2,30 m,"4 km window centred 82.455626,28.62923",EPSG:32644,NA (streamed; not stored),NA,chip cloud/shadow fraction 0.0; chip no-data fraction 0.0; scene cloud cover 4.08; sun elevation 43.65090666,displayed in figure,epoch 2012; true colour; figure outputs/figures/karnali_79/imagery_timeseries/KAR-SET-003_musikot_timeseries_1972_2026.png
KAR-SET-003_2017,S2A_MSIL2A_20181026T050901_R019_T44RPS_20201009T152443,ESA Copernicus Sentinel-2,"Copernicus Sentinel data terms (free, attribution)",2018-10-26,2018,Sentinel-2A / Planetary Computer sentinel-2-l2a,10 m,"4 km window centred 82.455626,28.62923",EPSG:32644,NA (streamed; not stored),NA,chip cloud/shadow fraction 0.0001; chip no-data fraction 0.0; scene cloud cover 0.172813; sun elevation None,displayed in figure,epoch 2017; true colour; figure outputs/figures/karnali_79/imagery_timeseries/KAR-SET-003_musikot_timeseries_1972_2026.png
KAR-SET-003_2022,S2B_MSIL2A_20221119T051109_R019_T44RPS_20221119T163418,ESA Copernicus Sentinel-2,"Copernicus Sentinel data terms (free, attribution)",2022-11-19,2022,Sentinel-2B / Planetary Computer sentinel-2-l2a,10 m,"4 km window centred 82.455626,28.62923",EPSG:32644,NA (streamed; not stored),NA,chip cloud/shadow fraction 0.0; chip no-data fraction 0.0; scene cloud cover 0.0; sun elevation None,displayed in figure,epoch 2022; true colour; figure outputs/figures/karnali_79/imagery_timeseries/KAR-SET-003_musikot_timeseries_1972_2026.png
KAR-SET-003_2026,S2C_MSIL2A_20260117T051141_R019_T44RPS_20260117T083616,ESA Copernicus Sentinel-2,"Copernicus Sentinel data terms (free, attribution)",2026-01-17,2026,Sentinel-2C / Planetary Computer sentinel-2-l2a,10 m,"4 km window centred 82.455626,28.62923",EPSG:32644,NA (streamed; not stored),NA,chip cloud/shadow fraction 0.0; chip no-data fraction 0.0; scene cloud cover 2e-05; sun elevation None,displayed in figure,epoch 2026; true colour; figure outputs/figures/karnali_79/imagery_timeseries/KAR-SET-003_musikot_timeseries_1972_2026.png
KAR-SET-004_1972,LM01_L1TP_154040_19721217_02_T2,USGS Landsat Collection 2,Public domain (USGS),1972-12-17,1972,landsat-1 / Planetary Computer landsat-c2-l1,60 m,"4 km window centred 82.353185,28.65534",EPSG:32644,NA (streamed; not stored),NA,chip cloud/shadow fraction 0.0; chip no-data fraction 0.0; scene cloud cover 6.0; sun elevation 31.42157915,displayed in figure,"epoch 1972; false colour (NIR-red-green): vegetation red, water dark; figure outputs/figures/karnali_79/imagery_timeseries/KAR-SET-004_sanibheri_timeseries_1972_2026.png"
KAR-SET-004_1977,LM02_L1TP_154040_19770323_02_T2,USGS Landsat Collection 2,Public domain (USGS),1977-03-23,1977,landsat-2 / Planetary Computer landsat-c2-l1,60 m,"4 km window centred 82.353185,28.65534",EPSG:32644,NA (streamed; not stored),NA,chip cloud/shadow fraction 0.0; chip no-data fraction 0.0; scene cloud cover 2.0; sun elevation 44.22210613,displayed in figure,"epoch 1977; false colour (NIR-red-green): vegetation red, water dark; figure outputs/figures/karnali_79/imagery_timeseries/KAR-SET-004_sanibheri_timeseries_1972_2026.png"
KAR-SET-004_1987,LT05_L2SP_143040_19871227_02_T1,USGS Landsat Collection 2,Public domain (USGS),1987-12-27,1987,landsat-5 / Planetary Computer landsat-c2-l2,30 m,"4 km window centred 82.353185,28.65534",EPSG:32644,NA (streamed; not stored),NA,chip cloud/shadow fraction 0.0; chip no-data fraction 0.0; scene cloud cover 8.0; sun elevation 30.1816121,displayed in figure,epoch 1987; true colour; figure outputs/figures/karnali_79/imagery_timeseries/KAR-SET-004_sanibheri_timeseries_1972_2026.png
KAR-SET-004_1992,LT05_L2SP_143040_19921106_02_T1,USGS Landsat Collection 2,Public domain (USGS),1992-11-06,1992,landsat-5 / Planetary Computer landsat-c2-l2,30 m,"4 km window centred 82.353185,28.65534",EPSG:32644,NA (streamed; not stored),NA,chip cloud/shadow fraction 0.0; chip no-data fraction 0.0; scene cloud cover 3.0; sun elevation 37.5167245,displayed in figure,epoch 1992; true colour; figure outputs/figures/karnali_79/imagery_timeseries/KAR-SET-004_sanibheri_timeseries_1972_2026.png
KAR-SET-004_1997,LT05_L2SP_143040_19970309_02_T1,USGS Landsat Collection 2,Public domain (USGS),1997-03-09,1997,landsat-5 / Planetary Computer landsat-c2-l2,30 m,"4 km window centred 82.353185,28.65534",EPSG:32644,NA (streamed; not stored),NA,chip cloud/shadow fraction 0.0; chip no-data fraction 0.0; scene cloud cover 4.0; sun elevation 43.65029989,displayed in figure,epoch 1997; true colour; figure outputs/figures/karnali_79/imagery_timeseries/KAR-SET-004_sanibheri_timeseries_1972_2026.png
KAR-SET-004_2002,LE07_L2SP_143040_20021025_02_T1,USGS Landsat Collection 2,Public domain (USGS),2002-10-25,2002,landsat-7 / Planetary Computer landsat-c2-l2,30 m,"4 km window centred 82.353185,28.65534",EPSG:32644,NA (streamed; not stored),NA,chip cloud/shadow fraction 0.0; chip no-data fraction 0.0; scene cloud cover 3.0; sun elevation 44.11022116,displayed in figure,epoch 2002; true colour; figure outputs/figures/karnali_79/imagery_timeseries/KAR-SET-004_sanibheri_timeseries_1972_2026.png
KAR-SET-004_2007,LT05_L2SP_143040_20080424_02_T1,USGS Landsat Collection 2,Public domain (USGS),2008-04-24,2008,landsat-5 / Planetary Computer landsat-c2-l2,30 m,"4 km window centred 82.353185,28.65534",EPSG:32644,NA (streamed; not stored),NA,chip cloud/shadow fraction 0.0; chip no-data fraction 0.0; scene cloud cover 3.0; sun elevation 62.11450463,displayed in figure,epoch 2007; true colour; figure outputs/figures/karnali_79/imagery_timeseries/KAR-SET-004_sanibheri_timeseries_1972_2026.png
KAR-SET-004_2012,LC08_L2SP_143040_20131031_02_T1,USGS Landsat Collection 2,Public domain (USGS),2013-10-31,2013,landsat-8 / Planetary Computer landsat-c2-l2,30 m,"4 km window centred 82.353185,28.65534",EPSG:32644,NA (streamed; not stored),NA,chip cloud/shadow fraction 0.0; chip no-data fraction 0.0; scene cloud cover 4.08; sun elevation 43.65090666,displayed in figure,epoch 2012; true colour; figure outputs/figures/karnali_79/imagery_timeseries/KAR-SET-004_sanibheri_timeseries_1972_2026.png
KAR-SET-004_2017,S2A_MSIL2A_20181026T050901_R019_T44RPS_20201009T152443,ESA Copernicus Sentinel-2,"Copernicus Sentinel data terms (free, attribution)",2018-10-26,2018,Sentinel-2A / Planetary Computer sentinel-2-l2a,10 m,"4 km window centred 82.353185,28.65534",EPSG:32644,NA (streamed; not stored),NA,chip cloud/shadow fraction 0.0006; chip no-data fraction 0.0; scene cloud cover 0.172813; sun elevation None,displayed in figure,epoch 2017; true colour; figure outputs/figures/karnali_79/imagery_timeseries/KAR-SET-004_sanibheri_timeseries_1972_2026.png
KAR-SET-004_2022,S2B_MSIL2A_20221119T051109_R019_T44RPS_20221119T163418,ESA Copernicus Sentinel-2,"Copernicus Sentinel data terms (free, attribution)",2022-11-19,2022,Sentinel-2B / Planetary Computer sentinel-2-l2a,10 m,"4 km window centred 82.353185,28.65534",EPSG:32644,NA (streamed; not stored),NA,chip cloud/shadow fraction 0.0; chip no-data fraction 0.0; scene cloud cover 0.0; sun elevation None,displayed in figure,epoch 2022; true colour; figure outputs/figures/karnali_79/imagery_timeseries/KAR-SET-004_sanibheri_timeseries_1972_2026.png
KAR-SET-004_2026,S2C_MSIL2A_20260117T051141_R019_T44RPS_20260117T083616,ESA Copernicus Sentinel-2,"Copernicus Sentinel data terms (free, attribution)",2026-01-17,2026,Sentinel-2C / Planetary Computer sentinel-2-l2a,10 m,"4 km window centred 82.353185,28.65534",EPSG:32644,NA (streamed; not stored),NA,chip cloud/shadow fraction 0.0; chip no-data fraction 0.0; scene cloud cover 2e-05; sun elevation None,displayed in figure,epoch 2026; true colour; figure outputs/figures/karnali_79/imagery_timeseries/KAR-SET-004_sanibheri_timeseries_1972_2026.png
KAR-SET-005_1972,LM01_L1TP_154040_19721217_02_T2,USGS Landsat Collection 2,Public domain (USGS),1972-12-17,1972,landsat-1 / Planetary Computer landsat-c2-l1,60 m,"4 km window centred 82.444537,28.707535",EPSG:32644,NA (streamed; not stored),NA,chip cloud/shadow fraction 0.0; chip no-data fraction 0.0; scene cloud cover 6.0; sun elevation 31.42157915,displayed in figure,"epoch 1972; false colour (NIR-red-green): vegetation red, water dark; figure outputs/figures/karnali_79/imagery_timeseries/KAR-SET-005_banphikot_timeseries_1972_2026.png"
KAR-SET-005_1977,LM02_L1TP_154040_19770323_02_T2,USGS Landsat Collection 2,Public domain (USGS),1977-03-23,1977,landsat-2 / Planetary Computer landsat-c2-l1,60 m,"4 km window centred 82.444537,28.707535",EPSG:32644,NA (streamed; not stored),NA,chip cloud/shadow fraction 0.0; chip no-data fraction 0.0; scene cloud cover 2.0; sun elevation 44.22210613,displayed in figure,"epoch 1977; false colour (NIR-red-green): vegetation red, water dark; figure outputs/figures/karnali_79/imagery_timeseries/KAR-SET-005_banphikot_timeseries_1972_2026.png"
KAR-SET-005_1987,LT05_L2SP_143040_19871227_02_T1,USGS Landsat Collection 2,Public domain (USGS),1987-12-27,1987,landsat-5 / Planetary Computer landsat-c2-l2,30 m,"4 km window centred 82.444537,28.707535",EPSG:32644,NA (streamed; not stored),NA,chip cloud/shadow fraction 0.0; chip no-data fraction 0.0; scene cloud cover 8.0; sun elevation 30.1816121,displayed in figure,epoch 1987; true colour; figure outputs/figures/karnali_79/imagery_timeseries/KAR-SET-005_banphikot_timeseries_1972_2026.png
KAR-SET-005_1992,LT05_L2SP_143040_19921106_02_T1,USGS Landsat Collection 2,Public domain (USGS),1992-11-06,1992,landsat-5 / Planetary Computer landsat-c2-l2,30 m,"4 km window centred 82.444537,28.707535",EPSG:32644,NA (streamed; not stored),NA,chip cloud/shadow fraction 0.0; chip no-data fraction 0.0; scene cloud cover 3.0; sun elevation 37.5167245,displayed in figure,epoch 1992; true colour; figure outputs/figures/karnali_79/imagery_timeseries/KAR-SET-005_banphikot_timeseries_1972_2026.png
KAR-SET-005_1997,LT05_L2SP_143040_19970309_02_T1,USGS Landsat Collection 2,Public domain (USGS),1997-03-09,1997,landsat-5 / Planetary Computer landsat-c2-l2,30 m,"4 km window centred 82.444537,28.707535",EPSG:32644,NA (streamed; not stored),NA,chip cloud/shadow fraction 0.0; chip no-data fraction 0.0; scene cloud cover 4.0; sun elevation 43.65029989,displayed in figure,epoch 1997; true colour; figure outputs/figures/karnali_79/imagery_timeseries/KAR-SET-005_banphikot_timeseries_1972_2026.png
KAR-SET-005_2002,LE07_L2SP_143040_20021025_02_T1,USGS Landsat Collection 2,Public domain (USGS),2002-10-25,2002,landsat-7 / Planetary Computer landsat-c2-l2,30 m,"4 km window centred 82.444537,28.707535",EPSG:32644,NA (streamed; not stored),NA,chip cloud/shadow fraction 0.0; chip no-data fraction 0.0; scene cloud cover 3.0; sun elevation 44.11022116,displayed in figure,epoch 2002; true colour; figure outputs/figures/karnali_79/imagery_timeseries/KAR-SET-005_banphikot_timeseries_1972_2026.png
KAR-SET-005_2007,LT05_L2SP_143040_20080424_02_T1,USGS Landsat Collection 2,Public domain (USGS),2008-04-24,2008,landsat-5 / Planetary Computer landsat-c2-l2,30 m,"4 km window centred 82.444537,28.707535",EPSG:32644,NA (streamed; not stored),NA,chip cloud/shadow fraction 0.0; chip no-data fraction 0.0; scene cloud cover 3.0; sun elevation 62.11450463,displayed in figure,epoch 2007; true colour; figure outputs/figures/karnali_79/imagery_timeseries/KAR-SET-005_banphikot_timeseries_1972_2026.png
KAR-SET-005_2012,LC08_L2SP_143040_20131031_02_T1,USGS Landsat Collection 2,Public domain (USGS),2013-10-31,2013,landsat-8 / Planetary Computer landsat-c2-l2,30 m,"4 km window centred 82.444537,28.707535",EPSG:32644,NA (streamed; not stored),NA,chip cloud/shadow fraction 0.0; chip no-data fraction 0.0; scene cloud cover 4.08; sun elevation 43.65090666,displayed in figure,epoch 2012; true colour; figure outputs/figures/karnali_79/imagery_timeseries/KAR-SET-005_banphikot_timeseries_1972_2026.png
KAR-SET-005_2017,S2A_MSIL2A_20181026T050901_R019_T44RPS_20201009T152443,ESA Copernicus Sentinel-2,"Copernicus Sentinel data terms (free, attribution)",2018-10-26,2018,Sentinel-2A / Planetary Computer sentinel-2-l2a,10 m,"4 km window centred 82.444537,28.707535",EPSG:32644,NA (streamed; not stored),NA,chip cloud/shadow fraction 0.0019; chip no-data fraction 0.0; scene cloud cover 0.172813; sun elevation None,displayed in figure,epoch 2017; true colour; figure outputs/figures/karnali_79/imagery_timeseries/KAR-SET-005_banphikot_timeseries_1972_2026.png
KAR-SET-005_2022,S2B_MSIL2A_20221119T051109_R019_T44RPS_20221119T163418,ESA Copernicus Sentinel-2,"Copernicus Sentinel data terms (free, attribution)",2022-11-19,2022,Sentinel-2B / Planetary Computer sentinel-2-l2a,10 m,"4 km window centred 82.444537,28.707535",EPSG:32644,NA (streamed; not stored),NA,chip cloud/shadow fraction 0.0; chip no-data fraction 0.0; scene cloud cover 0.0; sun elevation None,displayed in figure,epoch 2022; true colour; figure outputs/figures/karnali_79/imagery_timeseries/KAR-SET-005_banphikot_timeseries_1972_2026.png
KAR-SET-005_2026,S2C_MSIL2A_20260117T051141_R019_T44RPS_20260117T083616,ESA Copernicus Sentinel-2,"Copernicus Sentinel data terms (free, attribution)",2026-01-17,2026,Sentinel-2C / Planetary Computer sentinel-2-l2a,10 m,"4 km window centred 82.444537,28.707535",EPSG:32644,NA (streamed; not stored),NA,chip cloud/shadow fraction 0.0; chip no-data fraction 0.0; scene cloud cover 2e-05; sun elevation None,displayed in figure,epoch 2026; true colour; figure outputs/figures/karnali_79/imagery_timeseries/KAR-SET-005_banphikot_timeseries_1972_2026.png
KAR-SET-006_1972,LM01_L1TP_154040_19721217_02_T2,USGS Landsat Collection 2,Public domain (USGS),1972-12-17,1972,landsat-1 / Planetary Computer landsat-c2-l1,60 m,"4 km window centred 82.433365,28.576239",EPSG:32644,NA (streamed; not stored),NA,chip cloud/shadow fraction 0.0; chip no-data fraction 0.0; scene cloud cover 6.0; sun elevation 31.42157915,displayed in figure,"epoch 1972; false colour (NIR-red-green): vegetation red, water dark; figure outputs/figures/karnali_79/imagery_timeseries/KAR-SET-006_tribeni_timeseries_1972_2026.png"
KAR-SET-006_1977,LM02_L1TP_154040_19770323_02_T2,USGS Landsat Collection 2,Public domain (USGS),1977-03-23,1977,landsat-2 / Planetary Computer landsat-c2-l1,60 m,"4 km window centred 82.433365,28.576239",EPSG:32644,NA (streamed; not stored),NA,chip cloud/shadow fraction 0.0; chip no-data fraction 0.0; scene cloud cover 2.0; sun elevation 44.22210613,displayed in figure,"epoch 1977; false colour (NIR-red-green): vegetation red, water dark; figure outputs/figures/karnali_79/imagery_timeseries/KAR-SET-006_tribeni_timeseries_1972_2026.png"
KAR-SET-006_1987,LT05_L2SP_143040_19871227_02_T1,USGS Landsat Collection 2,Public domain (USGS),1987-12-27,1987,landsat-5 / Planetary Computer landsat-c2-l2,30 m,"4 km window centred 82.433365,28.576239",EPSG:32644,NA (streamed; not stored),NA,chip cloud/shadow fraction 0.0; chip no-data fraction 0.0; scene cloud cover 8.0; sun elevation 30.1816121,displayed in figure,epoch 1987; true colour; figure outputs/figures/karnali_79/imagery_timeseries/KAR-SET-006_tribeni_timeseries_1972_2026.png
KAR-SET-006_1992,LT05_L2SP_143040_19921106_02_T1,USGS Landsat Collection 2,Public domain (USGS),1992-11-06,1992,landsat-5 / Planetary Computer landsat-c2-l2,30 m,"4 km window centred 82.433365,28.576239",EPSG:32644,NA (streamed; not stored),NA,chip cloud/shadow fraction 0.0; chip no-data fraction 0.0; scene cloud cover 3.0; sun elevation 37.5167245,displayed in figure,epoch 1992; true colour; figure outputs/figures/karnali_79/imagery_timeseries/KAR-SET-006_tribeni_timeseries_1972_2026.png
KAR-SET-006_1997,LT05_L2SP_143040_19970309_02_T1,USGS Landsat Collection 2,Public domain (USGS),1997-03-09,1997,landsat-5 / Planetary Computer landsat-c2-l2,30 m,"4 km window centred 82.433365,28.576239",EPSG:32644,NA (streamed; not stored),NA,chip cloud/shadow fraction 0.0; chip no-data fraction 0.0; scene cloud cover 4.0; sun elevation 43.65029989,displayed in figure,epoch 1997; true colour; figure outputs/figures/karnali_79/imagery_timeseries/KAR-SET-006_tribeni_timeseries_1972_2026.png
KAR-SET-006_2002,LE07_L2SP_143040_20021025_02_T1,USGS Landsat Collection 2,Public domain (USGS),2002-10-25,2002,landsat-7 / Planetary Computer landsat-c2-l2,30 m,"4 km window centred 82.433365,28.576239",EPSG:32644,NA (streamed; not stored),NA,chip cloud/shadow fraction 0.0; chip no-data fraction 0.0; scene cloud cover 3.0; sun elevation 44.11022116,displayed in figure,epoch 2002; true colour; figure outputs/figures/karnali_79/imagery_timeseries/KAR-SET-006_tribeni_timeseries_1972_2026.png
KAR-SET-006_2007,LT05_L2SP_143040_20080424_02_T1,USGS Landsat Collection 2,Public domain (USGS),2008-04-24,2008,landsat-5 / Planetary Computer landsat-c2-l2,30 m,"4 km window centred 82.433365,28.576239",EPSG:32644,NA (streamed; not stored),NA,chip cloud/shadow fraction 0.0; chip no-data fraction 0.0; scene cloud cover 3.0; sun elevation 62.11450463,displayed in figure,epoch 2007; true colour; figure outputs/figures/karnali_79/imagery_timeseries/KAR-SET-006_tribeni_timeseries_1972_2026.png
KAR-SET-006_2012,LC08_L2SP_143040_20131031_02_T1,USGS Landsat Collection 2,Public domain (USGS),2013-10-31,2013,landsat-8 / Planetary Computer landsat-c2-l2,30 m,"4 km window centred 82.433365,28.576239",EPSG:32644,NA (streamed; not stored),NA,chip cloud/shadow fraction 0.0; chip no-data fraction 0.0; scene cloud cover 4.08; sun elevation 43.65090666,displayed in figure,epoch 2012; true colour; figure outputs/figures/karnali_79/imagery_timeseries/KAR-SET-006_tribeni_timeseries_1972_2026.png
KAR-SET-006_2017,S2A_MSIL2A_20181026T050901_R019_T44RPS_20201009T152443,ESA Copernicus Sentinel-2,"Copernicus Sentinel data terms (free, attribution)",2018-10-26,2018,Sentinel-2A / Planetary Computer sentinel-2-l2a,10 m,"4 km window centred 82.433365,28.576239",EPSG:32644,NA (streamed; not stored),NA,chip cloud/shadow fraction 0.0; chip no-data fraction 0.0; scene cloud cover 0.172813; sun elevation None,displayed in figure,epoch 2017; true colour; figure outputs/figures/karnali_79/imagery_timeseries/KAR-SET-006_tribeni_timeseries_1972_2026.png
KAR-SET-006_2022,S2B_MSIL2A_20221119T051109_R019_T44RPS_20221119T163418,ESA Copernicus Sentinel-2,"Copernicus Sentinel data terms (free, attribution)",2022-11-19,2022,Sentinel-2B / Planetary Computer sentinel-2-l2a,10 m,"4 km window centred 82.433365,28.576239",EPSG:32644,NA (streamed; not stored),NA,chip cloud/shadow fraction 0.0; chip no-data fraction 0.0; scene cloud cover 0.0; sun elevation None,displayed in figure,epoch 2022; true colour; figure outputs/figures/karnali_79/imagery_timeseries/KAR-SET-006_tribeni_timeseries_1972_2026.png
KAR-SET-006_2026,S2C_MSIL2A_20260117T051141_R019_T44RPS_20260117T083616,ESA Copernicus Sentinel-2,"Copernicus Sentinel data terms (free, attribution)",2026-01-17,2026,Sentinel-2C / Planetary Computer sentinel-2-l2a,10 m,"4 km window centred 82.433365,28.576239",EPSG:32644,NA (streamed; not stored),NA,chip cloud/shadow fraction 0.0; chip no-data fraction 0.0; scene cloud cover 2e-05; sun elevation None,displayed in figure,epoch 2026; true colour; figure outputs/figures/karnali_79/imagery_timeseries/KAR-SET-006_tribeni_timeseries_1972_2026.png
KAR-SET-007_1972,LM01_L1TP_154040_19721217_02_T2,USGS Landsat Collection 2,Public domain (USGS),1972-12-17,1972,landsat-1 / Planetary Computer landsat-c2-l1,60 m,"4 km window centred 82.028242,28.514083",EPSG:32644,NA (streamed; not stored),NA,chip cloud/shadow fraction 0.0; chip no-data fraction 0.0; scene cloud cover 6.0; sun elevation 31.42157915,displayed in figure,"epoch 1972; false colour (NIR-red-green): vegetation red, water dark; figure outputs/figures/karnali_79/imagery_timeseries/KAR-SET-007_banagad_kupinde_timeseries_1972_2026.png"
KAR-SET-007_1977,LM02_L1TP_154040_19770323_02_T2,USGS Landsat Collection 2,Public domain (USGS),1977-03-23,1977,landsat-2 / Planetary Computer landsat-c2-l1,60 m,"4 km window centred 82.028242,28.514083",EPSG:32644,NA (streamed; not stored),NA,chip cloud/shadow fraction 0.0; chip no-data fraction 0.0; scene cloud cover 2.0; sun elevation 44.22210613,displayed in figure,"epoch 1977; false colour (NIR-red-green): vegetation red, water dark; figure outputs/figures/karnali_79/imagery_timeseries/KAR-SET-007_banagad_kupinde_timeseries_1972_2026.png"
KAR-SET-007_1987,LT05_L2SP_143040_19871227_02_T1,USGS Landsat Collection 2,Public domain (USGS),1987-12-27,1987,landsat-5 / Planetary Computer landsat-c2-l2,30 m,"4 km window centred 82.028242,28.514083",EPSG:32644,NA (streamed; not stored),NA,chip cloud/shadow fraction 0.0; chip no-data fraction 0.0; scene cloud cover 8.0; sun elevation 30.1816121,displayed in figure,epoch 1987; true colour; figure outputs/figures/karnali_79/imagery_timeseries/KAR-SET-007_banagad_kupinde_timeseries_1972_2026.png
KAR-SET-007_1992,LT05_L2SP_143040_19921106_02_T1,USGS Landsat Collection 2,Public domain (USGS),1992-11-06,1992,landsat-5 / Planetary Computer landsat-c2-l2,30 m,"4 km window centred 82.028242,28.514083",EPSG:32644,NA (streamed; not stored),NA,chip cloud/shadow fraction 0.0; chip no-data fraction 0.0; scene cloud cover 3.0; sun elevation 37.5167245,displayed in figure,epoch 1992; true colour; figure outputs/figures/karnali_79/imagery_timeseries/KAR-SET-007_banagad_kupinde_timeseries_1972_2026.png
KAR-SET-007_1997,LT05_L2SP_143040_19970309_02_T1,USGS Landsat Collection 2,Public domain (USGS),1997-03-09,1997,landsat-5 / Planetary Computer landsat-c2-l2,30 m,"4 km window centred 82.028242,28.514083",EPSG:32644,NA (streamed; not stored),NA,chip cloud/shadow fraction 0.0001; chip no-data fraction 0.0; scene cloud cover 4.0; sun elevation 43.65029989,displayed in figure,epoch 1997; true colour; figure outputs/figures/karnali_79/imagery_timeseries/KAR-SET-007_banagad_kupinde_timeseries_1972_2026.png
KAR-SET-007_2002,LE07_L2SP_143040_20021025_02_T1,USGS Landsat Collection 2,Public domain (USGS),2002-10-25,2002,landsat-7 / Planetary Computer landsat-c2-l2,30 m,"4 km window centred 82.028242,28.514083",EPSG:32644,NA (streamed; not stored),NA,chip cloud/shadow fraction 0.0; chip no-data fraction 0.0; scene cloud cover 3.0; sun elevation 44.11022116,displayed in figure,epoch 2002; true colour; figure outputs/figures/karnali_79/imagery_timeseries/KAR-SET-007_banagad_kupinde_timeseries_1972_2026.png
KAR-SET-007_2007,LT05_L2SP_143040_20080424_02_T1,USGS Landsat Collection 2,Public domain (USGS),2008-04-24,2008,landsat-5 / Planetary Computer landsat-c2-l2,30 m,"4 km window centred 82.028242,28.514083",EPSG:32644,NA (streamed; not stored),NA,chip cloud/shadow fraction 0.0; chip no-data fraction 0.0; scene cloud cover 3.0; sun elevation 62.11450463,displayed in figure,epoch 2007; true colour; figure outputs/figures/karnali_79/imagery_timeseries/KAR-SET-007_banagad_kupinde_timeseries_1972_2026.png
KAR-SET-007_2012,LC08_L2SP_143040_20131031_02_T1,USGS Landsat Collection 2,Public domain (USGS),2013-10-31,2013,landsat-8 / Planetary Computer landsat-c2-l2,30 m,"4 km window centred 82.028242,28.514083",EPSG:32644,NA (streamed; not stored),NA,chip cloud/shadow fraction 0.0; chip no-data fraction 0.0; scene cloud cover 4.08; sun elevation 43.65090666,displayed in figure,epoch 2012; true colour; figure outputs/figures/karnali_79/imagery_timeseries/KAR-SET-007_banagad_kupinde_timeseries_1972_2026.png
KAR-SET-007_2017,S2A_MSIL2A_20170424T050651_R019_T44RNS_20210209T101115,ESA Copernicus Sentinel-2,"Copernicus Sentinel data terms (free, attribution)",2017-04-24,2017,Sentinel-2A / Planetary Computer sentinel-2-l2a,10 m,"4 km window centred 82.028242,28.514083",EPSG:32644,NA (streamed; not stored),NA,chip cloud/shadow fraction 0.0022; chip no-data fraction 0.0; scene cloud cover 0.045415; sun elevation None,displayed in figure,epoch 2017; true colour; figure outputs/figures/karnali_79/imagery_timeseries/KAR-SET-007_banagad_kupinde_timeseries_1972_2026.png
KAR-SET-007_2022,S2A_MSIL2A_20240308T050651_R019_T44RNS_20240308T104223,ESA Copernicus Sentinel-2,"Copernicus Sentinel data terms (free, attribution)",2024-03-08,2024,Sentinel-2A / Planetary Computer sentinel-2-l2a,10 m,"4 km window centred 82.028242,28.514083",EPSG:32644,NA (streamed; not stored),NA,chip cloud/shadow fraction 0.0; chip no-data fraction 0.0; scene cloud cover 0.000896; sun elevation None,displayed in figure,epoch 2022; true colour; figure outputs/figures/karnali_79/imagery_timeseries/KAR-SET-007_banagad_kupinde_timeseries_1972_2026.png
KAR-SET-007_2026,S2B_MSIL2A_20260303T050649_R019_T44RNS_20260303T091046,ESA Copernicus Sentinel-2,"Copernicus Sentinel data terms (free, attribution)",2026-03-03,2026,Sentinel-2B / Planetary Computer sentinel-2-l2a,10 m,"4 km window centred 82.028242,28.514083",EPSG:32644,NA (streamed; not stored),NA,chip cloud/shadow fraction 0.0; chip no-data fraction 0.0; scene cloud cover 3e-06; sun elevation None,displayed in figure,epoch 2026; true colour; figure outputs/figures/karnali_79/imagery_timeseries/KAR-SET-007_banagad_kupinde_timeseries_1972_2026.png
KAR-SET-008_1972,LM01_L1TP_154040_19721217_02_T2,USGS Landsat Collection 2,Public domain (USGS),1972-12-17,1972,landsat-1 / Planetary Computer landsat-c2-l1,60 m,"4 km window centred 82.280482,28.450875",EPSG:32644,NA (streamed; not stored),NA,chip cloud/shadow fraction 0.0; chip no-data fraction 0.0; scene cloud cover 6.0; sun elevation 31.42157915,displayed in figure,"epoch 1972; false colour (NIR-red-green): vegetation red, water dark; figure outputs/figures/karnali_79/imagery_timeseries/KAR-SET-008_bagachour_timeseries_1972_2026.png"
KAR-SET-008_1977,LM02_L1TP_154040_19770323_02_T2,USGS Landsat Collection 2,Public domain (USGS),1977-03-23,1977,landsat-2 / Planetary Computer landsat-c2-l1,60 m,"4 km window centred 82.280482,28.450875",EPSG:32644,NA (streamed; not stored),NA,chip cloud/shadow fraction 0.0; chip no-data fraction 0.0; scene cloud cover 2.0; sun elevation 44.22210613,displayed in figure,"epoch 1977; false colour (NIR-red-green): vegetation red, water dark; figure outputs/figures/karnali_79/imagery_timeseries/KAR-SET-008_bagachour_timeseries_1972_2026.png"
KAR-SET-008_1987,LT05_L2SP_143040_19871227_02_T1,USGS Landsat Collection 2,Public domain (USGS),1987-12-27,1987,landsat-5 / Planetary Computer landsat-c2-l2,30 m,"4 km window centred 82.280482,28.450875",EPSG:32644,NA (streamed; not stored),NA,chip cloud/shadow fraction 0.0; chip no-data fraction 0.0; scene cloud cover 8.0; sun elevation 30.1816121,displayed in figure,epoch 1987; true colour; figure outputs/figures/karnali_79/imagery_timeseries/KAR-SET-008_bagachour_timeseries_1972_2026.png
KAR-SET-008_1992,LT05_L2SP_143040_19921106_02_T1,USGS Landsat Collection 2,Public domain (USGS),1992-11-06,1992,landsat-5 / Planetary Computer landsat-c2-l2,30 m,"4 km window centred 82.280482,28.450875",EPSG:32644,NA (streamed; not stored),NA,chip cloud/shadow fraction 0.0; chip no-data fraction 0.0; scene cloud cover 3.0; sun elevation 37.5167245,displayed in figure,epoch 1992; true colour; figure outputs/figures/karnali_79/imagery_timeseries/KAR-SET-008_bagachour_timeseries_1972_2026.png
KAR-SET-008_1997,LT05_L2SP_143040_19970309_02_T1,USGS Landsat Collection 2,Public domain (USGS),1997-03-09,1997,landsat-5 / Planetary Computer landsat-c2-l2,30 m,"4 km window centred 82.280482,28.450875",EPSG:32644,NA (streamed; not stored),NA,chip cloud/shadow fraction 0.0; chip no-data fraction 0.0; scene cloud cover 4.0; sun elevation 43.65029989,displayed in figure,epoch 1997; true colour; figure outputs/figures/karnali_79/imagery_timeseries/KAR-SET-008_bagachour_timeseries_1972_2026.png
KAR-SET-008_2002,LE07_L2SP_143040_20021025_02_T1,USGS Landsat Collection 2,Public domain (USGS),2002-10-25,2002,landsat-7 / Planetary Computer landsat-c2-l2,30 m,"4 km window centred 82.280482,28.450875",EPSG:32644,NA (streamed; not stored),NA,chip cloud/shadow fraction 0.0; chip no-data fraction 0.0; scene cloud cover 3.0; sun elevation 44.11022116,displayed in figure,epoch 2002; true colour; figure outputs/figures/karnali_79/imagery_timeseries/KAR-SET-008_bagachour_timeseries_1972_2026.png
KAR-SET-008_2007,LT05_L2SP_143040_20080424_02_T1,USGS Landsat Collection 2,Public domain (USGS),2008-04-24,2008,landsat-5 / Planetary Computer landsat-c2-l2,30 m,"4 km window centred 82.280482,28.450875",EPSG:32644,NA (streamed; not stored),NA,chip cloud/shadow fraction 0.0; chip no-data fraction 0.0; scene cloud cover 3.0; sun elevation 62.11450463,displayed in figure,epoch 2007; true colour; figure outputs/figures/karnali_79/imagery_timeseries/KAR-SET-008_bagachour_timeseries_1972_2026.png
KAR-SET-008_2012,LC08_L2SP_143040_20131031_02_T1,USGS Landsat Collection 2,Public domain (USGS),2013-10-31,2013,landsat-8 / Planetary Computer landsat-c2-l2,30 m,"4 km window centred 82.280482,28.450875",EPSG:32644,NA (streamed; not stored),NA,chip cloud/shadow fraction 0.0; chip no-data fraction 0.0; scene cloud cover 4.08; sun elevation 43.65090666,displayed in figure,epoch 2012; true colour; figure outputs/figures/karnali_79/imagery_timeseries/KAR-SET-008_bagachour_timeseries_1972_2026.png
KAR-SET-008_2017,S2A_MSIL2A_20181026T050901_R019_T44RPS_20201009T152443,ESA Copernicus Sentinel-2,"Copernicus Sentinel data terms (free, attribution)",2018-10-26,2018,Sentinel-2A / Planetary Computer sentinel-2-l2a,10 m,"4 km window centred 82.280482,28.450875",EPSG:32644,NA (streamed; not stored),NA,chip cloud/shadow fraction 0.0001; chip no-data fraction 0.0; scene cloud cover 0.172813; sun elevation None,displayed in figure,epoch 2017; true colour; figure outputs/figures/karnali_79/imagery_timeseries/KAR-SET-008_bagachour_timeseries_1972_2026.png
KAR-SET-008_2022,S2B_MSIL2A_20221119T051109_R019_T44RPS_20221119T163418,ESA Copernicus Sentinel-2,"Copernicus Sentinel data terms (free, attribution)",2022-11-19,2022,Sentinel-2B / Planetary Computer sentinel-2-l2a,10 m,"4 km window centred 82.280482,28.450875",EPSG:32644,NA (streamed; not stored),NA,chip cloud/shadow fraction 0.0; chip no-data fraction 0.0; scene cloud cover 0.0; sun elevation None,displayed in figure,epoch 2022; true colour; figure outputs/figures/karnali_79/imagery_timeseries/KAR-SET-008_bagachour_timeseries_1972_2026.png
KAR-SET-008_2026,S2C_MSIL2A_20260117T051141_R019_T44RPS_20260117T083616,ESA Copernicus Sentinel-2,"Copernicus Sentinel data terms (free, attribution)",2026-01-17,2026,Sentinel-2C / Planetary Computer sentinel-2-l2a,10 m,"4 km window centred 82.280482,28.450875",EPSG:32644,NA (streamed; not stored),NA,chip cloud/shadow fraction 0.0; chip no-data fraction 0.0; scene cloud cover 2e-05; sun elevation None,displayed in figure,epoch 2026; true colour; figure outputs/figures/karnali_79/imagery_timeseries/KAR-SET-008_bagachour_timeseries_1972_2026.png
KAR-SET-009_1972,LM01_L1TP_154040_19721217_02_T2,USGS Landsat Collection 2,Public domain (USGS),1972-12-17,1972,landsat-1 / Planetary Computer landsat-c2-l1,60 m,"4 km window centred 82.161624,28.376621",EPSG:32644,NA (streamed; not stored),NA,chip cloud/shadow fraction 0.0; chip no-data fraction 0.0; scene cloud cover 6.0; sun elevation 31.42157915,displayed in figure,"epoch 1972; false colour (NIR-red-green): vegetation red, water dark; figure outputs/figures/karnali_79/imagery_timeseries/KAR-SET-009_sharada_timeseries_1972_2026.png"
KAR-SET-009_1977,LM02_L1TP_154040_19770323_02_T2,USGS Landsat Collection 2,Public domain (USGS),1977-03-23,1977,landsat-2 / Planetary Computer landsat-c2-l1,60 m,"4 km window centred 82.161624,28.376621",EPSG:32644,NA (streamed; not stored),NA,chip cloud/shadow fraction 0.0; chip no-data fraction 0.0; scene cloud cover 2.0; sun elevation 44.22210613,displayed in figure,"epoch 1977; false colour (NIR-red-green): vegetation red, water dark; figure outputs/figures/karnali_79/imagery_timeseries/KAR-SET-009_sharada_timeseries_1972_2026.png"
KAR-SET-009_1987,LT05_L2SP_143040_19871227_02_T1,USGS Landsat Collection 2,Public domain (USGS),1987-12-27,1987,landsat-5 / Planetary Computer landsat-c2-l2,30 m,"4 km window centred 82.161624,28.376621",EPSG:32644,NA (streamed; not stored),NA,chip cloud/shadow fraction 0.0; chip no-data fraction 0.0; scene cloud cover 8.0; sun elevation 30.1816121,displayed in figure,epoch 1987; true colour; figure outputs/figures/karnali_79/imagery_timeseries/KAR-SET-009_sharada_timeseries_1972_2026.png
KAR-SET-009_1992,LT05_L2SP_143040_19921106_02_T1,USGS Landsat Collection 2,Public domain (USGS),1992-11-06,1992,landsat-5 / Planetary Computer landsat-c2-l2,30 m,"4 km window centred 82.161624,28.376621",EPSG:32644,NA (streamed; not stored),NA,chip cloud/shadow fraction 0.0; chip no-data fraction 0.0; scene cloud cover 3.0; sun elevation 37.5167245,displayed in figure,epoch 1992; true colour; figure outputs/figures/karnali_79/imagery_timeseries/KAR-SET-009_sharada_timeseries_1972_2026.png
KAR-SET-009_1997,LT05_L2SP_143040_19970309_02_T1,USGS Landsat Collection 2,Public domain (USGS),1997-03-09,1997,landsat-5 / Planetary Computer landsat-c2-l2,30 m,"4 km window centred 82.161624,28.376621",EPSG:32644,NA (streamed; not stored),NA,chip cloud/shadow fraction 0.0; chip no-data fraction 0.0; scene cloud cover 4.0; sun elevation 43.65029989,displayed in figure,epoch 1997; true colour; figure outputs/figures/karnali_79/imagery_timeseries/KAR-SET-009_sharada_timeseries_1972_2026.png
KAR-SET-009_2002,LE07_L2SP_143040_20021025_02_T1,USGS Landsat Collection 2,Public domain (USGS),2002-10-25,2002,landsat-7 / Planetary Computer landsat-c2-l2,30 m,"4 km window centred 82.161624,28.376621",EPSG:32644,NA (streamed; not stored),NA,chip cloud/shadow fraction 0.0; chip no-data fraction 0.0; scene cloud cover 3.0; sun elevation 44.11022116,displayed in figure,epoch 2002; true colour; figure outputs/figures/karnali_79/imagery_timeseries/KAR-SET-009_sharada_timeseries_1972_2026.png
KAR-SET-009_2007,LT05_L2SP_143040_20080424_02_T1,USGS Landsat Collection 2,Public domain (USGS),2008-04-24,2008,landsat-5 / Planetary Computer landsat-c2-l2,30 m,"4 km window centred 82.161624,28.376621",EPSG:32644,NA (streamed; not stored),NA,chip cloud/shadow fraction 0.0; chip no-data fraction 0.0; scene cloud cover 3.0; sun elevation 62.11450463,displayed in figure,epoch 2007; true colour; figure outputs/figures/karnali_79/imagery_timeseries/KAR-SET-009_sharada_timeseries_1972_2026.png
KAR-SET-009_2012,LC08_L2SP_143040_20131031_02_T1,USGS Landsat Collection 2,Public domain (USGS),2013-10-31,2013,landsat-8 / Planetary Computer landsat-c2-l2,30 m,"4 km window centred 82.161624,28.376621",EPSG:32644,NA (streamed; not stored),NA,chip cloud/shadow fraction 0.0; chip no-data fraction 0.0; scene cloud cover 4.08; sun elevation 43.65090666,displayed in figure,epoch 2012; true colour; figure outputs/figures/karnali_79/imagery_timeseries/KAR-SET-009_sharada_timeseries_1972_2026.png
KAR-SET-009_2017,S2A_MSIL2A_20181026T050901_R019_T44RPS_20201009T152443,ESA Copernicus Sentinel-2,"Copernicus Sentinel data terms (free, attribution)",2018-10-26,2018,Sentinel-2A / Planetary Computer sentinel-2-l2a,10 m,"4 km window centred 82.161624,28.376621",EPSG:32644,NA (streamed; not stored),NA,chip cloud/shadow fraction 0.0001; chip no-data fraction 0.0; scene cloud cover 0.172813; sun elevation None,displayed in figure,epoch 2017; true colour; figure outputs/figures/karnali_79/imagery_timeseries/KAR-SET-009_sharada_timeseries_1972_2026.png
KAR-SET-009_2022,S2B_MSIL2A_20221119T051109_R019_T44RPS_20221119T163418,ESA Copernicus Sentinel-2,"Copernicus Sentinel data terms (free, attribution)",2022-11-19,2022,Sentinel-2B / Planetary Computer sentinel-2-l2a,10 m,"4 km window centred 82.161624,28.376621",EPSG:32644,NA (streamed; not stored),NA,chip cloud/shadow fraction 0.0; chip no-data fraction 0.0; scene cloud cover 0.0; sun elevation None,displayed in figure,epoch 2022; true colour; figure outputs/figures/karnali_79/imagery_timeseries/KAR-SET-009_sharada_timeseries_1972_2026.png
KAR-SET-009_2026,S2C_MSIL2A_20260117T051141_R019_T44RPS_20260117T083616,ESA Copernicus Sentinel-2,"Copernicus Sentinel data terms (free, attribution)",2026-01-17,2026,Sentinel-2C / Planetary Computer sentinel-2-l2a,10 m,"4 km window centred 82.161624,28.376621",EPSG:32644,NA (streamed; not stored),NA,chip cloud/shadow fraction 0.0; chip no-data fraction 0.0; scene cloud cover 2e-05; sun elevation None,displayed in figure,epoch 2026; true colour; figure outputs/figures/karnali_79/imagery_timeseries/KAR-SET-009_sharada_timeseries_1972_2026.png
KAR-SET-010_1972,LM01_L1TP_154040_19721217_02_T2,USGS Landsat Collection 2,Public domain (USGS),1972-12-17,1972,landsat-1 / Planetary Computer landsat-c2-l1,60 m,"4 km window centred 82.198712,28.572252",EPSG:32644,NA (streamed; not stored),NA,chip cloud/shadow fraction 0.0; chip no-data fraction 0.0; scene cloud cover 6.0; sun elevation 31.42157915,displayed in figure,"epoch 1972; false colour (NIR-red-green): vegetation red, water dark; figure outputs/figures/karnali_79/imagery_timeseries/KAR-SET-010_kumakh_timeseries_1972_2026.png"
KAR-SET-010_1977,LM02_L1TP_154040_19770323_02_T2,USGS Landsat Collection 2,Public domain (USGS),1977-03-23,1977,landsat-2 / Planetary Computer landsat-c2-l1,60 m,"4 km window centred 82.198712,28.572252",EPSG:32644,NA (streamed; not stored),NA,chip cloud/shadow fraction 0.0; chip no-data fraction 0.0; scene cloud cover 2.0; sun elevation 44.22210613,displayed in figure,"epoch 1977; false colour (NIR-red-green): vegetation red, water dark; figure outputs/figures/karnali_79/imagery_timeseries/KAR-SET-010_kumakh_timeseries_1972_2026.png"
KAR-SET-010_1987,LT05_L2SP_143040_19871227_02_T1,USGS Landsat Collection 2,Public domain (USGS),1987-12-27,1987,landsat-5 / Planetary Computer landsat-c2-l2,30 m,"4 km window centred 82.198712,28.572252",EPSG:32644,NA (streamed; not stored),NA,chip cloud/shadow fraction 0.0; chip no-data fraction 0.0; scene cloud cover 8.0; sun elevation 30.1816121,displayed in figure,epoch 1987; true colour; figure outputs/figures/karnali_79/imagery_timeseries/KAR-SET-010_kumakh_timeseries_1972_2026.png
KAR-SET-010_1992,LT05_L2SP_143040_19921106_02_T1,USGS Landsat Collection 2,Public domain (USGS),1992-11-06,1992,landsat-5 / Planetary Computer landsat-c2-l2,30 m,"4 km window centred 82.198712,28.572252",EPSG:32644,NA (streamed; not stored),NA,chip cloud/shadow fraction 0.0; chip no-data fraction 0.0; scene cloud cover 3.0; sun elevation 37.5167245,displayed in figure,epoch 1992; true colour; figure outputs/figures/karnali_79/imagery_timeseries/KAR-SET-010_kumakh_timeseries_1972_2026.png
KAR-SET-010_1997,LT05_L2SP_143040_19970309_02_T1,USGS Landsat Collection 2,Public domain (USGS),1997-03-09,1997,landsat-5 / Planetary Computer landsat-c2-l2,30 m,"4 km window centred 82.198712,28.572252",EPSG:32644,NA (streamed; not stored),NA,chip cloud/shadow fraction 0.0; chip no-data fraction 0.0; scene cloud cover 4.0; sun elevation 43.65029989,displayed in figure,epoch 1997; true colour; figure outputs/figures/karnali_79/imagery_timeseries/KAR-SET-010_kumakh_timeseries_1972_2026.png
KAR-SET-010_2002,LE07_L2SP_143040_20021025_02_T1,USGS Landsat Collection 2,Public domain (USGS),2002-10-25,2002,landsat-7 / Planetary Computer landsat-c2-l2,30 m,"4 km window centred 82.198712,28.572252",EPSG:32644,NA (streamed; not stored),NA,chip cloud/shadow fraction 0.0; chip no-data fraction 0.0; scene cloud cover 3.0; sun elevation 44.11022116,displayed in figure,epoch 2002; true colour; figure outputs/figures/karnali_79/imagery_timeseries/KAR-SET-010_kumakh_timeseries_1972_2026.png
KAR-SET-010_2007,LT05_L2SP_143040_20080424_02_T1,USGS Landsat Collection 2,Public domain (USGS),2008-04-24,2008,landsat-5 / Planetary Computer landsat-c2-l2,30 m,"4 km window centred 82.198712,28.572252",EPSG:32644,NA (streamed; not stored),NA,chip cloud/shadow fraction 0.0; chip no-data fraction 0.0; scene cloud cover 3.0; sun elevation 62.11450463,displayed in figure,epoch 2007; true colour; figure outputs/figures/karnali_79/imagery_timeseries/KAR-SET-010_kumakh_timeseries_1972_2026.png
KAR-SET-010_2012,LC08_L2SP_143040_20131031_02_T1,USGS Landsat Collection 2,Public domain (USGS),2013-10-31,2013,landsat-8 / Planetary Computer landsat-c2-l2,30 m,"4 km window centred 82.198712,28.572252",EPSG:32644,NA (streamed; not stored),NA,chip cloud/shadow fraction 0.0; chip no-data fraction 0.0; scene cloud cover 4.08; sun elevation 43.65090666,displayed in figure,epoch 2012; true colour; figure outputs/figures/karnali_79/imagery_timeseries/KAR-SET-010_kumakh_timeseries_1972_2026.png
KAR-SET-010_2017,S2A_MSIL2A_20181026T050901_R019_T44RPS_20201009T152443,ESA Copernicus Sentinel-2,"Copernicus Sentinel data terms (free, attribution)",2018-10-26,2018,Sentinel-2A / Planetary Computer sentinel-2-l2a,10 m,"4 km window centred 82.198712,28.572252",EPSG:32644,NA (streamed; not stored),NA,chip cloud/shadow fraction 0.0; chip no-data fraction 0.0; scene cloud cover 0.172813; sun elevation None,displayed in figure,epoch 2017; true colour; figure outputs/figures/karnali_79/imagery_timeseries/KAR-SET-010_kumakh_timeseries_1972_2026.png
KAR-SET-010_2022,S2B_MSIL2A_20221119T051109_R019_T44RPS_20221119T163418,ESA Copernicus Sentinel-2,"Copernicus Sentinel data terms (free, attribution)",2022-11-19,2022,Sentinel-2B / Planetary Computer sentinel-2-l2a,10 m,"4 km window centred 82.198712,28.572252",EPSG:32644,NA (streamed; not stored),NA,chip cloud/shadow fraction 0.0; chip no-data fraction 0.0; scene cloud cover 0.0; sun elevation None,displayed in figure,epoch 2022; true colour; figure outputs/figures/karnali_79/imagery_timeseries/KAR-SET-010_kumakh_timeseries_1972_2026.png
KAR-SET-010_2026,S2C_MSIL2A_20260117T051141_R019_T44RPS_20260117T083616,ESA Copernicus Sentinel-2,"Copernicus Sentinel data terms (free, attribution)",2026-01-17,2026,Sentinel-2C / Planetary Computer sentinel-2-l2a,10 m,"4 km window centred 82.198712,28.572252",EPSG:32644,NA (streamed; not stored),NA,chip cloud/shadow fraction 0.0; chip no-data fraction 0.0; scene cloud cover 2e-05; sun elevation None,displayed in figure,epoch 2026; true colour; figure outputs/figures/karnali_79/imagery_timeseries/KAR-SET-010_kumakh_timeseries_1972_2026.png
KAR-SET-011_1972,LM01_L1TP_154040_19721217_02_T2,USGS Landsat Collection 2,Public domain (USGS),1972-12-17,1972,landsat-1 / Planetary Computer landsat-c2-l1,60 m,"4 km window centred 82.292503,28.563608",EPSG:32644,NA (streamed; not stored),NA,chip cloud/shadow fraction 0.0; chip no-data fraction 0.0; scene cloud cover 6.0; sun elevation 31.42157915,displayed in figure,"epoch 1972; false colour (NIR-red-green): vegetation red, water dark; figure outputs/figures/karnali_79/imagery_timeseries/KAR-SET-011_darma_timeseries_1972_2026.png"
KAR-SET-011_1977,LM02_L1TP_154040_19770323_02_T2,USGS Landsat Collection 2,Public domain (USGS),1977-03-23,1977,landsat-2 / Planetary Computer landsat-c2-l1,60 m,"4 km window centred 82.292503,28.563608",EPSG:32644,NA (streamed; not stored),NA,chip cloud/shadow fraction 0.0; chip no-data fraction 0.0; scene cloud cover 2.0; sun elevation 44.22210613,displayed in figure,"epoch 1977; false colour (NIR-red-green): vegetation red, water dark; figure outputs/figures/karnali_79/imagery_timeseries/KAR-SET-011_darma_timeseries_1972_2026.png"
KAR-SET-011_1987,LT05_L2SP_143040_19871227_02_T1,USGS Landsat Collection 2,Public domain (USGS),1987-12-27,1987,landsat-5 / Planetary Computer landsat-c2-l2,30 m,"4 km window centred 82.292503,28.563608",EPSG:32644,NA (streamed; not stored),NA,chip cloud/shadow fraction 0.0; chip no-data fraction 0.0; scene cloud cover 8.0; sun elevation 30.1816121,displayed in figure,epoch 1987; true colour; figure outputs/figures/karnali_79/imagery_timeseries/KAR-SET-011_darma_timeseries_1972_2026.png
KAR-SET-011_1992,LT05_L2SP_143040_19921106_02_T1,USGS Landsat Collection 2,Public domain (USGS),1992-11-06,1992,landsat-5 / Planetary Computer landsat-c2-l2,30 m,"4 km window centred 82.292503,28.563608",EPSG:32644,NA (streamed; not stored),NA,chip cloud/shadow fraction 0.0; chip no-data fraction 0.0; scene cloud cover 3.0; sun elevation 37.5167245,displayed in figure,epoch 1992; true colour; figure outputs/figures/karnali_79/imagery_timeseries/KAR-SET-011_darma_timeseries_1972_2026.png
KAR-SET-011_1997,LT05_L2SP_143040_19970309_02_T1,USGS Landsat Collection 2,Public domain (USGS),1997-03-09,1997,landsat-5 / Planetary Computer landsat-c2-l2,30 m,"4 km window centred 82.292503,28.563608",EPSG:32644,NA (streamed; not stored),NA,chip cloud/shadow fraction 0.0; chip no-data fraction 0.0; scene cloud cover 4.0; sun elevation 43.65029989,displayed in figure,epoch 1997; true colour; figure outputs/figures/karnali_79/imagery_timeseries/KAR-SET-011_darma_timeseries_1972_2026.png
KAR-SET-011_2002,LE07_L2SP_143040_20021025_02_T1,USGS Landsat Collection 2,Public domain (USGS),2002-10-25,2002,landsat-7 / Planetary Computer landsat-c2-l2,30 m,"4 km window centred 82.292503,28.563608",EPSG:32644,NA (streamed; not stored),NA,chip cloud/shadow fraction 0.0; chip no-data fraction 0.0; scene cloud cover 3.0; sun elevation 44.11022116,displayed in figure,epoch 2002; true colour; figure outputs/figures/karnali_79/imagery_timeseries/KAR-SET-011_darma_timeseries_1972_2026.png
KAR-SET-011_2007,LT05_L2SP_143040_20080424_02_T1,USGS Landsat Collection 2,Public domain (USGS),2008-04-24,2008,landsat-5 / Planetary Computer landsat-c2-l2,30 m,"4 km window centred 82.292503,28.563608",EPSG:32644,NA (streamed; not stored),NA,chip cloud/shadow fraction 0.0; chip no-data fraction 0.0; scene cloud cover 3.0; sun elevation 62.11450463,displayed in figure,epoch 2007; true colour; figure outputs/figures/karnali_79/imagery_timeseries/KAR-SET-011_darma_timeseries_1972_2026.png
KAR-SET-011_2012,LC08_L2SP_143040_20131031_02_T1,USGS Landsat Collection 2,Public domain (USGS),2013-10-31,2013,landsat-8 / Planetary Computer landsat-c2-l2,30 m,"4 km window centred 82.292503,28.563608",EPSG:32644,NA (streamed; not stored),NA,chip cloud/shadow fraction 0.0; chip no-data fraction 0.0; scene cloud cover 4.08; sun elevation 43.65090666,displayed in figure,epoch 2012; true colour; figure outputs/figures/karnali_79/imagery_timeseries/KAR-SET-011_darma_timeseries_1972_2026.png
KAR-SET-011_2017,S2A_MSIL2A_20181026T050901_R019_T44RPS_20201009T152443,ESA Copernicus Sentinel-2,"Copernicus Sentinel data terms (free, attribution)",2018-10-26,2018,Sentinel-2A / Planetary Computer sentinel-2-l2a,10 m,"4 km window centred 82.292503,28.563608",EPSG:32644,NA (streamed; not stored),NA,chip cloud/shadow fraction 0.0; chip no-data fraction 0.0; scene cloud cover 0.172813; sun elevation None,displayed in figure,epoch 2017; true colour; figure outputs/figures/karnali_79/imagery_timeseries/KAR-SET-011_darma_timeseries_1972_2026.png
KAR-SET-011_2022,S2B_MSIL2A_20221119T051109_R019_T44RPS_20221119T163418,ESA Copernicus Sentinel-2,"Copernicus Sentinel data terms (free, attribution)",2022-11-19,2022,Sentinel-2B / Planetary Computer sentinel-2-l2a,10 m,"4 km window centred 82.292503,28.563608",EPSG:32644,NA (streamed; not stored),NA,chip cloud/shadow fraction 0.0; chip no-data fraction 0.0; scene cloud cover 0.0; sun elevation None,displayed in figure,epoch 2022; true colour; figure outputs/figures/karnali_79/imagery_timeseries/KAR-SET-011_darma_timeseries_1972_2026.png
KAR-SET-011_2026,S2C_MSIL2A_20260117T051141_R019_T44RPS_20260117T083616,ESA Copernicus Sentinel-2,"Copernicus Sentinel data terms (free, attribution)",2026-01-17,2026,Sentinel-2C / Planetary Computer sentinel-2-l2a,10 m,"4 km window centred 82.292503,28.563608",EPSG:32644,NA (streamed; not stored),NA,chip cloud/shadow fraction 0.0; chip no-data fraction 0.0; scene cloud cover 2e-05; sun elevation None,displayed in figure,epoch 2026; true colour; figure outputs/figures/karnali_79/imagery_timeseries/KAR-SET-011_darma_timeseries_1972_2026.png
KAR-SET-012_1972,LM01_L1TP_154040_19721217_02_T2,USGS Landsat Collection 2,Public domain (USGS),1972-12-17,1972,landsat-1 / Planetary Computer landsat-c2-l1,60 m,"4 km window centred 82.157463,28.495626",EPSG:32644,NA (streamed; not stored),NA,chip cloud/shadow fraction 0.0; chip no-data fraction 0.0; scene cloud cover 6.0; sun elevation 31.42157915,displayed in figure,"epoch 1972; false colour (NIR-red-green): vegetation red, water dark; figure outputs/figures/karnali_79/imagery_timeseries/KAR-SET-012_siddha_kumakh_timeseries_1972_2026.png"
KAR-SET-012_1977,LM02_L1TP_154040_19770323_02_T2,USGS Landsat Collection 2,Public domain (USGS),1977-03-23,1977,landsat-2 / Planetary Computer landsat-c2-l1,60 m,"4 km window centred 82.157463,28.495626",EPSG:32644,NA (streamed; not stored),NA,chip cloud/shadow fraction 0.0; chip no-data fraction 0.0; scene cloud cover 2.0; sun elevation 44.22210613,displayed in figure,"epoch 1977; false colour (NIR-red-green): vegetation red, water dark; figure outputs/figures/karnali_79/imagery_timeseries/KAR-SET-012_siddha_kumakh_timeseries_1972_2026.png"
KAR-SET-012_1987,LT05_L2SP_143040_19871227_02_T1,USGS Landsat Collection 2,Public domain (USGS),1987-12-27,1987,landsat-5 / Planetary Computer landsat-c2-l2,30 m,"4 km window centred 82.157463,28.495626",EPSG:32644,NA (streamed; not stored),NA,chip cloud/shadow fraction 0.0; chip no-data fraction 0.0; scene cloud cover 8.0; sun elevation 30.1816121,displayed in figure,epoch 1987; true colour; figure outputs/figures/karnali_79/imagery_timeseries/KAR-SET-012_siddha_kumakh_timeseries_1972_2026.png
KAR-SET-012_1992,LT05_L2SP_143040_19921106_02_T1,USGS Landsat Collection 2,Public domain (USGS),1992-11-06,1992,landsat-5 / Planetary Computer landsat-c2-l2,30 m,"4 km window centred 82.157463,28.495626",EPSG:32644,NA (streamed; not stored),NA,chip cloud/shadow fraction 0.0; chip no-data fraction 0.0; scene cloud cover 3.0; sun elevation 37.5167245,displayed in figure,epoch 1992; true colour; figure outputs/figures/karnali_79/imagery_timeseries/KAR-SET-012_siddha_kumakh_timeseries_1972_2026.png
KAR-SET-012_1997,LT05_L2SP_143040_19970309_02_T1,USGS Landsat Collection 2,Public domain (USGS),1997-03-09,1997,landsat-5 / Planetary Computer landsat-c2-l2,30 m,"4 km window centred 82.157463,28.495626",EPSG:32644,NA (streamed; not stored),NA,chip cloud/shadow fraction 0.0; chip no-data fraction 0.0; scene cloud cover 4.0; sun elevation 43.65029989,displayed in figure,epoch 1997; true colour; figure outputs/figures/karnali_79/imagery_timeseries/KAR-SET-012_siddha_kumakh_timeseries_1972_2026.png
KAR-SET-012_2002,LE07_L2SP_143040_20021025_02_T1,USGS Landsat Collection 2,Public domain (USGS),2002-10-25,2002,landsat-7 / Planetary Computer landsat-c2-l2,30 m,"4 km window centred 82.157463,28.495626",EPSG:32644,NA (streamed; not stored),NA,chip cloud/shadow fraction 0.0; chip no-data fraction 0.0; scene cloud cover 3.0; sun elevation 44.11022116,displayed in figure,epoch 2002; true colour; figure outputs/figures/karnali_79/imagery_timeseries/KAR-SET-012_siddha_kumakh_timeseries_1972_2026.png
KAR-SET-012_2007,LT05_L2SP_143040_20080424_02_T1,USGS Landsat Collection 2,Public domain (USGS),2008-04-24,2008,landsat-5 / Planetary Computer landsat-c2-l2,30 m,"4 km window centred 82.157463,28.495626",EPSG:32644,NA (streamed; not stored),NA,chip cloud/shadow fraction 0.0; chip no-data fraction 0.0; scene cloud cover 3.0; sun elevation 62.11450463,displayed in figure,epoch 2007; true colour; figure outputs/figures/karnali_79/imagery_timeseries/KAR-SET-012_siddha_kumakh_timeseries_1972_2026.png
KAR-SET-012_2012,LC08_L2SP_143040_20131031_02_T1,USGS Landsat Collection 2,Public domain (USGS),2013-10-31,2013,landsat-8 / Planetary Computer landsat-c2-l2,30 m,"4 km window centred 82.157463,28.495626",EPSG:32644,NA (streamed; not stored),NA,chip cloud/shadow fraction 0.0; chip no-data fraction 0.0; scene cloud cover 4.08; sun elevation 43.65090666,displayed in figure,epoch 2012; true colour; figure outputs/figures/karnali_79/imagery_timeseries/KAR-SET-012_siddha_kumakh_timeseries_1972_2026.png
KAR-SET-012_2017,S2A_MSIL2A_20181026T050901_R019_T44RPS_20201009T152443,ESA Copernicus Sentinel-2,"Copernicus Sentinel data terms (free, attribution)",2018-10-26,2018,Sentinel-2A / Planetary Computer sentinel-2-l2a,10 m,"4 km window centred 82.157463,28.495626",EPSG:32644,NA (streamed; not stored),NA,chip cloud/shadow fraction 0.0; chip no-data fraction 0.0; scene cloud cover 0.172813; sun elevation None,displayed in figure,epoch 2017; true colour; figure outputs/figures/karnali_79/imagery_timeseries/KAR-SET-012_siddha_kumakh_timeseries_1972_2026.png
KAR-SET-012_2022,S2B_MSIL2A_20221119T051109_R019_T44RPS_20221119T163418,ESA Copernicus Sentinel-2,"Copernicus Sentinel data terms (free, attribution)",2022-11-19,2022,Sentinel-2B / Planetary Computer sentinel-2-l2a,10 m,"4 km window centred 82.157463,28.495626",EPSG:32644,NA (streamed; not stored),NA,chip cloud/shadow fraction 0.0; chip no-data fraction 0.0; scene cloud cover 0.0; sun elevation None,displayed in figure,epoch 2022; true colour; figure outputs/figures/karnali_79/imagery_timeseries/KAR-SET-012_siddha_kumakh_timeseries_1972_2026.png
KAR-SET-012_2026,S2C_MSIL2A_20260117T051141_R019_T44RPS_20260117T083616,ESA Copernicus Sentinel-2,"Copernicus Sentinel data terms (free, attribution)",2026-01-17,2026,Sentinel-2C / Planetary Computer sentinel-2-l2a,10 m,"4 km window centred 82.157463,28.495626",EPSG:32644,NA (streamed; not stored),NA,chip cloud/shadow fraction 0.0; chip no-data fraction 0.0; scene cloud cover 2e-05; sun elevation None,displayed in figure,epoch 2026; true colour; figure outputs/figures/karnali_79/imagery_timeseries/KAR-SET-012_siddha_kumakh_timeseries_1972_2026.png
KAR-SET-013_1972,LM01_L1TP_154040_19721217_02_T2,USGS Landsat Collection 2,Public domain (USGS),1972-12-17,1972,landsat-1 / Planetary Computer landsat-c2-l1,60 m,"4 km window centred 82.049338,28.286145",EPSG:32644,NA (streamed; not stored),NA,chip cloud/shadow fraction 0.0; chip no-data fraction 0.0; scene cloud cover 6.0; sun elevation 31.42157915,displayed in figure,"epoch 1972; false colour (NIR-red-green): vegetation red, water dark; figure outputs/figures/karnali_79/imagery_timeseries/KAR-SET-013_kalimati_timeseries_1972_2026.png"
KAR-SET-013_1977,LM02_L1TP_154040_19770323_02_T2,USGS Landsat Collection 2,Public domain (USGS),1977-03-23,1977,landsat-2 / Planetary Computer landsat-c2-l1,60 m,"4 km window centred 82.049338,28.286145",EPSG:32644,NA (streamed; not stored),NA,chip cloud/shadow fraction 0.0; chip no-data fraction 0.0; scene cloud cover 2.0; sun elevation 44.22210613,displayed in figure,"epoch 1977; false colour (NIR-red-green): vegetation red, water dark; figure outputs/figures/karnali_79/imagery_timeseries/KAR-SET-013_kalimati_timeseries_1972_2026.png"
KAR-SET-013_1987,LT05_L2SP_143040_19871227_02_T1,USGS Landsat Collection 2,Public domain (USGS),1987-12-27,1987,landsat-5 / Planetary Computer landsat-c2-l2,30 m,"4 km window centred 82.049338,28.286145",EPSG:32644,NA (streamed; not stored),NA,chip cloud/shadow fraction 0.0; chip no-data fraction 0.0; scene cloud cover 8.0; sun elevation 30.1816121,displayed in figure,epoch 1987; true colour; figure outputs/figures/karnali_79/imagery_timeseries/KAR-SET-013_kalimati_timeseries_1972_2026.png
KAR-SET-013_1992,LT05_L2SP_143040_19921106_02_T1,USGS Landsat Collection 2,Public domain (USGS),1992-11-06,1992,landsat-5 / Planetary Computer landsat-c2-l2,30 m,"4 km window centred 82.049338,28.286145",EPSG:32644,NA (streamed; not stored),NA,chip cloud/shadow fraction 0.0; chip no-data fraction 0.0; scene cloud cover 3.0; sun elevation 37.5167245,displayed in figure,epoch 1992; true colour; figure outputs/figures/karnali_79/imagery_timeseries/KAR-SET-013_kalimati_timeseries_1972_2026.png
KAR-SET-013_1997,LT05_L2SP_143040_19970309_02_T1,USGS Landsat Collection 2,Public domain (USGS),1997-03-09,1997,landsat-5 / Planetary Computer landsat-c2-l2,30 m,"4 km window centred 82.049338,28.286145",EPSG:32644,NA (streamed; not stored),NA,chip cloud/shadow fraction 0.0; chip no-data fraction 0.0; scene cloud cover 4.0; sun elevation 43.65029989,displayed in figure,epoch 1997; true colour; figure outputs/figures/karnali_79/imagery_timeseries/KAR-SET-013_kalimati_timeseries_1972_2026.png
KAR-SET-013_2002,LE07_L2SP_143041_20030214_02_T1,USGS Landsat Collection 2,Public domain (USGS),2003-02-14,2003,landsat-7 / Planetary Computer landsat-c2-l2,30 m,"4 km window centred 82.049338,28.286145",EPSG:32644,NA (streamed; not stored),NA,chip cloud/shadow fraction 0.0; chip no-data fraction 0.0001; scene cloud cover 0.0; sun elevation 40.57062437,displayed in figure,epoch 2002; true colour; figure outputs/figures/karnali_79/imagery_timeseries/KAR-SET-013_kalimati_timeseries_1972_2026.png
KAR-SET-013_2007,LT05_L2SP_143040_20080424_02_T1,USGS Landsat Collection 2,Public domain (USGS),2008-04-24,2008,landsat-5 / Planetary Computer landsat-c2-l2,30 m,"4 km window centred 82.049338,28.286145",EPSG:32644,NA (streamed; not stored),NA,chip cloud/shadow fraction 0.0; chip no-data fraction 0.0; scene cloud cover 3.0; sun elevation 62.11450463,displayed in figure,epoch 2007; true colour; figure outputs/figures/karnali_79/imagery_timeseries/KAR-SET-013_kalimati_timeseries_1972_2026.png
KAR-SET-013_2012,LC08_L2SP_143041_20131116_02_T1,USGS Landsat Collection 2,Public domain (USGS),2013-11-16,2013,landsat-8 / Planetary Computer landsat-c2-l2,30 m,"4 km window centred 82.049338,28.286145",EPSG:32644,NA (streamed; not stored),NA,chip cloud/shadow fraction 0.0; chip no-data fraction 0.0; scene cloud cover 0.07; sun elevation 40.47427545,displayed in figure,epoch 2012; true colour; figure outputs/figures/karnali_79/imagery_timeseries/KAR-SET-013_kalimati_timeseries_1972_2026.png
KAR-SET-013_2017,S2A_MSIL2A_20170424T050651_R019_T44RNS_20210209T101115,ESA Copernicus Sentinel-2,"Copernicus Sentinel data terms (free, attribution)",2017-04-24,2017,Sentinel-2A / Planetary Computer sentinel-2-l2a,10 m,"4 km window centred 82.049338,28.286145",EPSG:32644,NA (streamed; not stored),NA,chip cloud/shadow fraction 0.0; chip no-data fraction 0.0; scene cloud cover 0.045415; sun elevation None,displayed in figure,epoch 2017; true colour; figure outputs/figures/karnali_79/imagery_timeseries/KAR-SET-013_kalimati_timeseries_1972_2026.png
KAR-SET-013_2022,S2B_MSIL2A_20221119T051109_R019_T44RPS_20221119T163418,ESA Copernicus Sentinel-2,"Copernicus Sentinel data terms (free, attribution)",2022-11-19,2022,Sentinel-2B / Planetary Computer sentinel-2-l2a,10 m,"4 km window centred 82.049338,28.286145",EPSG:32644,NA (streamed; not stored),NA,chip cloud/shadow fraction 0.0; chip no-data fraction 0.0; scene cloud cover 0.0; sun elevation None,displayed in figure,epoch 2022; true colour; figure outputs/figures/karnali_79/imagery_timeseries/KAR-SET-013_kalimati_timeseries_1972_2026.png
KAR-SET-013_2026,S2B_MSIL2A_20260303T050649_R019_T44RNS_20260303T091046,ESA Copernicus Sentinel-2,"Copernicus Sentinel data terms (free, attribution)",2026-03-03,2026,Sentinel-2B / Planetary Computer sentinel-2-l2a,10 m,"4 km window centred 82.049338,28.286145",EPSG:32644,NA (streamed; not stored),NA,chip cloud/shadow fraction 0.0; chip no-data fraction 0.0; scene cloud cover 3e-06; sun elevation None,displayed in figure,epoch 2026; true colour; figure outputs/figures/karnali_79/imagery_timeseries/KAR-SET-013_kalimati_timeseries_1972_2026.png
KAR-SET-014_1972,LM01_L1TP_154040_19721217_02_T2,USGS Landsat Collection 2,Public domain (USGS),1972-12-17,1972,landsat-1 / Planetary Computer landsat-c2-l1,60 m,"4 km window centred 82.228069,28.330334",EPSG:32644,NA (streamed; not stored),NA,chip cloud/shadow fraction 0.0; chip no-data fraction 0.0; scene cloud cover 6.0; sun elevation 31.42157915,displayed in figure,"epoch 1972; false colour (NIR-red-green): vegetation red, water dark; figure outputs/figures/karnali_79/imagery_timeseries/KAR-SET-014_chhatreshwori_timeseries_1972_2026.png"
KAR-SET-014_1977,LM02_L1TP_154040_19770323_02_T2,USGS Landsat Collection 2,Public domain (USGS),1977-03-23,1977,landsat-2 / Planetary Computer landsat-c2-l1,60 m,"4 km window centred 82.228069,28.330334",EPSG:32644,NA (streamed; not stored),NA,chip cloud/shadow fraction 0.0; chip no-data fraction 0.0; scene cloud cover 2.0; sun elevation 44.22210613,displayed in figure,"epoch 1977; false colour (NIR-red-green): vegetation red, water dark; figure outputs/figures/karnali_79/imagery_timeseries/KAR-SET-014_chhatreshwori_timeseries_1972_2026.png"
KAR-SET-014_1987,LT05_L2SP_143040_19871227_02_T1,USGS Landsat Collection 2,Public domain (USGS),1987-12-27,1987,landsat-5 / Planetary Computer landsat-c2-l2,30 m,"4 km window centred 82.228069,28.330334",EPSG:32644,NA (streamed; not stored),NA,chip cloud/shadow fraction 0.0; chip no-data fraction 0.0; scene cloud cover 8.0; sun elevation 30.1816121,displayed in figure,epoch 1987; true colour; figure outputs/figures/karnali_79/imagery_timeseries/KAR-SET-014_chhatreshwori_timeseries_1972_2026.png
KAR-SET-014_1992,LT05_L2SP_143040_19921106_02_T1,USGS Landsat Collection 2,Public domain (USGS),1992-11-06,1992,landsat-5 / Planetary Computer landsat-c2-l2,30 m,"4 km window centred 82.228069,28.330334",EPSG:32644,NA (streamed; not stored),NA,chip cloud/shadow fraction 0.0; chip no-data fraction 0.0; scene cloud cover 3.0; sun elevation 37.5167245,displayed in figure,epoch 1992; true colour; figure outputs/figures/karnali_79/imagery_timeseries/KAR-SET-014_chhatreshwori_timeseries_1972_2026.png
KAR-SET-014_1997,LT05_L2SP_143040_19970309_02_T1,USGS Landsat Collection 2,Public domain (USGS),1997-03-09,1997,landsat-5 / Planetary Computer landsat-c2-l2,30 m,"4 km window centred 82.228069,28.330334",EPSG:32644,NA (streamed; not stored),NA,chip cloud/shadow fraction 0.0; chip no-data fraction 0.0; scene cloud cover 4.0; sun elevation 43.65029989,displayed in figure,epoch 1997; true colour; figure outputs/figures/karnali_79/imagery_timeseries/KAR-SET-014_chhatreshwori_timeseries_1972_2026.png
KAR-SET-014_2002,LE07_L2SP_143040_20021025_02_T1,USGS Landsat Collection 2,Public domain (USGS),2002-10-25,2002,landsat-7 / Planetary Computer landsat-c2-l2,30 m,"4 km window centred 82.228069,28.330334",EPSG:32644,NA (streamed; not stored),NA,chip cloud/shadow fraction 0.0; chip no-data fraction 0.0; scene cloud cover 3.0; sun elevation 44.11022116,displayed in figure,epoch 2002; true colour; figure outputs/figures/karnali_79/imagery_timeseries/KAR-SET-014_chhatreshwori_timeseries_1972_2026.png
KAR-SET-014_2007,LT05_L2SP_143040_20080424_02_T1,USGS Landsat Collection 2,Public domain (USGS),2008-04-24,2008,landsat-5 / Planetary Computer landsat-c2-l2,30 m,"4 km window centred 82.228069,28.330334",EPSG:32644,NA (streamed; not stored),NA,chip cloud/shadow fraction 0.0; chip no-data fraction 0.0; scene cloud cover 3.0; sun elevation 62.11450463,displayed in figure,epoch 2007; true colour; figure outputs/figures/karnali_79/imagery_timeseries/KAR-SET-014_chhatreshwori_timeseries_1972_2026.png
KAR-SET-014_2012,LC08_L2SP_143040_20131031_02_T1,USGS Landsat Collection 2,Public domain (USGS),2013-10-31,2013,landsat-8 / Planetary Computer landsat-c2-l2,30 m,"4 km window centred 82.228069,28.330334",EPSG:32644,NA (streamed; not stored),NA,chip cloud/shadow fraction 0.0; chip no-data fraction 0.0; scene cloud cover 4.08; sun elevation 43.65090666,displayed in figure,epoch 2012; true colour; figure outputs/figures/karnali_79/imagery_timeseries/KAR-SET-014_chhatreshwori_timeseries_1972_2026.png
KAR-SET-014_2017,S2A_MSIL2A_20181026T050901_R019_T44RPS_20201009T152443,ESA Copernicus Sentinel-2,"Copernicus Sentinel data terms (free, attribution)",2018-10-26,2018,Sentinel-2A / Planetary Computer sentinel-2-l2a,10 m,"4 km window centred 82.228069,28.330334",EPSG:32644,NA (streamed; not stored),NA,chip cloud/shadow fraction 0.0; chip no-data fraction 0.0; scene cloud cover 0.172813; sun elevation None,displayed in figure,epoch 2017; true colour; figure outputs/figures/karnali_79/imagery_timeseries/KAR-SET-014_chhatreshwori_timeseries_1972_2026.png
KAR-SET-014_2022,S2B_MSIL2A_20221119T051109_R019_T44RPS_20221119T163418,ESA Copernicus Sentinel-2,"Copernicus Sentinel data terms (free, attribution)",2022-11-19,2022,Sentinel-2B / Planetary Computer sentinel-2-l2a,10 m,"4 km window centred 82.228069,28.330334",EPSG:32644,NA (streamed; not stored),NA,chip cloud/shadow fraction 0.0; chip no-data fraction 0.0; scene cloud cover 0.0; sun elevation None,displayed in figure,epoch 2022; true colour; figure outputs/figures/karnali_79/imagery_timeseries/KAR-SET-014_chhatreshwori_timeseries_1972_2026.png
KAR-SET-014_2026,S2C_MSIL2A_20260117T051141_R019_T44RPS_20260117T083616,ESA Copernicus Sentinel-2,"Copernicus Sentinel data terms (free, attribution)",2026-01-17,2026,Sentinel-2C / Planetary Computer sentinel-2-l2a,10 m,"4 km window centred 82.228069,28.330334",EPSG:32644,NA (streamed; not stored),NA,chip cloud/shadow fraction 0.0; chip no-data fraction 0.0; scene cloud cover 2e-05; sun elevation None,displayed in figure,epoch 2026; true colour; figure outputs/figures/karnali_79/imagery_timeseries/KAR-SET-014_chhatreshwori_timeseries_1972_2026.png
KAR-SET-015_1972,LM01_L1TP_154040_19721217_02_T2,USGS Landsat Collection 2,Public domain (USGS),1972-12-17,1972,landsat-1 / Planetary Computer landsat-c2-l1,60 m,"4 km window centred 82.260219,28.295549",EPSG:32644,NA (streamed; not stored),NA,chip cloud/shadow fraction 0.0; chip no-data fraction 0.0; scene cloud cover 6.0; sun elevation 31.42157915,displayed in figure,"epoch 1972; false colour (NIR-red-green): vegetation red, water dark; figure outputs/figures/karnali_79/imagery_timeseries/KAR-SET-015_tribeni_timeseries_1972_2026.png"
KAR-SET-015_1977,LM02_L1TP_154040_19770323_02_T2,USGS Landsat Collection 2,Public domain (USGS),1977-03-23,1977,landsat-2 / Planetary Computer landsat-c2-l1,60 m,"4 km window centred 82.260219,28.295549",EPSG:32644,NA (streamed; not stored),NA,chip cloud/shadow fraction 0.0; chip no-data fraction 0.0; scene cloud cover 2.0; sun elevation 44.22210613,displayed in figure,"epoch 1977; false colour (NIR-red-green): vegetation red, water dark; figure outputs/figures/karnali_79/imagery_timeseries/KAR-SET-015_tribeni_timeseries_1972_2026.png"
KAR-SET-015_1987,LT05_L2SP_143040_19871227_02_T1,USGS Landsat Collection 2,Public domain (USGS),1987-12-27,1987,landsat-5 / Planetary Computer landsat-c2-l2,30 m,"4 km window centred 82.260219,28.295549",EPSG:32644,NA (streamed; not stored),NA,chip cloud/shadow fraction 0.0; chip no-data fraction 0.0; scene cloud cover 8.0; sun elevation 30.1816121,displayed in figure,epoch 1987; true colour; figure outputs/figures/karnali_79/imagery_timeseries/KAR-SET-015_tribeni_timeseries_1972_2026.png
KAR-SET-015_1992,LT05_L2SP_143040_19921106_02_T1,USGS Landsat Collection 2,Public domain (USGS),1992-11-06,1992,landsat-5 / Planetary Computer landsat-c2-l2,30 m,"4 km window centred 82.260219,28.295549",EPSG:32644,NA (streamed; not stored),NA,chip cloud/shadow fraction 0.0; chip no-data fraction 0.0; scene cloud cover 3.0; sun elevation 37.5167245,displayed in figure,epoch 1992; true colour; figure outputs/figures/karnali_79/imagery_timeseries/KAR-SET-015_tribeni_timeseries_1972_2026.png
KAR-SET-015_1997,LT05_L2SP_143040_19970309_02_T1,USGS Landsat Collection 2,Public domain (USGS),1997-03-09,1997,landsat-5 / Planetary Computer landsat-c2-l2,30 m,"4 km window centred 82.260219,28.295549",EPSG:32644,NA (streamed; not stored),NA,chip cloud/shadow fraction 0.0; chip no-data fraction 0.0; scene cloud cover 4.0; sun elevation 43.65029989,displayed in figure,epoch 1997; true colour; figure outputs/figures/karnali_79/imagery_timeseries/KAR-SET-015_tribeni_timeseries_1972_2026.png
KAR-SET-015_2002,LE07_L2SP_143040_20021025_02_T1,USGS Landsat Collection 2,Public domain (USGS),2002-10-25,2002,landsat-7 / Planetary Computer landsat-c2-l2,30 m,"4 km window centred 82.260219,28.295549",EPSG:32644,NA (streamed; not stored),NA,chip cloud/shadow fraction 0.0; chip no-data fraction 0.0; scene cloud cover 3.0; sun elevation 44.11022116,displayed in figure,epoch 2002; true colour; figure outputs/figures/karnali_79/imagery_timeseries/KAR-SET-015_tribeni_timeseries_1972_2026.png
KAR-SET-015_2007,LT05_L2SP_143040_20080424_02_T1,USGS Landsat Collection 2,Public domain (USGS),2008-04-24,2008,landsat-5 / Planetary Computer landsat-c2-l2,30 m,"4 km window centred 82.260219,28.295549",EPSG:32644,NA (streamed; not stored),NA,chip cloud/shadow fraction 0.0; chip no-data fraction 0.0; scene cloud cover 3.0; sun elevation 62.11450463,displayed in figure,epoch 2007; true colour; figure outputs/figures/karnali_79/imagery_timeseries/KAR-SET-015_tribeni_timeseries_1972_2026.png
KAR-SET-015_2012,LC08_L2SP_143041_20131116_02_T1,USGS Landsat Collection 2,Public domain (USGS),2013-11-16,2013,landsat-8 / Planetary Computer landsat-c2-l2,30 m,"4 km window centred 82.260219,28.295549",EPSG:32644,NA (streamed; not stored),NA,chip cloud/shadow fraction 0.0; chip no-data fraction 0.0; scene cloud cover 0.07; sun elevation 40.47427545,displayed in figure,epoch 2012; true colour; figure outputs/figures/karnali_79/imagery_timeseries/KAR-SET-015_tribeni_timeseries_1972_2026.png
KAR-SET-015_2017,S2A_MSIL2A_20181026T050901_R019_T44RPS_20201009T152443,ESA Copernicus Sentinel-2,"Copernicus Sentinel data terms (free, attribution)",2018-10-26,2018,Sentinel-2A / Planetary Computer sentinel-2-l2a,10 m,"4 km window centred 82.260219,28.295549",EPSG:32644,NA (streamed; not stored),NA,chip cloud/shadow fraction 0.0; chip no-data fraction 0.0; scene cloud cover 0.172813; sun elevation None,displayed in figure,epoch 2017; true colour; figure outputs/figures/karnali_79/imagery_timeseries/KAR-SET-015_tribeni_timeseries_1972_2026.png
KAR-SET-015_2022,S2B_MSIL2A_20221119T051109_R019_T44RPS_20221119T163418,ESA Copernicus Sentinel-2,"Copernicus Sentinel data terms (free, attribution)",2022-11-19,2022,Sentinel-2B / Planetary Computer sentinel-2-l2a,10 m,"4 km window centred 82.260219,28.295549",EPSG:32644,NA (streamed; not stored),NA,chip cloud/shadow fraction 0.0; chip no-data fraction 0.0; scene cloud cover 0.0; sun elevation None,displayed in figure,epoch 2022; true colour; figure outputs/figures/karnali_79/imagery_timeseries/KAR-SET-015_tribeni_timeseries_1972_2026.png
KAR-SET-015_2026,S2C_MSIL2A_20260117T051141_R019_T44RPS_20260117T083616,ESA Copernicus Sentinel-2,"Copernicus Sentinel data terms (free, attribution)",2026-01-17,2026,Sentinel-2C / Planetary Computer sentinel-2-l2a,10 m,"4 km window centred 82.260219,28.295549",EPSG:32644,NA (streamed; not stored),NA,chip cloud/shadow fraction 0.0; chip no-data fraction 0.0; scene cloud cover 2e-05; sun elevation None,displayed in figure,epoch 2026; true colour; figure outputs/figures/karnali_79/imagery_timeseries/KAR-SET-015_tribeni_timeseries_1972_2026.png
KAR-SET-016_1972,LM01_L1TP_154040_19721217_02_T2,USGS Landsat Collection 2,Public domain (USGS),1972-12-17,1972,landsat-1 / Planetary Computer landsat-c2-l1,60 m,"4 km window centred 82.359135,28.266711",EPSG:32644,NA (streamed; not stored),NA,chip cloud/shadow fraction 0.0; chip no-data fraction 0.0; scene cloud cover 6.0; sun elevation 31.42157915,displayed in figure,"epoch 1972; false colour (NIR-red-green): vegetation red, water dark; figure outputs/figures/karnali_79/imagery_timeseries/KAR-SET-016_kapurkot_timeseries_1972_2026.png"
KAR-SET-016_1977,LM02_L1TP_153041_19770322_02_T2,USGS Landsat Collection 2,Public domain (USGS),1977-03-22,1977,landsat-2 / Planetary Computer landsat-c2-l1,60 m,"4 km window centred 82.359135,28.266711",EPSG:32644,NA (streamed; not stored),NA,chip cloud/shadow fraction 0.0; chip no-data fraction 0.0; scene cloud cover 0.0; sun elevation 44.40620362,displayed in figure,"epoch 1977; false colour (NIR-red-green): vegetation red, water dark; figure outputs/figures/karnali_79/imagery_timeseries/KAR-SET-016_kapurkot_timeseries_1972_2026.png"
KAR-SET-016_1987,LT05_L2SP_143040_19871227_02_T1,USGS Landsat Collection 2,Public domain (USGS),1987-12-27,1987,landsat-5 / Planetary Computer landsat-c2-l2,30 m,"4 km window centred 82.359135,28.266711",EPSG:32644,NA (streamed; not stored),NA,chip cloud/shadow fraction 0.0; chip no-data fraction 0.0; scene cloud cover 8.0; sun elevation 30.1816121,displayed in figure,epoch 1987; true colour; figure outputs/figures/karnali_79/imagery_timeseries/KAR-SET-016_kapurkot_timeseries_1972_2026.png
KAR-SET-016_1992,LT05_L2SP_143040_19921106_02_T1,USGS Landsat Collection 2,Public domain (USGS),1992-11-06,1992,landsat-5 / Planetary Computer landsat-c2-l2,30 m,"4 km window centred 82.359135,28.266711",EPSG:32644,NA (streamed; not stored),NA,chip cloud/shadow fraction 0.0; chip no-data fraction 0.0; scene cloud cover 3.0; sun elevation 37.5167245,displayed in figure,epoch 1992; true colour; figure outputs/figures/karnali_79/imagery_timeseries/KAR-SET-016_kapurkot_timeseries_1972_2026.png
KAR-SET-016_1997,LT05_L2SP_143040_19970309_02_T1,USGS Landsat Collection 2,Public domain (USGS),1997-03-09,1997,landsat-5 / Planetary Computer landsat-c2-l2,30 m,"4 km window centred 82.359135,28.266711",EPSG:32644,NA (streamed; not stored),NA,chip cloud/shadow fraction 0.0; chip no-data fraction 0.0; scene cloud cover 4.0; sun elevation 43.65029989,displayed in figure,epoch 1997; true colour; figure outputs/figures/karnali_79/imagery_timeseries/KAR-SET-016_kapurkot_timeseries_1972_2026.png
KAR-SET-016_2002,LE07_L2SP_143040_20021025_02_T1,USGS Landsat Collection 2,Public domain (USGS),2002-10-25,2002,landsat-7 / Planetary Computer landsat-c2-l2,30 m,"4 km window centred 82.359135,28.266711",EPSG:32644,NA (streamed; not stored),NA,chip cloud/shadow fraction 0.0085; chip no-data fraction 0.0; scene cloud cover 3.0; sun elevation 44.11022116,displayed in figure,epoch 2002; true colour; figure outputs/figures/karnali_79/imagery_timeseries/KAR-SET-016_kapurkot_timeseries_1972_2026.png
KAR-SET-016_2007,LT05_L2SP_143040_20080424_02_T1,USGS Landsat Collection 2,Public domain (USGS),2008-04-24,2008,landsat-5 / Planetary Computer landsat-c2-l2,30 m,"4 km window centred 82.359135,28.266711",EPSG:32644,NA (streamed; not stored),NA,chip cloud/shadow fraction 0.0; chip no-data fraction 0.0; scene cloud cover 3.0; sun elevation 62.11450463,displayed in figure,epoch 2007; true colour; figure outputs/figures/karnali_79/imagery_timeseries/KAR-SET-016_kapurkot_timeseries_1972_2026.png
KAR-SET-016_2012,LC08_L2SP_143041_20131116_02_T1,USGS Landsat Collection 2,Public domain (USGS),2013-11-16,2013,landsat-8 / Planetary Computer landsat-c2-l2,30 m,"4 km window centred 82.359135,28.266711",EPSG:32644,NA (streamed; not stored),NA,chip cloud/shadow fraction 0.0; chip no-data fraction 0.0; scene cloud cover 0.07; sun elevation 40.47427545,displayed in figure,epoch 2012; true colour; figure outputs/figures/karnali_79/imagery_timeseries/KAR-SET-016_kapurkot_timeseries_1972_2026.png
KAR-SET-016_2017,S2A_MSIL2A_20181026T050901_R019_T44RPS_20201009T152443,ESA Copernicus Sentinel-2,"Copernicus Sentinel data terms (free, attribution)",2018-10-26,2018,Sentinel-2A / Planetary Computer sentinel-2-l2a,10 m,"4 km window centred 82.359135,28.266711",EPSG:32644,NA (streamed; not stored),NA,chip cloud/shadow fraction 0.0; chip no-data fraction 0.0; scene cloud cover 0.172813; sun elevation None,displayed in figure,epoch 2017; true colour; figure outputs/figures/karnali_79/imagery_timeseries/KAR-SET-016_kapurkot_timeseries_1972_2026.png
KAR-SET-016_2022,S2B_MSIL2A_20221119T051109_R019_T44RPS_20221119T163418,ESA Copernicus Sentinel-2,"Copernicus Sentinel data terms (free, attribution)",2022-11-19,2022,Sentinel-2B / Planetary Computer sentinel-2-l2a,10 m,"4 km window centred 82.359135,28.266711",EPSG:32644,NA (streamed; not stored),NA,chip cloud/shadow fraction 0.0; chip no-data fraction 0.0; scene cloud cover 0.0; sun elevation None,displayed in figure,epoch 2022; true colour; figure outputs/figures/karnali_79/imagery_timeseries/KAR-SET-016_kapurkot_timeseries_1972_2026.png
KAR-SET-016_2026,S2C_MSIL2A_20260117T051141_R019_T44RPS_20260117T083616,ESA Copernicus Sentinel-2,"Copernicus Sentinel data terms (free, attribution)",2026-01-17,2026,Sentinel-2C / Planetary Computer sentinel-2-l2a,10 m,"4 km window centred 82.359135,28.266711",EPSG:32644,NA (streamed; not stored),NA,chip cloud/shadow fraction 0.0; chip no-data fraction 0.0; scene cloud cover 2e-05; sun elevation None,displayed in figure,epoch 2026; true colour; figure outputs/figures/karnali_79/imagery_timeseries/KAR-SET-016_kapurkot_timeseries_1972_2026.png
KAR-SET-017_1972,LM01_L1GS_154040_19721111_02_T2,USGS Landsat Collection 2,Public domain (USGS),1972-11-11,1972,landsat-1 / Planetary Computer landsat-c2-l1,60 m,"4 km window centred 81.387311,28.793093",EPSG:32644,NA (streamed; not stored),NA,chip cloud/shadow fraction 0.0; chip no-data fraction 0.0; scene cloud cover 8.0; sun elevation 37.75830491,displayed in figure,"epoch 1972; false colour (NIR-red-green): vegetation red, water dark; figure outputs/figures/karnali_79/imagery_timeseries/KAR-SET-017_panchapuri_timeseries_1972_2026.png"
KAR-SET-017_1977,LM02_L1TP_155040_19770324_02_T2,USGS Landsat Collection 2,Public domain (USGS),1977-03-24,1977,landsat-2 / Planetary Computer landsat-c2-l1,60 m,"4 km window centred 81.387311,28.793093",EPSG:32644,NA (streamed; not stored),NA,chip cloud/shadow fraction 0.0; chip no-data fraction 0.0; scene cloud cover 0.0; sun elevation 44.57905385,displayed in figure,"epoch 1977; false colour (NIR-red-green): vegetation red, water dark; figure outputs/figures/karnali_79/imagery_timeseries/KAR-SET-017_panchapuri_timeseries_1972_2026.png"
KAR-SET-017_1987,LT05_L2SP_144040_19890411_02_T1,USGS Landsat Collection 2,Public domain (USGS),1989-04-11,1989,landsat-5 / Planetary Computer landsat-c2-l2,30 m,"4 km window centred 81.387311,28.793093",EPSG:32644,NA (streamed; not stored),NA,chip cloud/shadow fraction 0.0; chip no-data fraction 0.0; scene cloud cover 1.0; sun elevation 54.75653353,displayed in figure,epoch 1987; true colour; figure outputs/figures/karnali_79/imagery_timeseries/KAR-SET-017_panchapuri_timeseries_1972_2026.png
KAR-SET-017_1992,LT05_L2SP_144040_19921028_02_T1,USGS Landsat Collection 2,Public domain (USGS),1992-10-28,1992,landsat-5 / Planetary Computer landsat-c2-l2,30 m,"4 km window centred 81.387311,28.793093",EPSG:32644,NA (streamed; not stored),NA,chip cloud/shadow fraction 0.0; chip no-data fraction 0.0; scene cloud cover 1.0; sun elevation 39.94137675,displayed in figure,epoch 1992; true colour; figure outputs/figures/karnali_79/imagery_timeseries/KAR-SET-017_panchapuri_timeseries_1972_2026.png
KAR-SET-017_1997,LT05_L2SP_144040_19970228_02_T1,USGS Landsat Collection 2,Public domain (USGS),1997-02-28,1997,landsat-5 / Planetary Computer landsat-c2-l2,30 m,"4 km window centred 81.387311,28.793093",EPSG:32644,NA (streamed; not stored),NA,chip cloud/shadow fraction 0.0; chip no-data fraction 0.0; scene cloud cover 1.0; sun elevation 40.65361466,displayed in figure,epoch 1997; true colour; figure outputs/figures/karnali_79/imagery_timeseries/KAR-SET-017_panchapuri_timeseries_1972_2026.png
KAR-SET-017_2002,LE07_L2SP_144040_20021101_02_T1,USGS Landsat Collection 2,Public domain (USGS),2002-11-01,2002,landsat-7 / Planetary Computer landsat-c2-l2,30 m,"4 km window centred 81.387311,28.793093",EPSG:32644,NA (streamed; not stored),NA,chip cloud/shadow fraction 0.0; chip no-data fraction 0.0; scene cloud cover 1.0; sun elevation 42.08208763,displayed in figure,epoch 2002; true colour; figure outputs/figures/karnali_79/imagery_timeseries/KAR-SET-017_panchapuri_timeseries_1972_2026.png
KAR-SET-017_2007,LT05_L2SP_144040_20090418_02_T1,USGS Landsat Collection 2,Public domain (USGS),2009-04-18,2009,landsat-5 / Planetary Computer landsat-c2-l2,30 m,"4 km window centred 81.387311,28.793093",EPSG:32644,NA (streamed; not stored),NA,chip cloud/shadow fraction 0.0; chip no-data fraction 0.0; scene cloud cover 0.0; sun elevation 60.22317928,displayed in figure,epoch 2007; true colour; figure outputs/figures/karnali_79/imagery_timeseries/KAR-SET-017_panchapuri_timeseries_1972_2026.png
KAR-SET-017_2012,LC08_L2SP_144040_20130413_02_T1,USGS Landsat Collection 2,Public domain (USGS),2013-04-13,2013,landsat-8 / Planetary Computer landsat-c2-l2,30 m,"4 km window centred 81.387311,28.793093",EPSG:32644,NA (streamed; not stored),NA,chip cloud/shadow fraction 0.0; chip no-data fraction 0.0; scene cloud cover 0.86; sun elevation 61.38406934,displayed in figure,epoch 2012; true colour; figure outputs/figures/karnali_79/imagery_timeseries/KAR-SET-017_panchapuri_timeseries_1972_2026.png
KAR-SET-017_2017,S2A_MSIL2A_20170424T050651_R019_T44RNS_20210209T101115,ESA Copernicus Sentinel-2,"Copernicus Sentinel data terms (free, attribution)",2017-04-24,2017,Sentinel-2A / Planetary Computer sentinel-2-l2a,10 m,"4 km window centred 81.387311,28.793093",EPSG:32644,NA (streamed; not stored),NA,chip cloud/shadow fraction 0.0; chip no-data fraction 0.0; scene cloud cover 0.045415; sun elevation None,displayed in figure,epoch 2017; true colour; figure outputs/figures/karnali_79/imagery_timeseries/KAR-SET-017_panchapuri_timeseries_1972_2026.png
KAR-SET-017_2022,S2A_MSIL2A_20220408T050651_R019_T44RNS_20240524T030604,ESA Copernicus Sentinel-2,"Copernicus Sentinel data terms (free, attribution)",2022-04-08,2022,Sentinel-2A / Planetary Computer sentinel-2-l2a,10 m,"4 km window centred 81.387311,28.793093",EPSG:32644,NA (streamed; not stored),NA,chip cloud/shadow fraction 0.0; chip no-data fraction 0.0; scene cloud cover 0.000236; sun elevation None,displayed in figure,epoch 2022; true colour; figure outputs/figures/karnali_79/imagery_timeseries/KAR-SET-017_panchapuri_timeseries_1972_2026.png
KAR-SET-017_2026,S2B_MSIL2A_20260303T050649_R019_T44RNS_20260303T091046,ESA Copernicus Sentinel-2,"Copernicus Sentinel data terms (free, attribution)",2026-03-03,2026,Sentinel-2B / Planetary Computer sentinel-2-l2a,10 m,"4 km window centred 81.387311,28.793093",EPSG:32644,NA (streamed; not stored),NA,chip cloud/shadow fraction 0.0; chip no-data fraction 0.0; scene cloud cover 3e-06; sun elevation None,displayed in figure,epoch 2026; true colour; figure outputs/figures/karnali_79/imagery_timeseries/KAR-SET-017_panchapuri_timeseries_1972_2026.png
KAR-SET-018_1972,LM01_L1TP_154040_19721217_02_T2,USGS Landsat Collection 2,Public domain (USGS),1972-12-17,1972,landsat-1 / Planetary Computer landsat-c2-l1,60 m,"4 km window centred 81.718766,28.459196",EPSG:32644,NA (streamed; not stored),NA,chip cloud/shadow fraction 0.0; chip no-data fraction 0.0; scene cloud cover 6.0; sun elevation 31.42157915,displayed in figure,"epoch 1972; false colour (NIR-red-green): vegetation red, water dark; figure outputs/figures/karnali_79/imagery_timeseries/KAR-SET-018_bheriganga_timeseries_1972_2026.png"
KAR-SET-018_1977,LM02_L1TP_154040_19770323_02_T2,USGS Landsat Collection 2,Public domain (USGS),1977-03-23,1977,landsat-2 / Planetary Computer landsat-c2-l1,60 m,"4 km window centred 81.718766,28.459196",EPSG:32644,NA (streamed; not stored),NA,chip cloud/shadow fraction 0.0; chip no-data fraction 0.0; scene cloud cover 2.0; sun elevation 44.22210613,displayed in figure,"epoch 1977; false colour (NIR-red-green): vegetation red, water dark; figure outputs/figures/karnali_79/imagery_timeseries/KAR-SET-018_bheriganga_timeseries_1972_2026.png"
KAR-SET-018_1987,LT05_L2SP_143040_19871227_02_T1,USGS Landsat Collection 2,Public domain (USGS),1987-12-27,1987,landsat-5 / Planetary Computer landsat-c2-l2,30 m,"4 km window centred 81.718766,28.459196",EPSG:32644,NA (streamed; not stored),NA,chip cloud/shadow fraction 0.0; chip no-data fraction 0.0; scene cloud cover 8.0; sun elevation 30.1816121,displayed in figure,epoch 1987; true colour; figure outputs/figures/karnali_79/imagery_timeseries/KAR-SET-018_bheriganga_timeseries_1972_2026.png
KAR-SET-018_1992,LT05_L2SP_144040_19921028_02_T1,USGS Landsat Collection 2,Public domain (USGS),1992-10-28,1992,landsat-5 / Planetary Computer landsat-c2-l2,30 m,"4 km window centred 81.718766,28.459196",EPSG:32644,NA (streamed; not stored),NA,chip cloud/shadow fraction 0.0; chip no-data fraction 0.0; scene cloud cover 1.0; sun elevation 39.94137675,displayed in figure,epoch 1992; true colour; figure outputs/figures/karnali_79/imagery_timeseries/KAR-SET-018_bheriganga_timeseries_1972_2026.png
KAR-SET-018_1997,LT05_L2SP_144040_19970228_02_T1,USGS Landsat Collection 2,Public domain (USGS),1997-02-28,1997,landsat-5 / Planetary Computer landsat-c2-l2,30 m,"4 km window centred 81.718766,28.459196",EPSG:32644,NA (streamed; not stored),NA,chip cloud/shadow fraction 0.0; chip no-data fraction 0.0; scene cloud cover 1.0; sun elevation 40.65361466,displayed in figure,epoch 1997; true colour; figure outputs/figures/karnali_79/imagery_timeseries/KAR-SET-018_bheriganga_timeseries_1972_2026.png
KAR-SET-018_2002,LE07_L2SP_144040_20021101_02_T1,USGS Landsat Collection 2,Public domain (USGS),2002-11-01,2002,landsat-7 / Planetary Computer landsat-c2-l2,30 m,"4 km window centred 81.718766,28.459196",EPSG:32644,NA (streamed; not stored),NA,chip cloud/shadow fraction 0.0; chip no-data fraction 0.0; scene cloud cover 1.0; sun elevation 42.08208763,displayed in figure,epoch 2002; true colour; figure outputs/figures/karnali_79/imagery_timeseries/KAR-SET-018_bheriganga_timeseries_1972_2026.png
KAR-SET-018_2007,LT05_L2SP_143040_20081102_02_T1,USGS Landsat Collection 2,Public domain (USGS),2008-11-02,2008,landsat-5 / Planetary Computer landsat-c2-l2,30 m,"4 km window centred 81.718766,28.459196",EPSG:32644,NA (streamed; not stored),NA,chip cloud/shadow fraction 0.0; chip no-data fraction 0.0; scene cloud cover 1.0; sun elevation 41.15988239,displayed in figure,epoch 2007; true colour; figure outputs/figures/karnali_79/imagery_timeseries/KAR-SET-018_bheriganga_timeseries_1972_2026.png
KAR-SET-018_2012,LC08_L2SP_144040_20130413_02_T1,USGS Landsat Collection 2,Public domain (USGS),2013-04-13,2013,landsat-8 / Planetary Computer landsat-c2-l2,30 m,"4 km window centred 81.718766,28.459196",EPSG:32644,NA (streamed; not stored),NA,chip cloud/shadow fraction 0.0; chip no-data fraction 0.0; scene cloud cover 0.86; sun elevation 61.38406934,displayed in figure,epoch 2012; true colour; figure outputs/figures/karnali_79/imagery_timeseries/KAR-SET-018_bheriganga_timeseries_1972_2026.png
KAR-SET-018_2017,S2A_MSIL2A_20170424T050651_R019_T44RNS_20210209T101115,ESA Copernicus Sentinel-2,"Copernicus Sentinel data terms (free, attribution)",2017-04-24,2017,Sentinel-2A / Planetary Computer sentinel-2-l2a,10 m,"4 km window centred 81.718766,28.459196",EPSG:32644,NA (streamed; not stored),NA,chip cloud/shadow fraction 0.0; chip no-data fraction 0.0; scene cloud cover 0.045415; sun elevation None,displayed in figure,epoch 2017; true colour; figure outputs/figures/karnali_79/imagery_timeseries/KAR-SET-018_bheriganga_timeseries_1972_2026.png
KAR-SET-018_2022,S2A_MSIL2A_20220408T050651_R019_T44RNS_20240524T030604,ESA Copernicus Sentinel-2,"Copernicus Sentinel data terms (free, attribution)",2022-04-08,2022,Sentinel-2A / Planetary Computer sentinel-2-l2a,10 m,"4 km window centred 81.718766,28.459196",EPSG:32644,NA (streamed; not stored),NA,chip cloud/shadow fraction 0.0; chip no-data fraction 0.0; scene cloud cover 0.000236; sun elevation None,displayed in figure,epoch 2022; true colour; figure outputs/figures/karnali_79/imagery_timeseries/KAR-SET-018_bheriganga_timeseries_1972_2026.png
KAR-SET-018_2026,S2B_MSIL2A_20260303T050649_R019_T44RNS_20260303T091046,ESA Copernicus Sentinel-2,"Copernicus Sentinel data terms (free, attribution)",2026-03-03,2026,Sentinel-2B / Planetary Computer sentinel-2-l2a,10 m,"4 km window centred 81.718766,28.459196",EPSG:32644,NA (streamed; not stored),NA,chip cloud/shadow fraction 0.0; chip no-data fraction 0.0; scene cloud cover 3e-06; sun elevation None,displayed in figure,epoch 2026; true colour; figure outputs/figures/karnali_79/imagery_timeseries/KAR-SET-018_bheriganga_timeseries_1972_2026.png
KAR-SET-019_1972,LM01_L1TP_154040_19721217_02_T2,USGS Landsat Collection 2,Public domain (USGS),1972-12-17,1972,landsat-1 / Planetary Computer landsat-c2-l1,60 m,"4 km window centred 81.614954,28.596792",EPSG:32644,NA (streamed; not stored),NA,chip cloud/shadow fraction 0.0; chip no-data fraction 0.0; scene cloud cover 6.0; sun elevation 31.42157915,displayed in figure,"epoch 1972; false colour (NIR-red-green): vegetation red, water dark; figure outputs/figures/karnali_79/imagery_timeseries/KAR-SET-019_birendranagar_timeseries_1972_2026.png"
KAR-SET-019_1977,LM02_L1TP_154040_19770323_02_T2,USGS Landsat Collection 2,Public domain (USGS),1977-03-23,1977,landsat-2 / Planetary Computer landsat-c2-l1,60 m,"4 km window centred 81.614954,28.596792",EPSG:32644,NA (streamed; not stored),NA,chip cloud/shadow fraction 0.0; chip no-data fraction 0.0; scene cloud cover 2.0; sun elevation 44.22210613,displayed in figure,"epoch 1977; false colour (NIR-red-green): vegetation red, water dark; figure outputs/figures/karnali_79/imagery_timeseries/KAR-SET-019_birendranagar_timeseries_1972_2026.png"
KAR-SET-019_1987,LT05_L2SP_143040_19871227_02_T1,USGS Landsat Collection 2,Public domain (USGS),1987-12-27,1987,landsat-5 / Planetary Computer landsat-c2-l2,30 m,"4 km window centred 81.614954,28.596792",EPSG:32644,NA (streamed; not stored),NA,chip cloud/shadow fraction 0.0; chip no-data fraction 0.0; scene cloud cover 8.0; sun elevation 30.1816121,displayed in figure,epoch 1987; true colour; figure outputs/figures/karnali_79/imagery_timeseries/KAR-SET-019_birendranagar_timeseries_1972_2026.png
KAR-SET-019_1992,LT05_L2SP_144040_19921028_02_T1,USGS Landsat Collection 2,Public domain (USGS),1992-10-28,1992,landsat-5 / Planetary Computer landsat-c2-l2,30 m,"4 km window centred 81.614954,28.596792",EPSG:32644,NA (streamed; not stored),NA,chip cloud/shadow fraction 0.0; chip no-data fraction 0.0; scene cloud cover 1.0; sun elevation 39.94137675,displayed in figure,epoch 1992; true colour; figure outputs/figures/karnali_79/imagery_timeseries/KAR-SET-019_birendranagar_timeseries_1972_2026.png
KAR-SET-019_1997,LT05_L2SP_144040_19970228_02_T1,USGS Landsat Collection 2,Public domain (USGS),1997-02-28,1997,landsat-5 / Planetary Computer landsat-c2-l2,30 m,"4 km window centred 81.614954,28.596792",EPSG:32644,NA (streamed; not stored),NA,chip cloud/shadow fraction 0.0; chip no-data fraction 0.0; scene cloud cover 1.0; sun elevation 40.65361466,displayed in figure,epoch 1997; true colour; figure outputs/figures/karnali_79/imagery_timeseries/KAR-SET-019_birendranagar_timeseries_1972_2026.png
KAR-SET-019_2002,LE07_L2SP_144040_20021101_02_T1,USGS Landsat Collection 2,Public domain (USGS),2002-11-01,2002,landsat-7 / Planetary Computer landsat-c2-l2,30 m,"4 km window centred 81.614954,28.596792",EPSG:32644,NA (streamed; not stored),NA,chip cloud/shadow fraction 0.0; chip no-data fraction 0.0; scene cloud cover 1.0; sun elevation 42.08208763,displayed in figure,epoch 2002; true colour; figure outputs/figures/karnali_79/imagery_timeseries/KAR-SET-019_birendranagar_timeseries_1972_2026.png
KAR-SET-019_2007,LT05_L2SP_143040_20081102_02_T1,USGS Landsat Collection 2,Public domain (USGS),2008-11-02,2008,landsat-5 / Planetary Computer landsat-c2-l2,30 m,"4 km window centred 81.614954,28.596792",EPSG:32644,NA (streamed; not stored),NA,chip cloud/shadow fraction 0.0; chip no-data fraction 0.0; scene cloud cover 1.0; sun elevation 41.15988239,displayed in figure,epoch 2007; true colour; figure outputs/figures/karnali_79/imagery_timeseries/KAR-SET-019_birendranagar_timeseries_1972_2026.png
KAR-SET-019_2012,LC08_L2SP_144040_20130413_02_T1,USGS Landsat Collection 2,Public domain (USGS),2013-04-13,2013,landsat-8 / Planetary Computer landsat-c2-l2,30 m,"4 km window centred 81.614954,28.596792",EPSG:32644,NA (streamed; not stored),NA,chip cloud/shadow fraction 0.0; chip no-data fraction 0.0; scene cloud cover 0.86; sun elevation 61.38406934,displayed in figure,epoch 2012; true colour; figure outputs/figures/karnali_79/imagery_timeseries/KAR-SET-019_birendranagar_timeseries_1972_2026.png
KAR-SET-019_2017,S2A_MSIL2A_20170424T050651_R019_T44RNS_20210209T101115,ESA Copernicus Sentinel-2,"Copernicus Sentinel data terms (free, attribution)",2017-04-24,2017,Sentinel-2A / Planetary Computer sentinel-2-l2a,10 m,"4 km window centred 81.614954,28.596792",EPSG:32644,NA (streamed; not stored),NA,chip cloud/shadow fraction 0.0001; chip no-data fraction 0.0; scene cloud cover 0.045415; sun elevation None,displayed in figure,epoch 2017; true colour; figure outputs/figures/karnali_79/imagery_timeseries/KAR-SET-019_birendranagar_timeseries_1972_2026.png
KAR-SET-019_2022,S2A_MSIL2A_20220408T050651_R019_T44RNS_20240524T030604,ESA Copernicus Sentinel-2,"Copernicus Sentinel data terms (free, attribution)",2022-04-08,2022,Sentinel-2A / Planetary Computer sentinel-2-l2a,10 m,"4 km window centred 81.614954,28.596792",EPSG:32644,NA (streamed; not stored),NA,chip cloud/shadow fraction 0.0; chip no-data fraction 0.0; scene cloud cover 0.000236; sun elevation None,displayed in figure,epoch 2022; true colour; figure outputs/figures/karnali_79/imagery_timeseries/KAR-SET-019_birendranagar_timeseries_1972_2026.png
KAR-SET-019_2026,S2B_MSIL2A_20260303T050649_R019_T44RNS_20260303T091046,ESA Copernicus Sentinel-2,"Copernicus Sentinel data terms (free, attribution)",2026-03-03,2026,Sentinel-2B / Planetary Computer sentinel-2-l2a,10 m,"4 km window centred 81.614954,28.596792",EPSG:32644,NA (streamed; not stored),NA,chip cloud/shadow fraction 0.0; chip no-data fraction 0.0; scene cloud cover 3e-06; sun elevation None,displayed in figure,epoch 2026; true colour; figure outputs/figures/karnali_79/imagery_timeseries/KAR-SET-019_birendranagar_timeseries_1972_2026.png
KAR-SET-020_1972,LM01_L1TP_154040_19721217_02_T2,USGS Landsat Collection 2,Public domain (USGS),1972-12-17,1972,landsat-1 / Planetary Computer landsat-c2-l1,60 m,"4 km window centred 81.804817,28.4683",EPSG:32644,NA (streamed; not stored),NA,chip cloud/shadow fraction 0.0085; chip no-data fraction 0.0; scene cloud cover 6.0; sun elevation 31.42157915,displayed in figure,"epoch 1972; false colour (NIR-red-green): vegetation red, water dark; figure outputs/figures/karnali_79/imagery_timeseries/KAR-SET-020_lekabeshi_timeseries_1972_2026.png"
KAR-SET-020_1977,LM02_L1TP_154040_19770323_02_T2,USGS Landsat Collection 2,Public domain (USGS),1977-03-23,1977,landsat-2 / Planetary Computer landsat-c2-l1,60 m,"4 km window centred 81.804817,28.4683",EPSG:32644,NA (streamed; not stored),NA,chip cloud/shadow fraction 0.0; chip no-data fraction 0.0; scene cloud cover 2.0; sun elevation 44.22210613,displayed in figure,"epoch 1977; false colour (NIR-red-green): vegetation red, water dark; figure outputs/figures/karnali_79/imagery_timeseries/KAR-SET-020_lekabeshi_timeseries_1972_2026.png"
KAR-SET-020_1987,LT05_L2SP_143040_19871227_02_T1,USGS Landsat Collection 2,Public domain (USGS),1987-12-27,1987,landsat-5 / Planetary Computer landsat-c2-l2,30 m,"4 km window centred 81.804817,28.4683",EPSG:32644,NA (streamed; not stored),NA,chip cloud/shadow fraction 0.0141; chip no-data fraction 0.0; scene cloud cover 8.0; sun elevation 30.1816121,displayed in figure,epoch 1987; true colour; figure outputs/figures/karnali_79/imagery_timeseries/KAR-SET-020_lekabeshi_timeseries_1972_2026.png
KAR-SET-020_1992,LT05_L2SP_144040_19930305_02_T1,USGS Landsat Collection 2,Public domain (USGS),1993-03-05,1993,landsat-5 / Planetary Computer landsat-c2-l2,30 m,"4 km window centred 81.804817,28.4683",EPSG:32644,NA (streamed; not stored),NA,chip cloud/shadow fraction 0.0; chip no-data fraction 0.0; scene cloud cover 1.0; sun elevation 41.62447965,displayed in figure,epoch 1992; true colour; figure outputs/figures/karnali_79/imagery_timeseries/KAR-SET-020_lekabeshi_timeseries_1972_2026.png
KAR-SET-020_1997,LT05_L2SP_144040_19970228_02_T1,USGS Landsat Collection 2,Public domain (USGS),1997-02-28,1997,landsat-5 / Planetary Computer landsat-c2-l2,30 m,"4 km window centred 81.804817,28.4683",EPSG:32644,NA (streamed; not stored),NA,chip cloud/shadow fraction 0.0; chip no-data fraction 0.0; scene cloud cover 1.0; sun elevation 40.65361466,displayed in figure,epoch 1997; true colour; figure outputs/figures/karnali_79/imagery_timeseries/KAR-SET-020_lekabeshi_timeseries_1972_2026.png
KAR-SET-020_2002,LE07_L2SP_144040_20021101_02_T1,USGS Landsat Collection 2,Public domain (USGS),2002-11-01,2002,landsat-7 / Planetary Computer landsat-c2-l2,30 m,"4 km window centred 81.804817,28.4683",EPSG:32644,NA (streamed; not stored),NA,chip cloud/shadow fraction 0.0; chip no-data fraction 0.0; scene cloud cover 1.0; sun elevation 42.08208763,displayed in figure,epoch 2002; true colour; figure outputs/figures/karnali_79/imagery_timeseries/KAR-SET-020_lekabeshi_timeseries_1972_2026.png
KAR-SET-020_2007,LT05_L2SP_143040_20081102_02_T1,USGS Landsat Collection 2,Public domain (USGS),2008-11-02,2008,landsat-5 / Planetary Computer landsat-c2-l2,30 m,"4 km window centred 81.804817,28.4683",EPSG:32644,NA (streamed; not stored),NA,chip cloud/shadow fraction 0.0; chip no-data fraction 0.0; scene cloud cover 1.0; sun elevation 41.15988239,displayed in figure,epoch 2007; true colour; figure outputs/figures/karnali_79/imagery_timeseries/KAR-SET-020_lekabeshi_timeseries_1972_2026.png
KAR-SET-020_2012,LC08_L2SP_144040_20130413_02_T1,USGS Landsat Collection 2,Public domain (USGS),2013-04-13,2013,landsat-8 / Planetary Computer landsat-c2-l2,30 m,"4 km window centred 81.804817,28.4683",EPSG:32644,NA (streamed; not stored),NA,chip cloud/shadow fraction 0.0; chip no-data fraction 0.0; scene cloud cover 0.86; sun elevation 61.38406934,displayed in figure,epoch 2012; true colour; figure outputs/figures/karnali_79/imagery_timeseries/KAR-SET-020_lekabeshi_timeseries_1972_2026.png
KAR-SET-020_2017,S2A_MSIL2A_20170424T050651_R019_T44RNS_20210209T101115,ESA Copernicus Sentinel-2,"Copernicus Sentinel data terms (free, attribution)",2017-04-24,2017,Sentinel-2A / Planetary Computer sentinel-2-l2a,10 m,"4 km window centred 81.804817,28.4683",EPSG:32644,NA (streamed; not stored),NA,chip cloud/shadow fraction 0.0005; chip no-data fraction 0.0; scene cloud cover 0.045415; sun elevation None,displayed in figure,epoch 2017; true colour; figure outputs/figures/karnali_79/imagery_timeseries/KAR-SET-020_lekabeshi_timeseries_1972_2026.png
KAR-SET-020_2022,S2A_MSIL2A_20220408T050651_R019_T44RNS_20240524T030604,ESA Copernicus Sentinel-2,"Copernicus Sentinel data terms (free, attribution)",2022-04-08,2022,Sentinel-2A / Planetary Computer sentinel-2-l2a,10 m,"4 km window centred 81.804817,28.4683",EPSG:32644,NA (streamed; not stored),NA,chip cloud/shadow fraction 0.0; chip no-data fraction 0.0; scene cloud cover 0.000236; sun elevation None,displayed in figure,epoch 2022; true colour; figure outputs/figures/karnali_79/imagery_timeseries/KAR-SET-020_lekabeshi_timeseries_1972_2026.png
KAR-SET-020_2026,S2B_MSIL2A_20260303T050649_R019_T44RNS_20260303T091046,ESA Copernicus Sentinel-2,"Copernicus Sentinel data terms (free, attribution)",2026-03-03,2026,Sentinel-2B / Planetary Computer sentinel-2-l2a,10 m,"4 km window centred 81.804817,28.4683",EPSG:32644,NA (streamed; not stored),NA,chip cloud/shadow fraction 0.0; chip no-data fraction 0.0; scene cloud cover 3e-06; sun elevation None,displayed in figure,epoch 2026; true colour; figure outputs/figures/karnali_79/imagery_timeseries/KAR-SET-020_lekabeshi_timeseries_1972_2026.png
KAR-SET-021_1972,LM01_L1TP_154040_19730209_02_T2,USGS Landsat Collection 2,Public domain (USGS),1973-02-09,1973,landsat-1 / Planetary Computer landsat-c2-l1,60 m,"4 km window centred 81.854521,28.43824",EPSG:32644,NA (streamed; not stored),NA,chip cloud/shadow fraction 0.0; chip no-data fraction 0.0; scene cloud cover 13.0; sun elevation 36.11236311,displayed in figure,"epoch 1972; false colour (NIR-red-green): vegetation red, water dark; figure outputs/figures/karnali_79/imagery_timeseries/KAR-SET-021_gurbhakot_timeseries_1972_2026.png"
KAR-SET-021_1977,LM02_L1TP_154040_19770323_02_T2,USGS Landsat Collection 2,Public domain (USGS),1977-03-23,1977,landsat-2 / Planetary Computer landsat-c2-l1,60 m,"4 km window centred 81.854521,28.43824",EPSG:32644,NA (streamed; not stored),NA,chip cloud/shadow fraction 0.0; chip no-data fraction 0.0; scene cloud cover 2.0; sun elevation 44.22210613,displayed in figure,"epoch 1977; false colour (NIR-red-green): vegetation red, water dark; figure outputs/figures/karnali_79/imagery_timeseries/KAR-SET-021_gurbhakot_timeseries_1972_2026.png"
KAR-SET-021_1987,LT05_L2SP_143040_19880401_02_T1,USGS Landsat Collection 2,Public domain (USGS),1988-04-01,1988,landsat-5 / Planetary Computer landsat-c2-l2,30 m,"4 km window centred 81.854521,28.43824",EPSG:32644,NA (streamed; not stored),NA,chip cloud/shadow fraction 0.0; chip no-data fraction 0.0; scene cloud cover 4.0; sun elevation 52.01988744,displayed in figure,epoch 1987; true colour; figure outputs/figures/karnali_79/imagery_timeseries/KAR-SET-021_gurbhakot_timeseries_1972_2026.png
KAR-SET-021_1992,LT05_L2SP_143040_19921106_02_T1,USGS Landsat Collection 2,Public domain (USGS),1992-11-06,1992,landsat-5 / Planetary Computer landsat-c2-l2,30 m,"4 km window centred 81.854521,28.43824",EPSG:32644,NA (streamed; not stored),NA,chip cloud/shadow fraction 0.0; chip no-data fraction 0.0; scene cloud cover 3.0; sun elevation 37.5167245,displayed in figure,epoch 1992; true colour; figure outputs/figures/karnali_79/imagery_timeseries/KAR-SET-021_gurbhakot_timeseries_1972_2026.png
KAR-SET-021_1997,LT05_L2SP_144040_19970228_02_T1,USGS Landsat Collection 2,Public domain (USGS),1997-02-28,1997,landsat-5 / Planetary Computer landsat-c2-l2,30 m,"4 km window centred 81.854521,28.43824",EPSG:32644,NA (streamed; not stored),NA,chip cloud/shadow fraction 0.0; chip no-data fraction 0.0; scene cloud cover 1.0; sun elevation 40.65361466,displayed in figure,epoch 1997; true colour; figure outputs/figures/karnali_79/imagery_timeseries/KAR-SET-021_gurbhakot_timeseries_1972_2026.png
KAR-SET-021_2002,LE07_L2SP_143040_20021025_02_T1,USGS Landsat Collection 2,Public domain (USGS),2002-10-25,2002,landsat-7 / Planetary Computer landsat-c2-l2,30 m,"4 km window centred 81.854521,28.43824",EPSG:32644,NA (streamed; not stored),NA,chip cloud/shadow fraction 0.0; chip no-data fraction 0.0; scene cloud cover 3.0; sun elevation 44.11022116,displayed in figure,epoch 2002; true colour; figure outputs/figures/karnali_79/imagery_timeseries/KAR-SET-021_gurbhakot_timeseries_1972_2026.png
KAR-SET-021_2007,LT05_L2SP_143040_20081102_02_T1,USGS Landsat Collection 2,Public domain (USGS),2008-11-02,2008,landsat-5 / Planetary Computer landsat-c2-l2,30 m,"4 km window centred 81.854521,28.43824",EPSG:32644,NA (streamed; not stored),NA,chip cloud/shadow fraction 0.0; chip no-data fraction 0.0; scene cloud cover 1.0; sun elevation 41.15988239,displayed in figure,epoch 2007; true colour; figure outputs/figures/karnali_79/imagery_timeseries/KAR-SET-021_gurbhakot_timeseries_1972_2026.png
KAR-SET-021_2012,LT05_L2SP_144040_20110323_02_T1,USGS Landsat Collection 2,Public domain (USGS),2011-03-23,2011,landsat-5 / Planetary Computer landsat-c2-l2,30 m,"4 km window centred 81.854521,28.43824",EPSG:32644,NA (streamed; not stored),NA,chip cloud/shadow fraction 0.0; chip no-data fraction 0.0008; scene cloud cover 0.0; sun elevation 52.21231581,displayed in figure,epoch 2012; true colour; figure outputs/figures/karnali_79/imagery_timeseries/KAR-SET-021_gurbhakot_timeseries_1972_2026.png
KAR-SET-021_2017,S2A_MSIL2A_20170424T050651_R019_T44RNS_20210209T101115,ESA Copernicus Sentinel-2,"Copernicus Sentinel data terms (free, attribution)",2017-04-24,2017,Sentinel-2A / Planetary Computer sentinel-2-l2a,10 m,"4 km window centred 81.854521,28.43824",EPSG:32644,NA (streamed; not stored),NA,chip cloud/shadow fraction 0.0001; chip no-data fraction 0.0; scene cloud cover 0.045415; sun elevation None,displayed in figure,epoch 2017; true colour; figure outputs/figures/karnali_79/imagery_timeseries/KAR-SET-021_gurbhakot_timeseries_1972_2026.png
KAR-SET-021_2022,S2A_MSIL2A_20220408T050651_R019_T44RNS_20240524T030604,ESA Copernicus Sentinel-2,"Copernicus Sentinel data terms (free, attribution)",2022-04-08,2022,Sentinel-2A / Planetary Computer sentinel-2-l2a,10 m,"4 km window centred 81.854521,28.43824",EPSG:32644,NA (streamed; not stored),NA,chip cloud/shadow fraction 0.0; chip no-data fraction 0.0; scene cloud cover 0.000236; sun elevation None,displayed in figure,epoch 2022; true colour; figure outputs/figures/karnali_79/imagery_timeseries/KAR-SET-021_gurbhakot_timeseries_1972_2026.png
KAR-SET-021_2026,S2B_MSIL2A_20260303T050649_R019_T44RNS_20260303T091046,ESA Copernicus Sentinel-2,"Copernicus Sentinel data terms (free, attribution)",2026-03-03,2026,Sentinel-2B / Planetary Computer sentinel-2-l2a,10 m,"4 km window centred 81.854521,28.43824",EPSG:32644,NA (streamed; not stored),NA,chip cloud/shadow fraction 0.0; chip no-data fraction 0.0; scene cloud cover 3e-06; sun elevation None,displayed in figure,epoch 2026; true colour; figure outputs/figures/karnali_79/imagery_timeseries/KAR-SET-021_gurbhakot_timeseries_1972_2026.png
KAR-SET-022_1972,LM01_L1GS_154040_19721111_02_T2,USGS Landsat Collection 2,Public domain (USGS),1972-11-11,1972,landsat-1 / Planetary Computer landsat-c2-l1,60 m,"4 km window centred 81.322017,28.837962",EPSG:32644,NA (streamed; not stored),NA,chip cloud/shadow fraction 0.0392; chip no-data fraction 0.0; scene cloud cover 8.0; sun elevation 37.75830491,displayed in figure,"epoch 1972; false colour (NIR-red-green): vegetation red, water dark; figure outputs/figures/karnali_79/imagery_timeseries/KAR-SET-022_chaukune_timeseries_1972_2026.png"
KAR-SET-022_1977,LM02_L1TP_155040_19770324_02_T2,USGS Landsat Collection 2,Public domain (USGS),1977-03-24,1977,landsat-2 / Planetary Computer landsat-c2-l1,60 m,"4 km window centred 81.322017,28.837962",EPSG:32644,NA (streamed; not stored),NA,chip cloud/shadow fraction 0.0; chip no-data fraction 0.0; scene cloud cover 0.0; sun elevation 44.57905385,displayed in figure,"epoch 1977; false colour (NIR-red-green): vegetation red, water dark; figure outputs/figures/karnali_79/imagery_timeseries/KAR-SET-022_chaukune_timeseries_1972_2026.png"
KAR-SET-022_1987,LT05_L2SP_144040_19890411_02_T1,USGS Landsat Collection 2,Public domain (USGS),1989-04-11,1989,landsat-5 / Planetary Computer landsat-c2-l2,30 m,"4 km window centred 81.322017,28.837962",EPSG:32644,NA (streamed; not stored),NA,chip cloud/shadow fraction 0.0; chip no-data fraction 0.0; scene cloud cover 1.0; sun elevation 54.75653353,displayed in figure,epoch 1987; true colour; figure outputs/figures/karnali_79/imagery_timeseries/KAR-SET-022_chaukune_timeseries_1972_2026.png
KAR-SET-022_1992,LT05_L2SP_144040_19921028_02_T1,USGS Landsat Collection 2,Public domain (USGS),1992-10-28,1992,landsat-5 / Planetary Computer landsat-c2-l2,30 m,"4 km window centred 81.322017,28.837962",EPSG:32644,NA (streamed; not stored),NA,chip cloud/shadow fraction 0.0; chip no-data fraction 0.0; scene cloud cover 1.0; sun elevation 39.94137675,displayed in figure,epoch 1992; true colour; figure outputs/figures/karnali_79/imagery_timeseries/KAR-SET-022_chaukune_timeseries_1972_2026.png
KAR-SET-022_1997,LT05_L2SP_144040_19970228_02_T1,USGS Landsat Collection 2,Public domain (USGS),1997-02-28,1997,landsat-5 / Planetary Computer landsat-c2-l2,30 m,"4 km window centred 81.322017,28.837962",EPSG:32644,NA (streamed; not stored),NA,chip cloud/shadow fraction 0.0; chip no-data fraction 0.0; scene cloud cover 1.0; sun elevation 40.65361466,displayed in figure,epoch 1997; true colour; figure outputs/figures/karnali_79/imagery_timeseries/KAR-SET-022_chaukune_timeseries_1972_2026.png
KAR-SET-022_2002,LE07_L2SP_144040_20021101_02_T1,USGS Landsat Collection 2,Public domain (USGS),2002-11-01,2002,landsat-7 / Planetary Computer landsat-c2-l2,30 m,"4 km window centred 81.322017,28.837962",EPSG:32644,NA (streamed; not stored),NA,chip cloud/shadow fraction 0.0; chip no-data fraction 0.0; scene cloud cover 1.0; sun elevation 42.08208763,displayed in figure,epoch 2002; true colour; figure outputs/figures/karnali_79/imagery_timeseries/KAR-SET-022_chaukune_timeseries_1972_2026.png
KAR-SET-022_2007,LT05_L2SP_144040_20090418_02_T1,USGS Landsat Collection 2,Public domain (USGS),2009-04-18,2009,landsat-5 / Planetary Computer landsat-c2-l2,30 m,"4 km window centred 81.322017,28.837962",EPSG:32644,NA (streamed; not stored),NA,chip cloud/shadow fraction 0.0; chip no-data fraction 0.0; scene cloud cover 0.0; sun elevation 60.22317928,displayed in figure,epoch 2007; true colour; figure outputs/figures/karnali_79/imagery_timeseries/KAR-SET-022_chaukune_timeseries_1972_2026.png
KAR-SET-022_2012,LC08_L2SP_144040_20130413_02_T1,USGS Landsat Collection 2,Public domain (USGS),2013-04-13,2013,landsat-8 / Planetary Computer landsat-c2-l2,30 m,"4 km window centred 81.322017,28.837962",EPSG:32644,NA (streamed; not stored),NA,chip cloud/shadow fraction 0.0; chip no-data fraction 0.0; scene cloud cover 0.86; sun elevation 61.38406934,displayed in figure,epoch 2012; true colour; figure outputs/figures/karnali_79/imagery_timeseries/KAR-SET-022_chaukune_timeseries_1972_2026.png
KAR-SET-022_2017,S2A_MSIL2A_20170424T050651_R019_T44RNS_20210209T101115,ESA Copernicus Sentinel-2,"Copernicus Sentinel data terms (free, attribution)",2017-04-24,2017,Sentinel-2A / Planetary Computer sentinel-2-l2a,10 m,"4 km window centred 81.322017,28.837962",EPSG:32644,NA (streamed; not stored),NA,chip cloud/shadow fraction 0.0; chip no-data fraction 0.0; scene cloud cover 0.045415; sun elevation None,displayed in figure,epoch 2017; true colour; figure outputs/figures/karnali_79/imagery_timeseries/KAR-SET-022_chaukune_timeseries_1972_2026.png
KAR-SET-022_2022,S2A_MSIL2A_20220408T050651_R019_T44RNS_20240524T030604,ESA Copernicus Sentinel-2,"Copernicus Sentinel data terms (free, attribution)",2022-04-08,2022,Sentinel-2A / Planetary Computer sentinel-2-l2a,10 m,"4 km window centred 81.322017,28.837962",EPSG:32644,NA (streamed; not stored),NA,chip cloud/shadow fraction 0.0; chip no-data fraction 0.0; scene cloud cover 0.000236; sun elevation None,displayed in figure,epoch 2022; true colour; figure outputs/figures/karnali_79/imagery_timeseries/KAR-SET-022_chaukune_timeseries_1972_2026.png
KAR-SET-022_2026,S2B_MSIL2A_20260303T050649_R019_T44RNS_20260303T091046,ESA Copernicus Sentinel-2,"Copernicus Sentinel data terms (free, attribution)",2026-03-03,2026,Sentinel-2B / Planetary Computer sentinel-2-l2a,10 m,"4 km window centred 81.322017,28.837962",EPSG:32644,NA (streamed; not stored),NA,chip cloud/shadow fraction 0.0; chip no-data fraction 0.0; scene cloud cover 3e-06; sun elevation None,displayed in figure,epoch 2026; true colour; figure outputs/figures/karnali_79/imagery_timeseries/KAR-SET-022_chaukune_timeseries_1972_2026.png
KAR-SET-023_1972,LM01_L1TP_155040_19721130_02_T2,USGS Landsat Collection 2,Public domain (USGS),1972-11-30,1972,landsat-1 / Planetary Computer landsat-c2-l1,60 m,"4 km window centred 81.505161,28.71474",EPSG:32644,NA (streamed; not stored),NA,chip cloud/shadow fraction 0.0; chip no-data fraction 0.0; scene cloud cover 1.0; sun elevation 33.49290941,displayed in figure,"epoch 1972; false colour (NIR-red-green): vegetation red, water dark; figure outputs/figures/karnali_79/imagery_timeseries/KAR-SET-023_barahatal_timeseries_1972_2026.png"
KAR-SET-023_1977,LM02_L1TP_154040_19761030_02_T2,USGS Landsat Collection 2,Public domain (USGS),1976-10-30,1976,landsat-2 / Planetary Computer landsat-c2-l1,60 m,"4 km window centred 81.505161,28.71474",EPSG:32644,NA (streamed; not stored),NA,chip cloud/shadow fraction 0.0; chip no-data fraction 0.0; scene cloud cover 1.0; sun elevation 38.04275564,displayed in figure,"epoch 1977; false colour (NIR-red-green): vegetation red, water dark; figure outputs/figures/karnali_79/imagery_timeseries/KAR-SET-023_barahatal_timeseries_1972_2026.png"
KAR-SET-023_1987,LT05_L2SP_144040_19890411_02_T1,USGS Landsat Collection 2,Public domain (USGS),1989-04-11,1989,landsat-5 / Planetary Computer landsat-c2-l2,30 m,"4 km window centred 81.505161,28.71474",EPSG:32644,NA (streamed; not stored),NA,chip cloud/shadow fraction 0.0; chip no-data fraction 0.0; scene cloud cover 1.0; sun elevation 54.75653353,displayed in figure,epoch 1987; true colour; figure outputs/figures/karnali_79/imagery_timeseries/KAR-SET-023_barahatal_timeseries_1972_2026.png
KAR-SET-023_1992,LT05_L2SP_144040_19921028_02_T1,USGS Landsat Collection 2,Public domain (USGS),1992-10-28,1992,landsat-5 / Planetary Computer landsat-c2-l2,30 m,"4 km window centred 81.505161,28.71474",EPSG:32644,NA (streamed; not stored),NA,chip cloud/shadow fraction 0.0; chip no-data fraction 0.0; scene cloud cover 1.0; sun elevation 39.94137675,displayed in figure,epoch 1992; true colour; figure outputs/figures/karnali_79/imagery_timeseries/KAR-SET-023_barahatal_timeseries_1972_2026.png
KAR-SET-023_1997,LT05_L2SP_144040_19970228_02_T1,USGS Landsat Collection 2,Public domain (USGS),1997-02-28,1997,landsat-5 / Planetary Computer landsat-c2-l2,30 m,"4 km window centred 81.505161,28.71474",EPSG:32644,NA (streamed; not stored),NA,chip cloud/shadow fraction 0.0; chip no-data fraction 0.0; scene cloud cover 1.0; sun elevation 40.65361466,displayed in figure,epoch 1997; true colour; figure outputs/figures/karnali_79/imagery_timeseries/KAR-SET-023_barahatal_timeseries_1972_2026.png
KAR-SET-023_2002,LE07_L2SP_144040_20021101_02_T1,USGS Landsat Collection 2,Public domain (USGS),2002-11-01,2002,landsat-7 / Planetary Computer landsat-c2-l2,30 m,"4 km window centred 81.505161,28.71474",EPSG:32644,NA (streamed; not stored),NA,chip cloud/shadow fraction 0.0; chip no-data fraction 0.0; scene cloud cover 1.0; sun elevation 42.08208763,displayed in figure,epoch 2002; true colour; figure outputs/figures/karnali_79/imagery_timeseries/KAR-SET-023_barahatal_timeseries_1972_2026.png
KAR-SET-023_2007,LT05_L2SP_143040_20081102_02_T1,USGS Landsat Collection 2,Public domain (USGS),2008-11-02,2008,landsat-5 / Planetary Computer landsat-c2-l2,30 m,"4 km window centred 81.505161,28.71474",EPSG:32644,NA (streamed; not stored),NA,chip cloud/shadow fraction 0.0; chip no-data fraction 0.0; scene cloud cover 1.0; sun elevation 41.15988239,displayed in figure,epoch 2007; true colour; figure outputs/figures/karnali_79/imagery_timeseries/KAR-SET-023_barahatal_timeseries_1972_2026.png
KAR-SET-023_2012,LC08_L2SP_144040_20130413_02_T1,USGS Landsat Collection 2,Public domain (USGS),2013-04-13,2013,landsat-8 / Planetary Computer landsat-c2-l2,30 m,"4 km window centred 81.505161,28.71474",EPSG:32644,NA (streamed; not stored),NA,chip cloud/shadow fraction 0.0; chip no-data fraction 0.0; scene cloud cover 0.86; sun elevation 61.38406934,displayed in figure,epoch 2012; true colour; figure outputs/figures/karnali_79/imagery_timeseries/KAR-SET-023_barahatal_timeseries_1972_2026.png
KAR-SET-023_2017,S2A_MSIL2A_20170424T050651_R019_T44RNS_20210209T101115,ESA Copernicus Sentinel-2,"Copernicus Sentinel data terms (free, attribution)",2017-04-24,2017,Sentinel-2A / Planetary Computer sentinel-2-l2a,10 m,"4 km window centred 81.505161,28.71474",EPSG:32644,NA (streamed; not stored),NA,chip cloud/shadow fraction 0.0; chip no-data fraction 0.0; scene cloud cover 0.045415; sun elevation None,displayed in figure,epoch 2017; true colour; figure outputs/figures/karnali_79/imagery_timeseries/KAR-SET-023_barahatal_timeseries_1972_2026.png
KAR-SET-023_2022,S2A_MSIL2A_20220408T050651_R019_T44RNS_20240524T030604,ESA Copernicus Sentinel-2,"Copernicus Sentinel data terms (free, attribution)",2022-04-08,2022,Sentinel-2A / Planetary Computer sentinel-2-l2a,10 m,"4 km window centred 81.505161,28.71474",EPSG:32644,NA (streamed; not stored),NA,chip cloud/shadow fraction 0.0; chip no-data fraction 0.0; scene cloud cover 0.000236; sun elevation None,displayed in figure,epoch 2022; true colour; figure outputs/figures/karnali_79/imagery_timeseries/KAR-SET-023_barahatal_timeseries_1972_2026.png
KAR-SET-023_2026,S2B_MSIL2A_20260303T050649_R019_T44RNS_20260303T091046,ESA Copernicus Sentinel-2,"Copernicus Sentinel data terms (free, attribution)",2026-03-03,2026,Sentinel-2B / Planetary Computer sentinel-2-l2a,10 m,"4 km window centred 81.505161,28.71474",EPSG:32644,NA (streamed; not stored),NA,chip cloud/shadow fraction 0.0; chip no-data fraction 0.0; scene cloud cover 3e-06; sun elevation None,displayed in figure,epoch 2026; true colour; figure outputs/figures/karnali_79/imagery_timeseries/KAR-SET-023_barahatal_timeseries_1972_2026.png
KAR-SET-024_1972,LM01_L1TP_154040_19721217_02_T2,USGS Landsat Collection 2,Public domain (USGS),1972-12-17,1972,landsat-1 / Planetary Computer landsat-c2-l1,60 m,"4 km window centred 81.838618,28.627858",EPSG:32644,NA (streamed; not stored),NA,chip cloud/shadow fraction 0.0; chip no-data fraction 0.0; scene cloud cover 6.0; sun elevation 31.42157915,displayed in figure,"epoch 1972; false colour (NIR-red-green): vegetation red, water dark; figure outputs/figures/karnali_79/imagery_timeseries/KAR-SET-024_chingad_timeseries_1972_2026.png"
KAR-SET-024_1977,LM02_L1TP_154040_19770323_02_T2,USGS Landsat Collection 2,Public domain (USGS),1977-03-23,1977,landsat-2 / Planetary Computer landsat-c2-l1,60 m,"4 km window centred 81.838618,28.627858",EPSG:32644,NA (streamed; not stored),NA,chip cloud/shadow fraction 0.0; chip no-data fraction 0.0; scene cloud cover 2.0; sun elevation 44.22210613,displayed in figure,"epoch 1977; false colour (NIR-red-green): vegetation red, water dark; figure outputs/figures/karnali_79/imagery_timeseries/KAR-SET-024_chingad_timeseries_1972_2026.png"
KAR-SET-024_1987,LT05_L2SP_143040_19871227_02_T1,USGS Landsat Collection 2,Public domain (USGS),1987-12-27,1987,landsat-5 / Planetary Computer landsat-c2-l2,30 m,"4 km window centred 81.838618,28.627858",EPSG:32644,NA (streamed; not stored),NA,chip cloud/shadow fraction 0.0; chip no-data fraction 0.0; scene cloud cover 8.0; sun elevation 30.1816121,displayed in figure,epoch 1987; true colour; figure outputs/figures/karnali_79/imagery_timeseries/KAR-SET-024_chingad_timeseries_1972_2026.png
KAR-SET-024_1992,LT05_L2SP_144040_19921215_02_T1,USGS Landsat Collection 2,Public domain (USGS),1992-12-15,1992,landsat-5 / Planetary Computer landsat-c2-l2,30 m,"4 km window centred 81.838618,28.627858",EPSG:32644,NA (streamed; not stored),NA,chip cloud/shadow fraction 0.0; chip no-data fraction 0.0181; scene cloud cover 1.0; sun elevation 29.96770178,displayed in figure,epoch 1992; true colour; figure outputs/figures/karnali_79/imagery_timeseries/KAR-SET-024_chingad_timeseries_1972_2026.png
KAR-SET-024_1997,LT05_L2SP_144040_19970228_02_T1,USGS Landsat Collection 2,Public domain (USGS),1997-02-28,1997,landsat-5 / Planetary Computer landsat-c2-l2,30 m,"4 km window centred 81.838618,28.627858",EPSG:32644,NA (streamed; not stored),NA,chip cloud/shadow fraction 0.0; chip no-data fraction 0.0; scene cloud cover 1.0; sun elevation 40.65361466,displayed in figure,epoch 1997; true colour; figure outputs/figures/karnali_79/imagery_timeseries/KAR-SET-024_chingad_timeseries_1972_2026.png
KAR-SET-024_2002,LE07_L2SP_144040_20021101_02_T1,USGS Landsat Collection 2,Public domain (USGS),2002-11-01,2002,landsat-7 / Planetary Computer landsat-c2-l2,30 m,"4 km window centred 81.838618,28.627858",EPSG:32644,NA (streamed; not stored),NA,chip cloud/shadow fraction 0.0; chip no-data fraction 0.0; scene cloud cover 1.0; sun elevation 42.08208763,displayed in figure,epoch 2002; true colour; figure outputs/figures/karnali_79/imagery_timeseries/KAR-SET-024_chingad_timeseries_1972_2026.png
KAR-SET-024_2007,LT05_L2SP_143040_20081102_02_T1,USGS Landsat Collection 2,Public domain (USGS),2008-11-02,2008,landsat-5 / Planetary Computer landsat-c2-l2,30 m,"4 km window centred 81.838618,28.627858",EPSG:32644,NA (streamed; not stored),NA,chip cloud/shadow fraction 0.0; chip no-data fraction 0.0; scene cloud cover 1.0; sun elevation 41.15988239,displayed in figure,epoch 2007; true colour; figure outputs/figures/karnali_79/imagery_timeseries/KAR-SET-024_chingad_timeseries_1972_2026.png
KAR-SET-024_2012,LC08_L2SP_144040_20130413_02_T1,USGS Landsat Collection 2,Public domain (USGS),2013-04-13,2013,landsat-8 / Planetary Computer landsat-c2-l2,30 m,"4 km window centred 81.838618,28.627858",EPSG:32644,NA (streamed; not stored),NA,chip cloud/shadow fraction 0.0; chip no-data fraction 0.0; scene cloud cover 0.86; sun elevation 61.38406934,displayed in figure,epoch 2012; true colour; figure outputs/figures/karnali_79/imagery_timeseries/KAR-SET-024_chingad_timeseries_1972_2026.png
KAR-SET-024_2017,S2A_MSIL2A_20170424T050651_R019_T44RNS_20210209T101115,ESA Copernicus Sentinel-2,"Copernicus Sentinel data terms (free, attribution)",2017-04-24,2017,Sentinel-2A / Planetary Computer sentinel-2-l2a,10 m,"4 km window centred 81.838618,28.627858",EPSG:32644,NA (streamed; not stored),NA,chip cloud/shadow fraction 0.0; chip no-data fraction 0.0; scene cloud cover 0.045415; sun elevation None,displayed in figure,epoch 2017; true colour; figure outputs/figures/karnali_79/imagery_timeseries/KAR-SET-024_chingad_timeseries_1972_2026.png
KAR-SET-024_2022,S2A_MSIL2A_20220408T050651_R019_T44RNS_20240524T030604,ESA Copernicus Sentinel-2,"Copernicus Sentinel data terms (free, attribution)",2022-04-08,2022,Sentinel-2A / Planetary Computer sentinel-2-l2a,10 m,"4 km window centred 81.838618,28.627858",EPSG:32644,NA (streamed; not stored),NA,chip cloud/shadow fraction 0.0; chip no-data fraction 0.0; scene cloud cover 0.000236; sun elevation None,displayed in figure,epoch 2022; true colour; figure outputs/figures/karnali_79/imagery_timeseries/KAR-SET-024_chingad_timeseries_1972_2026.png
KAR-SET-024_2026,S2B_MSIL2A_20260303T050649_R019_T44RNS_20260303T091046,ESA Copernicus Sentinel-2,"Copernicus Sentinel data terms (free, attribution)",2026-03-03,2026,Sentinel-2B / Planetary Computer sentinel-2-l2a,10 m,"4 km window centred 81.838618,28.627858",EPSG:32644,NA (streamed; not stored),NA,chip cloud/shadow fraction 0.0; chip no-data fraction 0.0; scene cloud cover 3e-06; sun elevation None,displayed in figure,epoch 2026; true colour; figure outputs/figures/karnali_79/imagery_timeseries/KAR-SET-024_chingad_timeseries_1972_2026.png
KAR-SET-025_1972,LM01_L1TP_154040_19721217_02_T2,USGS Landsat Collection 2,Public domain (USGS),1972-12-17,1972,landsat-1 / Planetary Computer landsat-c2-l1,60 m,"4 km window centred 82.021079,28.520892",EPSG:32644,NA (streamed; not stored),NA,chip cloud/shadow fraction 0.0; chip no-data fraction 0.0; scene cloud cover 6.0; sun elevation 31.42157915,displayed in figure,"epoch 1972; false colour (NIR-red-green): vegetation red, water dark; figure outputs/figures/karnali_79/imagery_timeseries/KAR-SET-025_simta_timeseries_1972_2026.png"
KAR-SET-025_1977,LM02_L1TP_154040_19770323_02_T2,USGS Landsat Collection 2,Public domain (USGS),1977-03-23,1977,landsat-2 / Planetary Computer landsat-c2-l1,60 m,"4 km window centred 82.021079,28.520892",EPSG:32644,NA (streamed; not stored),NA,chip cloud/shadow fraction 0.0; chip no-data fraction 0.0; scene cloud cover 2.0; sun elevation 44.22210613,displayed in figure,"epoch 1977; false colour (NIR-red-green): vegetation red, water dark; figure outputs/figures/karnali_79/imagery_timeseries/KAR-SET-025_simta_timeseries_1972_2026.png"
KAR-SET-025_1987,LT05_L2SP_143040_19871227_02_T1,USGS Landsat Collection 2,Public domain (USGS),1987-12-27,1987,landsat-5 / Planetary Computer landsat-c2-l2,30 m,"4 km window centred 82.021079,28.520892",EPSG:32644,NA (streamed; not stored),NA,chip cloud/shadow fraction 0.0; chip no-data fraction 0.0; scene cloud cover 8.0; sun elevation 30.1816121,displayed in figure,epoch 1987; true colour; figure outputs/figures/karnali_79/imagery_timeseries/KAR-SET-025_simta_timeseries_1972_2026.png
KAR-SET-025_1992,LT05_L2SP_143040_19921106_02_T1,USGS Landsat Collection 2,Public domain (USGS),1992-11-06,1992,landsat-5 / Planetary Computer landsat-c2-l2,30 m,"4 km window centred 82.021079,28.520892",EPSG:32644,NA (streamed; not stored),NA,chip cloud/shadow fraction 0.0; chip no-data fraction 0.0; scene cloud cover 3.0; sun elevation 37.5167245,displayed in figure,epoch 1992; true colour; figure outputs/figures/karnali_79/imagery_timeseries/KAR-SET-025_simta_timeseries_1972_2026.png
KAR-SET-025_1997,LT05_L2SP_143040_19970309_02_T1,USGS Landsat Collection 2,Public domain (USGS),1997-03-09,1997,landsat-5 / Planetary Computer landsat-c2-l2,30 m,"4 km window centred 82.021079,28.520892",EPSG:32644,NA (streamed; not stored),NA,chip cloud/shadow fraction 0.0001; chip no-data fraction 0.0; scene cloud cover 4.0; sun elevation 43.65029989,displayed in figure,epoch 1997; true colour; figure outputs/figures/karnali_79/imagery_timeseries/KAR-SET-025_simta_timeseries_1972_2026.png
KAR-SET-025_2002,LE07_L2SP_143040_20021025_02_T1,USGS Landsat Collection 2,Public domain (USGS),2002-10-25,2002,landsat-7 / Planetary Computer landsat-c2-l2,30 m,"4 km window centred 82.021079,28.520892",EPSG:32644,NA (streamed; not stored),NA,chip cloud/shadow fraction 0.0; chip no-data fraction 0.0; scene cloud cover 3.0; sun elevation 44.11022116,displayed in figure,epoch 2002; true colour; figure outputs/figures/karnali_79/imagery_timeseries/KAR-SET-025_simta_timeseries_1972_2026.png
KAR-SET-025_2007,LT05_L2SP_143040_20080424_02_T1,USGS Landsat Collection 2,Public domain (USGS),2008-04-24,2008,landsat-5 / Planetary Computer landsat-c2-l2,30 m,"4 km window centred 82.021079,28.520892",EPSG:32644,NA (streamed; not stored),NA,chip cloud/shadow fraction 0.0; chip no-data fraction 0.0; scene cloud cover 3.0; sun elevation 62.11450463,displayed in figure,epoch 2007; true colour; figure outputs/figures/karnali_79/imagery_timeseries/KAR-SET-025_simta_timeseries_1972_2026.png
KAR-SET-025_2012,LC08_L2SP_143040_20131031_02_T1,USGS Landsat Collection 2,Public domain (USGS),2013-10-31,2013,landsat-8 / Planetary Computer landsat-c2-l2,30 m,"4 km window centred 82.021079,28.520892",EPSG:32644,NA (streamed; not stored),NA,chip cloud/shadow fraction 0.0; chip no-data fraction 0.0; scene cloud cover 4.08; sun elevation 43.65090666,displayed in figure,epoch 2012; true colour; figure outputs/figures/karnali_79/imagery_timeseries/KAR-SET-025_simta_timeseries_1972_2026.png
KAR-SET-025_2017,S2A_MSIL2A_20170424T050651_R019_T44RNS_20210209T101115,ESA Copernicus Sentinel-2,"Copernicus Sentinel data terms (free, attribution)",2017-04-24,2017,Sentinel-2A / Planetary Computer sentinel-2-l2a,10 m,"4 km window centred 82.021079,28.520892",EPSG:32644,NA (streamed; not stored),NA,chip cloud/shadow fraction 0.0018; chip no-data fraction 0.0; scene cloud cover 0.045415; sun elevation None,displayed in figure,epoch 2017; true colour; figure outputs/figures/karnali_79/imagery_timeseries/KAR-SET-025_simta_timeseries_1972_2026.png
KAR-SET-025_2022,S2A_MSIL2A_20220408T050651_R019_T44RNS_20240524T030604,ESA Copernicus Sentinel-2,"Copernicus Sentinel data terms (free, attribution)",2022-04-08,2022,Sentinel-2A / Planetary Computer sentinel-2-l2a,10 m,"4 km window centred 82.021079,28.520892",EPSG:32644,NA (streamed; not stored),NA,chip cloud/shadow fraction 0.0; chip no-data fraction 0.0; scene cloud cover 0.000236; sun elevation None,displayed in figure,epoch 2022; true colour; figure outputs/figures/karnali_79/imagery_timeseries/KAR-SET-025_simta_timeseries_1972_2026.png
KAR-SET-025_2026,S2B_MSIL2A_20260303T050649_R019_T44RNS_20260303T091046,ESA Copernicus Sentinel-2,"Copernicus Sentinel data terms (free, attribution)",2026-03-03,2026,Sentinel-2B / Planetary Computer sentinel-2-l2a,10 m,"4 km window centred 82.021079,28.520892",EPSG:32644,NA (streamed; not stored),NA,chip cloud/shadow fraction 0.0; chip no-data fraction 0.0; scene cloud cover 3e-06; sun elevation None,displayed in figure,epoch 2026; true colour; figure outputs/figures/karnali_79/imagery_timeseries/KAR-SET-025_simta_timeseries_1972_2026.png
KAR-SET-026_1972,LM01_L1TP_154040_19721217_02_T2,USGS Landsat Collection 2,Public domain (USGS),1972-12-17,1972,landsat-1 / Planetary Computer landsat-c2-l1,60 m,"4 km window centred 82.048368,28.755486",EPSG:32644,NA (streamed; not stored),NA,chip cloud/shadow fraction 0.0; chip no-data fraction 0.0; scene cloud cover 6.0; sun elevation 31.42157915,displayed in figure,"epoch 1972; false colour (NIR-red-green): vegetation red, water dark; figure outputs/figures/karnali_79/imagery_timeseries/KAR-SET-026_chhedagad_timeseries_1972_2026.png"
KAR-SET-026_1977,LM02_L1TP_154040_19770323_02_T2,USGS Landsat Collection 2,Public domain (USGS),1977-03-23,1977,landsat-2 / Planetary Computer landsat-c2-l1,60 m,"4 km window centred 82.048368,28.755486",EPSG:32644,NA (streamed; not stored),NA,chip cloud/shadow fraction 0.0; chip no-data fraction 0.0; scene cloud cover 2.0; sun elevation 44.22210613,displayed in figure,"epoch 1977; false colour (NIR-red-green): vegetation red, water dark; figure outputs/figures/karnali_79/imagery_timeseries/KAR-SET-026_chhedagad_timeseries_1972_2026.png"
KAR-SET-026_1987,LT05_L2SP_143040_19871227_02_T1,USGS Landsat Collection 2,Public domain (USGS),1987-12-27,1987,landsat-5 / Planetary Computer landsat-c2-l2,30 m,"4 km window centred 82.048368,28.755486",EPSG:32644,NA (streamed; not stored),NA,chip cloud/shadow fraction 0.0; chip no-data fraction 0.0; scene cloud cover 8.0; sun elevation 30.1816121,displayed in figure,epoch 1987; true colour; figure outputs/figures/karnali_79/imagery_timeseries/KAR-SET-026_chhedagad_timeseries_1972_2026.png
KAR-SET-026_1992,LT05_L2SP_143040_19921106_02_T1,USGS Landsat Collection 2,Public domain (USGS),1992-11-06,1992,landsat-5 / Planetary Computer landsat-c2-l2,30 m,"4 km window centred 82.048368,28.755486",EPSG:32644,NA (streamed; not stored),NA,chip cloud/shadow fraction 0.0; chip no-data fraction 0.0; scene cloud cover 3.0; sun elevation 37.5167245,displayed in figure,epoch 1992; true colour; figure outputs/figures/karnali_79/imagery_timeseries/KAR-SET-026_chhedagad_timeseries_1972_2026.png
KAR-SET-026_1997,LT05_L2SP_143040_19970309_02_T1,USGS Landsat Collection 2,Public domain (USGS),1997-03-09,1997,landsat-5 / Planetary Computer landsat-c2-l2,30 m,"4 km window centred 82.048368,28.755486",EPSG:32644,NA (streamed; not stored),NA,chip cloud/shadow fraction 0.0; chip no-data fraction 0.0; scene cloud cover 4.0; sun elevation 43.65029989,displayed in figure,epoch 1997; true colour; figure outputs/figures/karnali_79/imagery_timeseries/KAR-SET-026_chhedagad_timeseries_1972_2026.png
KAR-SET-026_2002,LE07_L2SP_143040_20021025_02_T1,USGS Landsat Collection 2,Public domain (USGS),2002-10-25,2002,landsat-7 / Planetary Computer landsat-c2-l2,30 m,"4 km window centred 82.048368,28.755486",EPSG:32644,NA (streamed; not stored),NA,chip cloud/shadow fraction 0.0; chip no-data fraction 0.0; scene cloud cover 3.0; sun elevation 44.11022116,displayed in figure,epoch 2002; true colour; figure outputs/figures/karnali_79/imagery_timeseries/KAR-SET-026_chhedagad_timeseries_1972_2026.png
KAR-SET-026_2007,LT05_L2SP_143040_20080424_02_T1,USGS Landsat Collection 2,Public domain (USGS),2008-04-24,2008,landsat-5 / Planetary Computer landsat-c2-l2,30 m,"4 km window centred 82.048368,28.755486",EPSG:32644,NA (streamed; not stored),NA,chip cloud/shadow fraction 0.0; chip no-data fraction 0.0; scene cloud cover 3.0; sun elevation 62.11450463,displayed in figure,epoch 2007; true colour; figure outputs/figures/karnali_79/imagery_timeseries/KAR-SET-026_chhedagad_timeseries_1972_2026.png
KAR-SET-026_2012,LC08_L2SP_143040_20131031_02_T1,USGS Landsat Collection 2,Public domain (USGS),2013-10-31,2013,landsat-8 / Planetary Computer landsat-c2-l2,30 m,"4 km window centred 82.048368,28.755486",EPSG:32644,NA (streamed; not stored),NA,chip cloud/shadow fraction 0.0; chip no-data fraction 0.0; scene cloud cover 4.08; sun elevation 43.65090666,displayed in figure,epoch 2012; true colour; figure outputs/figures/karnali_79/imagery_timeseries/KAR-SET-026_chhedagad_timeseries_1972_2026.png
KAR-SET-026_2017,S2A_MSIL2A_20170424T050651_R019_T44RNS_20210209T101115,ESA Copernicus Sentinel-2,"Copernicus Sentinel data terms (free, attribution)",2017-04-24,2017,Sentinel-2A / Planetary Computer sentinel-2-l2a,10 m,"4 km window centred 82.048368,28.755486",EPSG:32644,NA (streamed; not stored),NA,chip cloud/shadow fraction 0.0; chip no-data fraction 0.0; scene cloud cover 0.045415; sun elevation None,displayed in figure,epoch 2017; true colour; figure outputs/figures/karnali_79/imagery_timeseries/KAR-SET-026_chhedagad_timeseries_1972_2026.png
KAR-SET-026_2022,S2B_MSIL2A_20221119T051109_R019_T44RPS_20221119T163418,ESA Copernicus Sentinel-2,"Copernicus Sentinel data terms (free, attribution)",2022-11-19,2022,Sentinel-2B / Planetary Computer sentinel-2-l2a,10 m,"4 km window centred 82.048368,28.755486",EPSG:32644,NA (streamed; not stored),NA,chip cloud/shadow fraction 0.0; chip no-data fraction 0.0; scene cloud cover 0.0; sun elevation None,displayed in figure,epoch 2022; true colour; figure outputs/figures/karnali_79/imagery_timeseries/KAR-SET-026_chhedagad_timeseries_1972_2026.png
KAR-SET-026_2026,S2B_MSIL2A_20260303T050649_R019_T44RNS_20260303T091046,ESA Copernicus Sentinel-2,"Copernicus Sentinel data terms (free, attribution)",2026-03-03,2026,Sentinel-2B / Planetary Computer sentinel-2-l2a,10 m,"4 km window centred 82.048368,28.755486",EPSG:32644,NA (streamed; not stored),NA,chip cloud/shadow fraction 0.0; chip no-data fraction 0.0; scene cloud cover 3e-06; sun elevation None,displayed in figure,epoch 2026; true colour; figure outputs/figures/karnali_79/imagery_timeseries/KAR-SET-026_chhedagad_timeseries_1972_2026.png
KAR-SET-027_1972,LM01_L1TP_154040_19721217_02_T2,USGS Landsat Collection 2,Public domain (USGS),1972-12-17,1972,landsat-1 / Planetary Computer landsat-c2-l1,60 m,"4 km window centred 82.198257,28.698212",EPSG:32644,NA (streamed; not stored),NA,chip cloud/shadow fraction 0.0; chip no-data fraction 0.0; scene cloud cover 6.0; sun elevation 31.42157915,displayed in figure,"epoch 1972; false colour (NIR-red-green): vegetation red, water dark; figure outputs/figures/karnali_79/imagery_timeseries/KAR-SET-027_bheri_malika_timeseries_1972_2026.png"
KAR-SET-027_1977,LM02_L1TP_154040_19770323_02_T2,USGS Landsat Collection 2,Public domain (USGS),1977-03-23,1977,landsat-2 / Planetary Computer landsat-c2-l1,60 m,"4 km window centred 82.198257,28.698212",EPSG:32644,NA (streamed; not stored),NA,chip cloud/shadow fraction 0.0; chip no-data fraction 0.0; scene cloud cover 2.0; sun elevation 44.22210613,displayed in figure,"epoch 1977; false colour (NIR-red-green): vegetation red, water dark; figure outputs/figures/karnali_79/imagery_timeseries/KAR-SET-027_bheri_malika_timeseries_1972_2026.png"
KAR-SET-027_1987,LT05_L2SP_143040_19871227_02_T1,USGS Landsat Collection 2,Public domain (USGS),1987-12-27,1987,landsat-5 / Planetary Computer landsat-c2-l2,30 m,"4 km window centred 82.198257,28.698212",EPSG:32644,NA (streamed; not stored),NA,chip cloud/shadow fraction 0.006; chip no-data fraction 0.0; scene cloud cover 8.0; sun elevation 30.1816121,displayed in figure,epoch 1987; true colour; figure outputs/figures/karnali_79/imagery_timeseries/KAR-SET-027_bheri_malika_timeseries_1972_2026.png
KAR-SET-027_1992,LT05_L2SP_143040_19921106_02_T1,USGS Landsat Collection 2,Public domain (USGS),1992-11-06,1992,landsat-5 / Planetary Computer landsat-c2-l2,30 m,"4 km window centred 82.198257,28.698212",EPSG:32644,NA (streamed; not stored),NA,chip cloud/shadow fraction 0.0; chip no-data fraction 0.0; scene cloud cover 3.0; sun elevation 37.5167245,displayed in figure,epoch 1992; true colour; figure outputs/figures/karnali_79/imagery_timeseries/KAR-SET-027_bheri_malika_timeseries_1972_2026.png
KAR-SET-027_1997,LT05_L2SP_143040_19970309_02_T1,USGS Landsat Collection 2,Public domain (USGS),1997-03-09,1997,landsat-5 / Planetary Computer landsat-c2-l2,30 m,"4 km window centred 82.198257,28.698212",EPSG:32644,NA (streamed; not stored),NA,chip cloud/shadow fraction 0.0001; chip no-data fraction 0.0; scene cloud cover 4.0; sun elevation 43.65029989,displayed in figure,epoch 1997; true colour; figure outputs/figures/karnali_79/imagery_timeseries/KAR-SET-027_bheri_malika_timeseries_1972_2026.png
KAR-SET-027_2002,LE07_L2SP_143040_20021025_02_T1,USGS Landsat Collection 2,Public domain (USGS),2002-10-25,2002,landsat-7 / Planetary Computer landsat-c2-l2,30 m,"4 km window centred 82.198257,28.698212",EPSG:32644,NA (streamed; not stored),NA,chip cloud/shadow fraction 0.0; chip no-data fraction 0.0; scene cloud cover 3.0; sun elevation 44.11022116,displayed in figure,epoch 2002; true colour; figure outputs/figures/karnali_79/imagery_timeseries/KAR-SET-027_bheri_malika_timeseries_1972_2026.png
KAR-SET-027_2007,LT05_L2SP_143040_20080424_02_T1,USGS Landsat Collection 2,Public domain (USGS),2008-04-24,2008,landsat-5 / Planetary Computer landsat-c2-l2,30 m,"4 km window centred 82.198257,28.698212",EPSG:32644,NA (streamed; not stored),NA,chip cloud/shadow fraction 0.0; chip no-data fraction 0.0; scene cloud cover 3.0; sun elevation 62.11450463,displayed in figure,epoch 2007; true colour; figure outputs/figures/karnali_79/imagery_timeseries/KAR-SET-027_bheri_malika_timeseries_1972_2026.png
KAR-SET-027_2012,LC08_L2SP_143040_20131031_02_T1,USGS Landsat Collection 2,Public domain (USGS),2013-10-31,2013,landsat-8 / Planetary Computer landsat-c2-l2,30 m,"4 km window centred 82.198257,28.698212",EPSG:32644,NA (streamed; not stored),NA,chip cloud/shadow fraction 0.0; chip no-data fraction 0.0; scene cloud cover 4.08; sun elevation 43.65090666,displayed in figure,epoch 2012; true colour; figure outputs/figures/karnali_79/imagery_timeseries/KAR-SET-027_bheri_malika_timeseries_1972_2026.png
KAR-SET-027_2017,S2A_MSIL2A_20181026T050901_R019_T44RPS_20201009T152443,ESA Copernicus Sentinel-2,"Copernicus Sentinel data terms (free, attribution)",2018-10-26,2018,Sentinel-2A / Planetary Computer sentinel-2-l2a,10 m,"4 km window centred 82.198257,28.698212",EPSG:32644,NA (streamed; not stored),NA,chip cloud/shadow fraction 0.0062; chip no-data fraction 0.0; scene cloud cover 0.172813; sun elevation None,displayed in figure,epoch 2017; true colour; figure outputs/figures/karnali_79/imagery_timeseries/KAR-SET-027_bheri_malika_timeseries_1972_2026.png
KAR-SET-027_2022,S2B_MSIL2A_20221119T051109_R019_T44RPS_20221119T163418,ESA Copernicus Sentinel-2,"Copernicus Sentinel data terms (free, attribution)",2022-11-19,2022,Sentinel-2B / Planetary Computer sentinel-2-l2a,10 m,"4 km window centred 82.198257,28.698212",EPSG:32644,NA (streamed; not stored),NA,chip cloud/shadow fraction 0.0; chip no-data fraction 0.0; scene cloud cover 0.0; sun elevation None,displayed in figure,epoch 2022; true colour; figure outputs/figures/karnali_79/imagery_timeseries/KAR-SET-027_bheri_malika_timeseries_1972_2026.png
KAR-SET-027_2026,S2C_MSIL2A_20260117T051141_R019_T44RPS_20260117T083616,ESA Copernicus Sentinel-2,"Copernicus Sentinel data terms (free, attribution)",2026-01-17,2026,Sentinel-2C / Planetary Computer sentinel-2-l2a,10 m,"4 km window centred 82.198257,28.698212",EPSG:32644,NA (streamed; not stored),NA,chip cloud/shadow fraction 0.0; chip no-data fraction 0.0; scene cloud cover 2e-05; sun elevation None,displayed in figure,epoch 2026; true colour; figure outputs/figures/karnali_79/imagery_timeseries/KAR-SET-027_bheri_malika_timeseries_1972_2026.png
KAR-SET-028_1972,LM01_L1TP_154040_19721217_02_T2,USGS Landsat Collection 2,Public domain (USGS),1972-12-17,1972,landsat-1 / Planetary Computer landsat-c2-l1,60 m,"4 km window centred 82.301498,28.79123",EPSG:32644,NA (streamed; not stored),NA,chip cloud/shadow fraction 0.0; chip no-data fraction 0.0; scene cloud cover 6.0; sun elevation 31.42157915,displayed in figure,"epoch 1972; false colour (NIR-red-green): vegetation red, water dark; figure outputs/figures/karnali_79/imagery_timeseries/KAR-SET-028_nalgad_timeseries_1972_2026.png"
KAR-SET-028_1977,LM02_L1TP_154040_19770323_02_T2,USGS Landsat Collection 2,Public domain (USGS),1977-03-23,1977,landsat-2 / Planetary Computer landsat-c2-l1,60 m,"4 km window centred 82.301498,28.79123",EPSG:32644,NA (streamed; not stored),NA,chip cloud/shadow fraction 0.0; chip no-data fraction 0.0; scene cloud cover 2.0; sun elevation 44.22210613,displayed in figure,"epoch 1977; false colour (NIR-red-green): vegetation red, water dark; figure outputs/figures/karnali_79/imagery_timeseries/KAR-SET-028_nalgad_timeseries_1972_2026.png"
KAR-SET-028_1987,LT05_L2SP_143040_19871227_02_T1,USGS Landsat Collection 2,Public domain (USGS),1987-12-27,1987,landsat-5 / Planetary Computer landsat-c2-l2,30 m,"4 km window centred 82.301498,28.79123",EPSG:32644,NA (streamed; not stored),NA,chip cloud/shadow fraction 0.0001; chip no-data fraction 0.0; scene cloud cover 8.0; sun elevation 30.1816121,displayed in figure,epoch 1987; true colour; figure outputs/figures/karnali_79/imagery_timeseries/KAR-SET-028_nalgad_timeseries_1972_2026.png
KAR-SET-028_1992,LT05_L2SP_143040_19921106_02_T1,USGS Landsat Collection 2,Public domain (USGS),1992-11-06,1992,landsat-5 / Planetary Computer landsat-c2-l2,30 m,"4 km window centred 82.301498,28.79123",EPSG:32644,NA (streamed; not stored),NA,chip cloud/shadow fraction 0.0; chip no-data fraction 0.0; scene cloud cover 3.0; sun elevation 37.5167245,displayed in figure,epoch 1992; true colour; figure outputs/figures/karnali_79/imagery_timeseries/KAR-SET-028_nalgad_timeseries_1972_2026.png
KAR-SET-028_1997,LT05_L2SP_143040_19970309_02_T1,USGS Landsat Collection 2,Public domain (USGS),1997-03-09,1997,landsat-5 / Planetary Computer landsat-c2-l2,30 m,"4 km window centred 82.301498,28.79123",EPSG:32644,NA (streamed; not stored),NA,chip cloud/shadow fraction 0.0; chip no-data fraction 0.0; scene cloud cover 4.0; sun elevation 43.65029989,displayed in figure,epoch 1997; true colour; figure outputs/figures/karnali_79/imagery_timeseries/KAR-SET-028_nalgad_timeseries_1972_2026.png
KAR-SET-028_2002,LE07_L2SP_143040_20021025_02_T1,USGS Landsat Collection 2,Public domain (USGS),2002-10-25,2002,landsat-7 / Planetary Computer landsat-c2-l2,30 m,"4 km window centred 82.301498,28.79123",EPSG:32644,NA (streamed; not stored),NA,chip cloud/shadow fraction 0.0; chip no-data fraction 0.0; scene cloud cover 3.0; sun elevation 44.11022116,displayed in figure,epoch 2002; true colour; figure outputs/figures/karnali_79/imagery_timeseries/KAR-SET-028_nalgad_timeseries_1972_2026.png
KAR-SET-028_2007,LT05_L2SP_143040_20080424_02_T1,USGS Landsat Collection 2,Public domain (USGS),2008-04-24,2008,landsat-5 / Planetary Computer landsat-c2-l2,30 m,"4 km window centred 82.301498,28.79123",EPSG:32644,NA (streamed; not stored),NA,chip cloud/shadow fraction 0.0; chip no-data fraction 0.0; scene cloud cover 3.0; sun elevation 62.11450463,displayed in figure,epoch 2007; true colour; figure outputs/figures/karnali_79/imagery_timeseries/KAR-SET-028_nalgad_timeseries_1972_2026.png
KAR-SET-028_2012,LC08_L2SP_143040_20131031_02_T1,USGS Landsat Collection 2,Public domain (USGS),2013-10-31,2013,landsat-8 / Planetary Computer landsat-c2-l2,30 m,"4 km window centred 82.301498,28.79123",EPSG:32644,NA (streamed; not stored),NA,chip cloud/shadow fraction 0.0; chip no-data fraction 0.0; scene cloud cover 4.08; sun elevation 43.65090666,displayed in figure,epoch 2012; true colour; figure outputs/figures/karnali_79/imagery_timeseries/KAR-SET-028_nalgad_timeseries_1972_2026.png
KAR-SET-028_2017,S2A_MSIL2A_20181026T050901_R019_T44RPS_20201009T152443,ESA Copernicus Sentinel-2,"Copernicus Sentinel data terms (free, attribution)",2018-10-26,2018,Sentinel-2A / Planetary Computer sentinel-2-l2a,10 m,"4 km window centred 82.301498,28.79123",EPSG:32644,NA (streamed; not stored),NA,chip cloud/shadow fraction 0.0; chip no-data fraction 0.0; scene cloud cover 0.172813; sun elevation None,displayed in figure,epoch 2017; true colour; figure outputs/figures/karnali_79/imagery_timeseries/KAR-SET-028_nalgad_timeseries_1972_2026.png
KAR-SET-028_2022,S2B_MSIL2A_20221119T051109_R019_T44RPS_20221119T163418,ESA Copernicus Sentinel-2,"Copernicus Sentinel data terms (free, attribution)",2022-11-19,2022,Sentinel-2B / Planetary Computer sentinel-2-l2a,10 m,"4 km window centred 82.301498,28.79123",EPSG:32644,NA (streamed; not stored),NA,chip cloud/shadow fraction 0.0; chip no-data fraction 0.0; scene cloud cover 0.0; sun elevation None,displayed in figure,epoch 2022; true colour; figure outputs/figures/karnali_79/imagery_timeseries/KAR-SET-028_nalgad_timeseries_1972_2026.png
KAR-SET-028_2026,S2C_MSIL2A_20260117T051141_R019_T44RPS_20260117T083616,ESA Copernicus Sentinel-2,"Copernicus Sentinel data terms (free, attribution)",2026-01-17,2026,Sentinel-2C / Planetary Computer sentinel-2-l2a,10 m,"4 km window centred 82.301498,28.79123",EPSG:32644,NA (streamed; not stored),NA,chip cloud/shadow fraction 0.0; chip no-data fraction 0.0; scene cloud cover 2e-05; sun elevation None,displayed in figure,epoch 2026; true colour; figure outputs/figures/karnali_79/imagery_timeseries/KAR-SET-028_nalgad_timeseries_1972_2026.png
KAR-SET-029_1972,LM01_L1TP_154040_19721217_02_T2,USGS Landsat Collection 2,Public domain (USGS),1972-12-17,1972,landsat-1 / Planetary Computer landsat-c2-l1,60 m,"4 km window centred 81.936293,28.802949",EPSG:32644,NA (streamed; not stored),NA,chip cloud/shadow fraction 0.0; chip no-data fraction 0.0; scene cloud cover 6.0; sun elevation 31.42157915,displayed in figure,"epoch 1972; false colour (NIR-red-green): vegetation red, water dark; figure outputs/figures/karnali_79/imagery_timeseries/KAR-SET-029_junichande_timeseries_1972_2026.png"
KAR-SET-029_1977,LM02_L1TP_154040_19770323_02_T2,USGS Landsat Collection 2,Public domain (USGS),1977-03-23,1977,landsat-2 / Planetary Computer landsat-c2-l1,60 m,"4 km window centred 81.936293,28.802949",EPSG:32644,NA (streamed; not stored),NA,chip cloud/shadow fraction 0.0; chip no-data fraction 0.0; scene cloud cover 2.0; sun elevation 44.22210613,displayed in figure,"epoch 1977; false colour (NIR-red-green): vegetation red, water dark; figure outputs/figures/karnali_79/imagery_timeseries/KAR-SET-029_junichande_timeseries_1972_2026.png"
KAR-SET-029_1987,LT05_L2SP_143040_19871227_02_T1,USGS Landsat Collection 2,Public domain (USGS),1987-12-27,1987,landsat-5 / Planetary Computer landsat-c2-l2,30 m,"4 km window centred 81.936293,28.802949",EPSG:32644,NA (streamed; not stored),NA,chip cloud/shadow fraction 0.0; chip no-data fraction 0.0; scene cloud cover 8.0; sun elevation 30.1816121,displayed in figure,epoch 1987; true colour; figure outputs/figures/karnali_79/imagery_timeseries/KAR-SET-029_junichande_timeseries_1972_2026.png
KAR-SET-029_1992,LT05_L2SP_143040_19910325_02_T1,USGS Landsat Collection 2,Public domain (USGS),1991-03-25,1991,landsat-5 / Planetary Computer landsat-c2-l2,30 m,"4 km window centred 81.936293,28.802949",EPSG:32644,NA (streamed; not stored),NA,chip cloud/shadow fraction 0.0; chip no-data fraction 0.0; scene cloud cover 2.0; sun elevation 47.97760724,displayed in figure,epoch 1992; true colour; figure outputs/figures/karnali_79/imagery_timeseries/KAR-SET-029_junichande_timeseries_1972_2026.png
KAR-SET-029_1997,LT05_L2SP_144040_19970228_02_T1,USGS Landsat Collection 2,Public domain (USGS),1997-02-28,1997,landsat-5 / Planetary Computer landsat-c2-l2,30 m,"4 km window centred 81.936293,28.802949",EPSG:32644,NA (streamed; not stored),NA,chip cloud/shadow fraction 0.0; chip no-data fraction 0.0; scene cloud cover 1.0; sun elevation 40.65361466,displayed in figure,epoch 1997; true colour; figure outputs/figures/karnali_79/imagery_timeseries/KAR-SET-029_junichande_timeseries_1972_2026.png
KAR-SET-029_2002,LE07_L2SP_143040_20021025_02_T1,USGS Landsat Collection 2,Public domain (USGS),2002-10-25,2002,landsat-7 / Planetary Computer landsat-c2-l2,30 m,"4 km window centred 81.936293,28.802949",EPSG:32644,NA (streamed; not stored),NA,chip cloud/shadow fraction 0.0; chip no-data fraction 0.0; scene cloud cover 3.0; sun elevation 44.11022116,displayed in figure,epoch 2002; true colour; figure outputs/figures/karnali_79/imagery_timeseries/KAR-SET-029_junichande_timeseries_1972_2026.png
KAR-SET-029_2007,LT05_L2SP_143040_20081102_02_T1,USGS Landsat Collection 2,Public domain (USGS),2008-11-02,2008,landsat-5 / Planetary Computer landsat-c2-l2,30 m,"4 km window centred 81.936293,28.802949",EPSG:32644,NA (streamed; not stored),NA,chip cloud/shadow fraction 0.0; chip no-data fraction 0.0; scene cloud cover 1.0; sun elevation 41.15988239,displayed in figure,epoch 2007; true colour; figure outputs/figures/karnali_79/imagery_timeseries/KAR-SET-029_junichande_timeseries_1972_2026.png
KAR-SET-029_2012,LC08_L2SP_144040_20130413_02_T1,USGS Landsat Collection 2,Public domain (USGS),2013-04-13,2013,landsat-8 / Planetary Computer landsat-c2-l2,30 m,"4 km window centred 81.936293,28.802949",EPSG:32644,NA (streamed; not stored),NA,chip cloud/shadow fraction 0.0; chip no-data fraction 0.0; scene cloud cover 0.86; sun elevation 61.38406934,displayed in figure,epoch 2012; true colour; figure outputs/figures/karnali_79/imagery_timeseries/KAR-SET-029_junichande_timeseries_1972_2026.png
KAR-SET-029_2017,S2A_MSIL2A_20170424T050651_R019_T44RNS_20210209T101115,ESA Copernicus Sentinel-2,"Copernicus Sentinel data terms (free, attribution)",2017-04-24,2017,Sentinel-2A / Planetary Computer sentinel-2-l2a,10 m,"4 km window centred 81.936293,28.802949",EPSG:32644,NA (streamed; not stored),NA,chip cloud/shadow fraction 0.0; chip no-data fraction 0.0; scene cloud cover 0.045415; sun elevation None,displayed in figure,epoch 2017; true colour; figure outputs/figures/karnali_79/imagery_timeseries/KAR-SET-029_junichande_timeseries_1972_2026.png
KAR-SET-029_2022,S2A_MSIL2A_20220408T050651_R019_T44RNS_20240524T030604,ESA Copernicus Sentinel-2,"Copernicus Sentinel data terms (free, attribution)",2022-04-08,2022,Sentinel-2A / Planetary Computer sentinel-2-l2a,10 m,"4 km window centred 81.936293,28.802949",EPSG:32644,NA (streamed; not stored),NA,chip cloud/shadow fraction 0.0; chip no-data fraction 0.0; scene cloud cover 0.000236; sun elevation None,displayed in figure,epoch 2022; true colour; figure outputs/figures/karnali_79/imagery_timeseries/KAR-SET-029_junichande_timeseries_1972_2026.png
KAR-SET-029_2026,S2B_MSIL2A_20260303T050649_R019_T44RNS_20260303T091046,ESA Copernicus Sentinel-2,"Copernicus Sentinel data terms (free, attribution)",2026-03-03,2026,Sentinel-2B / Planetary Computer sentinel-2-l2a,10 m,"4 km window centred 81.936293,28.802949",EPSG:32644,NA (streamed; not stored),NA,chip cloud/shadow fraction 0.0; chip no-data fraction 0.0; scene cloud cover 3e-06; sun elevation None,displayed in figure,epoch 2026; true colour; figure outputs/figures/karnali_79/imagery_timeseries/KAR-SET-029_junichande_timeseries_1972_2026.png
KAR-SET-030_1972,LM01_L1TP_154040_19721217_02_T2,USGS Landsat Collection 2,Public domain (USGS),1972-12-17,1972,landsat-1 / Planetary Computer landsat-c2-l1,60 m,"4 km window centred 82.166387,28.798648",EPSG:32644,NA (streamed; not stored),NA,chip cloud/shadow fraction 0.0; chip no-data fraction 0.0; scene cloud cover 6.0; sun elevation 31.42157915,displayed in figure,"epoch 1972; false colour (NIR-red-green): vegetation red, water dark; figure outputs/figures/karnali_79/imagery_timeseries/KAR-SET-030_kuse_timeseries_1972_2026.png"
KAR-SET-030_1977,LM02_L1TP_154040_19770323_02_T2,USGS Landsat Collection 2,Public domain (USGS),1977-03-23,1977,landsat-2 / Planetary Computer landsat-c2-l1,60 m,"4 km window centred 82.166387,28.798648",EPSG:32644,NA (streamed; not stored),NA,chip cloud/shadow fraction 0.0; chip no-data fraction 0.0; scene cloud cover 2.0; sun elevation 44.22210613,displayed in figure,"epoch 1977; false colour (NIR-red-green): vegetation red, water dark; figure outputs/figures/karnali_79/imagery_timeseries/KAR-SET-030_kuse_timeseries_1972_2026.png"
KAR-SET-030_1987,LT05_L2SP_143040_19871227_02_T1,USGS Landsat Collection 2,Public domain (USGS),1987-12-27,1987,landsat-5 / Planetary Computer landsat-c2-l2,30 m,"4 km window centred 82.166387,28.798648",EPSG:32644,NA (streamed; not stored),NA,chip cloud/shadow fraction 0.0; chip no-data fraction 0.0; scene cloud cover 8.0; sun elevation 30.1816121,displayed in figure,epoch 1987; true colour; figure outputs/figures/karnali_79/imagery_timeseries/KAR-SET-030_kuse_timeseries_1972_2026.png
KAR-SET-030_1992,LT05_L2SP_143040_19921106_02_T1,USGS Landsat Collection 2,Public domain (USGS),1992-11-06,1992,landsat-5 / Planetary Computer landsat-c2-l2,30 m,"4 km window centred 82.166387,28.798648",EPSG:32644,NA (streamed; not stored),NA,chip cloud/shadow fraction 0.0; chip no-data fraction 0.0; scene cloud cover 3.0; sun elevation 37.5167245,displayed in figure,epoch 1992; true colour; figure outputs/figures/karnali_79/imagery_timeseries/KAR-SET-030_kuse_timeseries_1972_2026.png
KAR-SET-030_1997,LT05_L2SP_143040_19970309_02_T1,USGS Landsat Collection 2,Public domain (USGS),1997-03-09,1997,landsat-5 / Planetary Computer landsat-c2-l2,30 m,"4 km window centred 82.166387,28.798648",EPSG:32644,NA (streamed; not stored),NA,chip cloud/shadow fraction 0.0; chip no-data fraction 0.0; scene cloud cover 4.0; sun elevation 43.65029989,displayed in figure,epoch 1997; true colour; figure outputs/figures/karnali_79/imagery_timeseries/KAR-SET-030_kuse_timeseries_1972_2026.png
KAR-SET-030_2002,LE07_L2SP_143040_20021025_02_T1,USGS Landsat Collection 2,Public domain (USGS),2002-10-25,2002,landsat-7 / Planetary Computer landsat-c2-l2,30 m,"4 km window centred 82.166387,28.798648",EPSG:32644,NA (streamed; not stored),NA,chip cloud/shadow fraction 0.0; chip no-data fraction 0.0; scene cloud cover 3.0; sun elevation 44.11022116,displayed in figure,epoch 2002; true colour; figure outputs/figures/karnali_79/imagery_timeseries/KAR-SET-030_kuse_timeseries_1972_2026.png
KAR-SET-030_2007,LT05_L2SP_143040_20080424_02_T1,USGS Landsat Collection 2,Public domain (USGS),2008-04-24,2008,landsat-5 / Planetary Computer landsat-c2-l2,30 m,"4 km window centred 82.166387,28.798648",EPSG:32644,NA (streamed; not stored),NA,chip cloud/shadow fraction 0.0; chip no-data fraction 0.0; scene cloud cover 3.0; sun elevation 62.11450463,displayed in figure,epoch 2007; true colour; figure outputs/figures/karnali_79/imagery_timeseries/KAR-SET-030_kuse_timeseries_1972_2026.png
KAR-SET-030_2012,LC08_L2SP_143040_20131031_02_T1,USGS Landsat Collection 2,Public domain (USGS),2013-10-31,2013,landsat-8 / Planetary Computer landsat-c2-l2,30 m,"4 km window centred 82.166387,28.798648",EPSG:32644,NA (streamed; not stored),NA,chip cloud/shadow fraction 0.0; chip no-data fraction 0.0; scene cloud cover 4.08; sun elevation 43.65090666,displayed in figure,epoch 2012; true colour; figure outputs/figures/karnali_79/imagery_timeseries/KAR-SET-030_kuse_timeseries_1972_2026.png
KAR-SET-030_2017,S2A_MSIL2A_20181026T050901_R019_T44RPS_20201009T152443,ESA Copernicus Sentinel-2,"Copernicus Sentinel data terms (free, attribution)",2018-10-26,2018,Sentinel-2A / Planetary Computer sentinel-2-l2a,10 m,"4 km window centred 82.166387,28.798648",EPSG:32644,NA (streamed; not stored),NA,chip cloud/shadow fraction 0.0; chip no-data fraction 0.0; scene cloud cover 0.172813; sun elevation None,displayed in figure,epoch 2017; true colour; figure outputs/figures/karnali_79/imagery_timeseries/KAR-SET-030_kuse_timeseries_1972_2026.png
KAR-SET-030_2022,S2B_MSIL2A_20221119T051109_R019_T44RPS_20221119T163418,ESA Copernicus Sentinel-2,"Copernicus Sentinel data terms (free, attribution)",2022-11-19,2022,Sentinel-2B / Planetary Computer sentinel-2-l2a,10 m,"4 km window centred 82.166387,28.798648",EPSG:32644,NA (streamed; not stored),NA,chip cloud/shadow fraction 0.0; chip no-data fraction 0.0; scene cloud cover 0.0; sun elevation None,displayed in figure,epoch 2022; true colour; figure outputs/figures/karnali_79/imagery_timeseries/KAR-SET-030_kuse_timeseries_1972_2026.png
KAR-SET-030_2026,S2C_MSIL2A_20260117T051141_R019_T44RPS_20260117T083616,ESA Copernicus Sentinel-2,"Copernicus Sentinel data terms (free, attribution)",2026-01-17,2026,Sentinel-2C / Planetary Computer sentinel-2-l2a,10 m,"4 km window centred 82.166387,28.798648",EPSG:32644,NA (streamed; not stored),NA,chip cloud/shadow fraction 0.0; chip no-data fraction 0.0; scene cloud cover 2e-05; sun elevation None,displayed in figure,epoch 2026; true colour; figure outputs/figures/karnali_79/imagery_timeseries/KAR-SET-030_kuse_timeseries_1972_2026.png
KAR-SET-031_1972,LM01_L1TP_154040_19721217_02_T2,USGS Landsat Collection 2,Public domain (USGS),1972-12-17,1972,landsat-1 / Planetary Computer landsat-c2-l1,60 m,"4 km window centred 82.25149,28.920506",EPSG:32644,NA (streamed; not stored),NA,chip cloud/shadow fraction 0.0; chip no-data fraction 0.0; scene cloud cover 6.0; sun elevation 31.42157915,displayed in figure,"epoch 1972; false colour (NIR-red-green): vegetation red, water dark; figure outputs/figures/karnali_79/imagery_timeseries/KAR-SET-031_barekot_timeseries_1972_2026.png"
KAR-SET-031_1977,LM02_L1TP_154040_19770323_02_T2,USGS Landsat Collection 2,Public domain (USGS),1977-03-23,1977,landsat-2 / Planetary Computer landsat-c2-l1,60 m,"4 km window centred 82.25149,28.920506",EPSG:32644,NA (streamed; not stored),NA,chip cloud/shadow fraction 0.0; chip no-data fraction 0.0; scene cloud cover 2.0; sun elevation 44.22210613,displayed in figure,"epoch 1977; false colour (NIR-red-green): vegetation red, water dark; figure outputs/figures/karnali_79/imagery_timeseries/KAR-SET-031_barekot_timeseries_1972_2026.png"
KAR-SET-031_1987,LT05_L2SP_143040_19871227_02_T1,USGS Landsat Collection 2,Public domain (USGS),1987-12-27,1987,landsat-5 / Planetary Computer landsat-c2-l2,30 m,"4 km window centred 82.25149,28.920506",EPSG:32644,NA (streamed; not stored),NA,chip cloud/shadow fraction 0.0; chip no-data fraction 0.0; scene cloud cover 8.0; sun elevation 30.1816121,displayed in figure,epoch 1987; true colour; figure outputs/figures/karnali_79/imagery_timeseries/KAR-SET-031_barekot_timeseries_1972_2026.png
KAR-SET-031_1992,LT05_L2SP_143040_19921106_02_T1,USGS Landsat Collection 2,Public domain (USGS),1992-11-06,1992,landsat-5 / Planetary Computer landsat-c2-l2,30 m,"4 km window centred 82.25149,28.920506",EPSG:32644,NA (streamed; not stored),NA,chip cloud/shadow fraction 0.0; chip no-data fraction 0.0; scene cloud cover 3.0; sun elevation 37.5167245,displayed in figure,epoch 1992; true colour; figure outputs/figures/karnali_79/imagery_timeseries/KAR-SET-031_barekot_timeseries_1972_2026.png
KAR-SET-031_1997,LT05_L2SP_143040_19970309_02_T1,USGS Landsat Collection 2,Public domain (USGS),1997-03-09,1997,landsat-5 / Planetary Computer landsat-c2-l2,30 m,"4 km window centred 82.25149,28.920506",EPSG:32644,NA (streamed; not stored),NA,chip cloud/shadow fraction 0.0; chip no-data fraction 0.0; scene cloud cover 4.0; sun elevation 43.65029989,displayed in figure,epoch 1997; true colour; figure outputs/figures/karnali_79/imagery_timeseries/KAR-SET-031_barekot_timeseries_1972_2026.png
KAR-SET-031_2002,LE07_L2SP_143040_20021025_02_T1,USGS Landsat Collection 2,Public domain (USGS),2002-10-25,2002,landsat-7 / Planetary Computer landsat-c2-l2,30 m,"4 km window centred 82.25149,28.920506",EPSG:32644,NA (streamed; not stored),NA,chip cloud/shadow fraction 0.0; chip no-data fraction 0.0; scene cloud cover 3.0; sun elevation 44.11022116,displayed in figure,epoch 2002; true colour; figure outputs/figures/karnali_79/imagery_timeseries/KAR-SET-031_barekot_timeseries_1972_2026.png
KAR-SET-031_2007,LT05_L2SP_143040_20080424_02_T1,USGS Landsat Collection 2,Public domain (USGS),2008-04-24,2008,landsat-5 / Planetary Computer landsat-c2-l2,30 m,"4 km window centred 82.25149,28.920506",EPSG:32644,NA (streamed; not stored),NA,chip cloud/shadow fraction 0.0; chip no-data fraction 0.0; scene cloud cover 3.0; sun elevation 62.11450463,displayed in figure,epoch 2007; true colour; figure outputs/figures/karnali_79/imagery_timeseries/KAR-SET-031_barekot_timeseries_1972_2026.png
KAR-SET-031_2012,LC08_L2SP_143040_20131031_02_T1,USGS Landsat Collection 2,Public domain (USGS),2013-10-31,2013,landsat-8 / Planetary Computer landsat-c2-l2,30 m,"4 km window centred 82.25149,28.920506",EPSG:32644,NA (streamed; not stored),NA,chip cloud/shadow fraction 0.0; chip no-data fraction 0.0; scene cloud cover 4.08; sun elevation 43.65090666,displayed in figure,epoch 2012; true colour; figure outputs/figures/karnali_79/imagery_timeseries/KAR-SET-031_barekot_timeseries_1972_2026.png
KAR-SET-031_2017,S2A_MSIL2A_20160310T050632_R019_T44RPS_20210528T130338,ESA Copernicus Sentinel-2,"Copernicus Sentinel data terms (free, attribution)",2016-03-10,2016,Sentinel-2A / Planetary Computer sentinel-2-l2a,10 m,"4 km window centred 82.25149,28.920506",EPSG:32644,NA (streamed; not stored),NA,chip cloud/shadow fraction 0.0; chip no-data fraction 0.445; scene cloud cover 0.938391; sun elevation None,displayed in figure,epoch 2017; true colour; figure outputs/figures/karnali_79/imagery_timeseries/KAR-SET-031_barekot_timeseries_1972_2026.png
KAR-SET-031_2022,S2B_MSIL2A_20221129T051149_R019_T44RPT_20221130T153301,ESA Copernicus Sentinel-2,"Copernicus Sentinel data terms (free, attribution)",2022-11-29,2022,Sentinel-2B / Planetary Computer sentinel-2-l2a,10 m,"4 km window centred 82.25149,28.920506",EPSG:32644,NA (streamed; not stored),NA,chip cloud/shadow fraction 0.0; chip no-data fraction 0.0; scene cloud cover 0.000796; sun elevation None,displayed in figure,epoch 2022; true colour; figure outputs/figures/karnali_79/imagery_timeseries/KAR-SET-031_barekot_timeseries_1972_2026.png
KAR-SET-031_2026,S2B_MSIL2A_20251014T050659_R019_T44RPT_20251014T082528,ESA Copernicus Sentinel-2,"Copernicus Sentinel data terms (free, attribution)",2025-10-14,2025,Sentinel-2B / Planetary Computer sentinel-2-l2a,10 m,"4 km window centred 82.25149,28.920506",EPSG:32644,NA (streamed; not stored),NA,chip cloud/shadow fraction 0.0; chip no-data fraction 0.0; scene cloud cover 0.000445; sun elevation None,displayed in figure,epoch 2026; true colour; figure outputs/figures/karnali_79/imagery_timeseries/KAR-SET-031_barekot_timeseries_1972_2026.png
KAR-SET-032_1972,LM01_L1TP_154040_19721217_02_T2,USGS Landsat Collection 2,Public domain (USGS),1972-12-17,1972,landsat-1 / Planetary Computer landsat-c2-l1,60 m,"4 km window centred 82.015339,28.659594",EPSG:32644,NA (streamed; not stored),NA,chip cloud/shadow fraction 0.0; chip no-data fraction 0.0; scene cloud cover 6.0; sun elevation 31.42157915,displayed in figure,"epoch 1972; false colour (NIR-red-green): vegetation red, water dark; figure outputs/figures/karnali_79/imagery_timeseries/KAR-SET-032_shivalaya_timeseries_1972_2026.png"
KAR-SET-032_1977,LM02_L1TP_154040_19770323_02_T2,USGS Landsat Collection 2,Public domain (USGS),1977-03-23,1977,landsat-2 / Planetary Computer landsat-c2-l1,60 m,"4 km window centred 82.015339,28.659594",EPSG:32644,NA (streamed; not stored),NA,chip cloud/shadow fraction 0.0; chip no-data fraction 0.0; scene cloud cover 2.0; sun elevation 44.22210613,displayed in figure,"epoch 1977; false colour (NIR-red-green): vegetation red, water dark; figure outputs/figures/karnali_79/imagery_timeseries/KAR-SET-032_shivalaya_timeseries_1972_2026.png"
KAR-SET-032_1987,LT05_L2SP_143040_19871227_02_T1,USGS Landsat Collection 2,Public domain (USGS),1987-12-27,1987,landsat-5 / Planetary Computer landsat-c2-l2,30 m,"4 km window centred 82.015339,28.659594",EPSG:32644,NA (streamed; not stored),NA,chip cloud/shadow fraction 0.0; chip no-data fraction 0.0; scene cloud cover 8.0; sun elevation 30.1816121,displayed in figure,epoch 1987; true colour; figure outputs/figures/karnali_79/imagery_timeseries/KAR-SET-032_shivalaya_timeseries_1972_2026.png
KAR-SET-032_1992,LT05_L2SP_143040_19921106_02_T1,USGS Landsat Collection 2,Public domain (USGS),1992-11-06,1992,landsat-5 / Planetary Computer landsat-c2-l2,30 m,"4 km window centred 82.015339,28.659594",EPSG:32644,NA (streamed; not stored),NA,chip cloud/shadow fraction 0.0; chip no-data fraction 0.0; scene cloud cover 3.0; sun elevation 37.5167245,displayed in figure,epoch 1992; true colour; figure outputs/figures/karnali_79/imagery_timeseries/KAR-SET-032_shivalaya_timeseries_1972_2026.png
KAR-SET-032_1997,LT05_L2SP_143040_19970309_02_T1,USGS Landsat Collection 2,Public domain (USGS),1997-03-09,1997,landsat-5 / Planetary Computer landsat-c2-l2,30 m,"4 km window centred 82.015339,28.659594",EPSG:32644,NA (streamed; not stored),NA,chip cloud/shadow fraction 0.0; chip no-data fraction 0.0; scene cloud cover 4.0; sun elevation 43.65029989,displayed in figure,epoch 1997; true colour; figure outputs/figures/karnali_79/imagery_timeseries/KAR-SET-032_shivalaya_timeseries_1972_2026.png
KAR-SET-032_2002,LE07_L2SP_143040_20021025_02_T1,USGS Landsat Collection 2,Public domain (USGS),2002-10-25,2002,landsat-7 / Planetary Computer landsat-c2-l2,30 m,"4 km window centred 82.015339,28.659594",EPSG:32644,NA (streamed; not stored),NA,chip cloud/shadow fraction 0.0; chip no-data fraction 0.0; scene cloud cover 3.0; sun elevation 44.11022116,displayed in figure,epoch 2002; true colour; figure outputs/figures/karnali_79/imagery_timeseries/KAR-SET-032_shivalaya_timeseries_1972_2026.png
KAR-SET-032_2007,LT05_L2SP_143040_20081102_02_T1,USGS Landsat Collection 2,Public domain (USGS),2008-11-02,2008,landsat-5 / Planetary Computer landsat-c2-l2,30 m,"4 km window centred 82.015339,28.659594",EPSG:32644,NA (streamed; not stored),NA,chip cloud/shadow fraction 0.0; chip no-data fraction 0.0; scene cloud cover 1.0; sun elevation 41.15988239,displayed in figure,epoch 2007; true colour; figure outputs/figures/karnali_79/imagery_timeseries/KAR-SET-032_shivalaya_timeseries_1972_2026.png
KAR-SET-032_2012,LC08_L2SP_143040_20131031_02_T1,USGS Landsat Collection 2,Public domain (USGS),2013-10-31,2013,landsat-8 / Planetary Computer landsat-c2-l2,30 m,"4 km window centred 82.015339,28.659594",EPSG:32644,NA (streamed; not stored),NA,chip cloud/shadow fraction 0.0; chip no-data fraction 0.0; scene cloud cover 4.08; sun elevation 43.65090666,displayed in figure,epoch 2012; true colour; figure outputs/figures/karnali_79/imagery_timeseries/KAR-SET-032_shivalaya_timeseries_1972_2026.png
KAR-SET-032_2017,S2A_MSIL2A_20170424T050651_R019_T44RNS_20210209T101115,ESA Copernicus Sentinel-2,"Copernicus Sentinel data terms (free, attribution)",2017-04-24,2017,Sentinel-2A / Planetary Computer sentinel-2-l2a,10 m,"4 km window centred 82.015339,28.659594",EPSG:32644,NA (streamed; not stored),NA,chip cloud/shadow fraction 0.0; chip no-data fraction 0.0; scene cloud cover 0.045415; sun elevation None,displayed in figure,epoch 2017; true colour; figure outputs/figures/karnali_79/imagery_timeseries/KAR-SET-032_shivalaya_timeseries_1972_2026.png
KAR-SET-032_2022,S2A_MSIL2A_20220408T050651_R019_T44RNS_20240524T030604,ESA Copernicus Sentinel-2,"Copernicus Sentinel data terms (free, attribution)",2022-04-08,2022,Sentinel-2A / Planetary Computer sentinel-2-l2a,10 m,"4 km window centred 82.015339,28.659594",EPSG:32644,NA (streamed; not stored),NA,chip cloud/shadow fraction 0.0; chip no-data fraction 0.0; scene cloud cover 0.000236; sun elevation None,displayed in figure,epoch 2022; true colour; figure outputs/figures/karnali_79/imagery_timeseries/KAR-SET-032_shivalaya_timeseries_1972_2026.png
KAR-SET-032_2026,S2B_MSIL2A_20260303T050649_R019_T44RNS_20260303T091046,ESA Copernicus Sentinel-2,"Copernicus Sentinel data terms (free, attribution)",2026-03-03,2026,Sentinel-2B / Planetary Computer sentinel-2-l2a,10 m,"4 km window centred 82.015339,28.659594",EPSG:32644,NA (streamed; not stored),NA,chip cloud/shadow fraction 0.0; chip no-data fraction 0.0; scene cloud cover 3e-06; sun elevation None,displayed in figure,epoch 2026; true colour; figure outputs/figures/karnali_79/imagery_timeseries/KAR-SET-032_shivalaya_timeseries_1972_2026.png
KAR-SET-033_1972,LM01_L1TP_155040_19721130_02_T2,USGS Landsat Collection 2,Public domain (USGS),1972-11-30,1972,landsat-1 / Planetary Computer landsat-c2-l1,60 m,"4 km window centred 81.456672,29.054242",EPSG:32644,NA (streamed; not stored),NA,chip cloud/shadow fraction 0.0; chip no-data fraction 0.0; scene cloud cover 1.0; sun elevation 33.49290941,displayed in figure,"epoch 1972; false colour (NIR-red-green): vegetation red, water dark; figure outputs/figures/karnali_79/imagery_timeseries/KAR-SET-033_aathbis_timeseries_1972_2026.png"
KAR-SET-033_1977,LM02_L1TP_155040_19770324_02_T2,USGS Landsat Collection 2,Public domain (USGS),1977-03-24,1977,landsat-2 / Planetary Computer landsat-c2-l1,60 m,"4 km window centred 81.456672,29.054242",EPSG:32644,NA (streamed; not stored),NA,chip cloud/shadow fraction 0.0; chip no-data fraction 0.0; scene cloud cover 0.0; sun elevation 44.57905385,displayed in figure,"epoch 1977; false colour (NIR-red-green): vegetation red, water dark; figure outputs/figures/karnali_79/imagery_timeseries/KAR-SET-033_aathbis_timeseries_1972_2026.png"
KAR-SET-033_1987,LT05_L2SP_144040_19890411_02_T1,USGS Landsat Collection 2,Public domain (USGS),1989-04-11,1989,landsat-5 / Planetary Computer landsat-c2-l2,30 m,"4 km window centred 81.456672,29.054242",EPSG:32644,NA (streamed; not stored),NA,chip cloud/shadow fraction 0.0002; chip no-data fraction 0.0; scene cloud cover 1.0; sun elevation 54.75653353,displayed in figure,epoch 1987; true colour; figure outputs/figures/karnali_79/imagery_timeseries/KAR-SET-033_aathbis_timeseries_1972_2026.png
KAR-SET-033_1992,LT05_L2SP_144040_19921028_02_T1,USGS Landsat Collection 2,Public domain (USGS),1992-10-28,1992,landsat-5 / Planetary Computer landsat-c2-l2,30 m,"4 km window centred 81.456672,29.054242",EPSG:32644,NA (streamed; not stored),NA,chip cloud/shadow fraction 0.0006; chip no-data fraction 0.0; scene cloud cover 1.0; sun elevation 39.94137675,displayed in figure,epoch 1992; true colour; figure outputs/figures/karnali_79/imagery_timeseries/KAR-SET-033_aathbis_timeseries_1972_2026.png
KAR-SET-033_1997,LT05_L2SP_144040_19970228_02_T1,USGS Landsat Collection 2,Public domain (USGS),1997-02-28,1997,landsat-5 / Planetary Computer landsat-c2-l2,30 m,"4 km window centred 81.456672,29.054242",EPSG:32644,NA (streamed; not stored),NA,chip cloud/shadow fraction 0.0; chip no-data fraction 0.0; scene cloud cover 1.0; sun elevation 40.65361466,displayed in figure,epoch 1997; true colour; figure outputs/figures/karnali_79/imagery_timeseries/KAR-SET-033_aathbis_timeseries_1972_2026.png
KAR-SET-033_2002,LE07_L2SP_144040_20021101_02_T1,USGS Landsat Collection 2,Public domain (USGS),2002-11-01,2002,landsat-7 / Planetary Computer landsat-c2-l2,30 m,"4 km window centred 81.456672,29.054242",EPSG:32644,NA (streamed; not stored),NA,chip cloud/shadow fraction 0.0006; chip no-data fraction 0.0; scene cloud cover 1.0; sun elevation 42.08208763,displayed in figure,epoch 2002; true colour; figure outputs/figures/karnali_79/imagery_timeseries/KAR-SET-033_aathbis_timeseries_1972_2026.png
KAR-SET-033_2007,LT05_L2SP_144040_20081109_02_T1,USGS Landsat Collection 2,Public domain (USGS),2008-11-09,2008,landsat-5 / Planetary Computer landsat-c2-l2,30 m,"4 km window centred 81.456672,29.054242",EPSG:32644,NA (streamed; not stored),NA,chip cloud/shadow fraction 0.0009; chip no-data fraction 0.0; scene cloud cover 1.0; sun elevation 39.28839046,displayed in figure,epoch 2007; true colour; figure outputs/figures/karnali_79/imagery_timeseries/KAR-SET-033_aathbis_timeseries_1972_2026.png
KAR-SET-033_2012,LC08_L2SP_144040_20130413_02_T1,USGS Landsat Collection 2,Public domain (USGS),2013-04-13,2013,landsat-8 / Planetary Computer landsat-c2-l2,30 m,"4 km window centred 81.456672,29.054242",EPSG:32644,NA (streamed; not stored),NA,chip cloud/shadow fraction 0.0006; chip no-data fraction 0.0; scene cloud cover 0.86; sun elevation 61.38406934,displayed in figure,epoch 2012; true colour; figure outputs/figures/karnali_79/imagery_timeseries/KAR-SET-033_aathbis_timeseries_1972_2026.png
KAR-SET-033_2017,S2A_MSIL2A_20170124T051101_R019_T44RNT_20210207T175513,ESA Copernicus Sentinel-2,"Copernicus Sentinel data terms (free, attribution)",2017-01-24,2017,Sentinel-2A / Planetary Computer sentinel-2-l2a,10 m,"4 km window centred 81.456672,29.054242",EPSG:32644,NA (streamed; not stored),NA,chip cloud/shadow fraction 0.0005; chip no-data fraction 0.0; scene cloud cover 1.793391; sun elevation None,displayed in figure,epoch 2017; true colour; figure outputs/figures/karnali_79/imagery_timeseries/KAR-SET-033_aathbis_timeseries_1972_2026.png
KAR-SET-033_2022,S2B_MSIL2A_20220314T050649_R019_T44RNT_20220314T143917,ESA Copernicus Sentinel-2,"Copernicus Sentinel data terms (free, attribution)",2022-03-14,2022,Sentinel-2B / Planetary Computer sentinel-2-l2a,10 m,"4 km window centred 81.456672,29.054242",EPSG:32644,NA (streamed; not stored),NA,chip cloud/shadow fraction 0.0; chip no-data fraction 0.0; scene cloud cover 0.000892; sun elevation None,displayed in figure,epoch 2022; true colour; figure outputs/figures/karnali_79/imagery_timeseries/KAR-SET-033_aathbis_timeseries_1972_2026.png
KAR-SET-033_2026,S2B_MSIL2A_20260422T050649_R019_T44RNT_20260422T085212,ESA Copernicus Sentinel-2,"Copernicus Sentinel data terms (free, attribution)",2026-04-22,2026,Sentinel-2B / Planetary Computer sentinel-2-l2a,10 m,"4 km window centred 81.456672,29.054242",EPSG:32644,NA (streamed; not stored),NA,chip cloud/shadow fraction 0.0; chip no-data fraction 0.0; scene cloud cover 0.0; sun elevation None,displayed in figure,epoch 2026; true colour; figure outputs/figures/karnali_79/imagery_timeseries/KAR-SET-033_aathbis_timeseries_1972_2026.png
KAR-SET-034_1972,LM01_L1TP_155040_19721130_02_T2,USGS Landsat Collection 2,Public domain (USGS),1972-11-30,1972,landsat-1 / Planetary Computer landsat-c2-l1,60 m,"4 km window centred 81.545511,28.941327",EPSG:32644,NA (streamed; not stored),NA,chip cloud/shadow fraction 0.0; chip no-data fraction 0.0; scene cloud cover 1.0; sun elevation 33.49290941,displayed in figure,"epoch 1972; false colour (NIR-red-green): vegetation red, water dark; figure outputs/figures/karnali_79/imagery_timeseries/KAR-SET-034_chamunda_bindrasaini_timeseries_1972_2026.png"
KAR-SET-034_1977,LM02_L1TP_155040_19770324_02_T2,USGS Landsat Collection 2,Public domain (USGS),1977-03-24,1977,landsat-2 / Planetary Computer landsat-c2-l1,60 m,"4 km window centred 81.545511,28.941327",EPSG:32644,NA (streamed; not stored),NA,chip cloud/shadow fraction 0.0; chip no-data fraction 0.0111; scene cloud cover 0.0; sun elevation 44.57905385,displayed in figure,"epoch 1977; false colour (NIR-red-green): vegetation red, water dark; figure outputs/figures/karnali_79/imagery_timeseries/KAR-SET-034_chamunda_bindrasaini_timeseries_1972_2026.png"
KAR-SET-034_1987,LT05_L2SP_144040_19890411_02_T1,USGS Landsat Collection 2,Public domain (USGS),1989-04-11,1989,landsat-5 / Planetary Computer landsat-c2-l2,30 m,"4 km window centred 81.545511,28.941327",EPSG:32644,NA (streamed; not stored),NA,chip cloud/shadow fraction 0.0; chip no-data fraction 0.0; scene cloud cover 1.0; sun elevation 54.75653353,displayed in figure,epoch 1987; true colour; figure outputs/figures/karnali_79/imagery_timeseries/KAR-SET-034_chamunda_bindrasaini_timeseries_1972_2026.png
KAR-SET-034_1992,LT05_L2SP_144040_19921028_02_T1,USGS Landsat Collection 2,Public domain (USGS),1992-10-28,1992,landsat-5 / Planetary Computer landsat-c2-l2,30 m,"4 km window centred 81.545511,28.941327",EPSG:32644,NA (streamed; not stored),NA,chip cloud/shadow fraction 0.0; chip no-data fraction 0.0; scene cloud cover 1.0; sun elevation 39.94137675,displayed in figure,epoch 1992; true colour; figure outputs/figures/karnali_79/imagery_timeseries/KAR-SET-034_chamunda_bindrasaini_timeseries_1972_2026.png
KAR-SET-034_1997,LT05_L2SP_144040_19970228_02_T1,USGS Landsat Collection 2,Public domain (USGS),1997-02-28,1997,landsat-5 / Planetary Computer landsat-c2-l2,30 m,"4 km window centred 81.545511,28.941327",EPSG:32644,NA (streamed; not stored),NA,chip cloud/shadow fraction 0.0; chip no-data fraction 0.0; scene cloud cover 1.0; sun elevation 40.65361466,displayed in figure,epoch 1997; true colour; figure outputs/figures/karnali_79/imagery_timeseries/KAR-SET-034_chamunda_bindrasaini_timeseries_1972_2026.png
KAR-SET-034_2002,LE07_L2SP_144040_20021101_02_T1,USGS Landsat Collection 2,Public domain (USGS),2002-11-01,2002,landsat-7 / Planetary Computer landsat-c2-l2,30 m,"4 km window centred 81.545511,28.941327",EPSG:32644,NA (streamed; not stored),NA,chip cloud/shadow fraction 0.0; chip no-data fraction 0.0; scene cloud cover 1.0; sun elevation 42.08208763,displayed in figure,epoch 2002; true colour; figure outputs/figures/karnali_79/imagery_timeseries/KAR-SET-034_chamunda_bindrasaini_timeseries_1972_2026.png
KAR-SET-034_2007,LT05_L2SP_143040_20081102_02_T1,USGS Landsat Collection 2,Public domain (USGS),2008-11-02,2008,landsat-5 / Planetary Computer landsat-c2-l2,30 m,"4 km window centred 81.545511,28.941327",EPSG:32644,NA (streamed; not stored),NA,chip cloud/shadow fraction 0.0; chip no-data fraction 0.0; scene cloud cover 1.0; sun elevation 41.15988239,displayed in figure,epoch 2007; true colour; figure outputs/figures/karnali_79/imagery_timeseries/KAR-SET-034_chamunda_bindrasaini_timeseries_1972_2026.png
KAR-SET-034_2012,LC08_L2SP_144040_20130413_02_T1,USGS Landsat Collection 2,Public domain (USGS),2013-04-13,2013,landsat-8 / Planetary Computer landsat-c2-l2,30 m,"4 km window centred 81.545511,28.941327",EPSG:32644,NA (streamed; not stored),NA,chip cloud/shadow fraction 0.0; chip no-data fraction 0.0; scene cloud cover 0.86; sun elevation 61.38406934,displayed in figure,epoch 2012; true colour; figure outputs/figures/karnali_79/imagery_timeseries/KAR-SET-034_chamunda_bindrasaini_timeseries_1972_2026.png
KAR-SET-034_2017,S2A_MSIL2A_20170124T051101_R019_T44RNT_20210207T175513,ESA Copernicus Sentinel-2,"Copernicus Sentinel data terms (free, attribution)",2017-01-24,2017,Sentinel-2A / Planetary Computer sentinel-2-l2a,10 m,"4 km window centred 81.545511,28.941327",EPSG:32644,NA (streamed; not stored),NA,chip cloud/shadow fraction 0.0; chip no-data fraction 0.0; scene cloud cover 1.793391; sun elevation None,displayed in figure,epoch 2017; true colour; figure outputs/figures/karnali_79/imagery_timeseries/KAR-SET-034_chamunda_bindrasaini_timeseries_1972_2026.png
KAR-SET-034_2022,S2B_MSIL2A_20220314T050649_R019_T44RNT_20220314T143917,ESA Copernicus Sentinel-2,"Copernicus Sentinel data terms (free, attribution)",2022-03-14,2022,Sentinel-2B / Planetary Computer sentinel-2-l2a,10 m,"4 km window centred 81.545511,28.941327",EPSG:32644,NA (streamed; not stored),NA,chip cloud/shadow fraction 0.0; chip no-data fraction 0.0; scene cloud cover 0.000892; sun elevation None,displayed in figure,epoch 2022; true colour; figure outputs/figures/karnali_79/imagery_timeseries/KAR-SET-034_chamunda_bindrasaini_timeseries_1972_2026.png
KAR-SET-034_2026,S2B_MSIL2A_20260422T050649_R019_T44RNT_20260422T085212,ESA Copernicus Sentinel-2,"Copernicus Sentinel data terms (free, attribution)",2026-04-22,2026,Sentinel-2B / Planetary Computer sentinel-2-l2a,10 m,"4 km window centred 81.545511,28.941327",EPSG:32644,NA (streamed; not stored),NA,chip cloud/shadow fraction 0.0; chip no-data fraction 0.0; scene cloud cover 0.0; sun elevation None,displayed in figure,epoch 2026; true colour; figure outputs/figures/karnali_79/imagery_timeseries/KAR-SET-034_chamunda_bindrasaini_timeseries_1972_2026.png
KAR-SET-035_1972,LM01_L1TP_155040_19721130_02_T2,USGS Landsat Collection 2,Public domain (USGS),1972-11-30,1972,landsat-1 / Planetary Computer landsat-c2-l1,60 m,"4 km window centred 81.609194,28.867206",EPSG:32644,NA (streamed; not stored),NA,chip cloud/shadow fraction 0.0; chip no-data fraction 0.0; scene cloud cover 1.0; sun elevation 33.49290941,displayed in figure,"epoch 1972; false colour (NIR-red-green): vegetation red, water dark; figure outputs/figures/karnali_79/imagery_timeseries/KAR-SET-035_dullu_timeseries_1972_2026.png"
KAR-SET-035_1977,LM02_L1TP_154040_19770323_02_T2,USGS Landsat Collection 2,Public domain (USGS),1977-03-23,1977,landsat-2 / Planetary Computer landsat-c2-l1,60 m,"4 km window centred 81.609194,28.867206",EPSG:32644,NA (streamed; not stored),NA,chip cloud/shadow fraction 0.0; chip no-data fraction 0.0; scene cloud cover 2.0; sun elevation 44.22210613,displayed in figure,"epoch 1977; false colour (NIR-red-green): vegetation red, water dark; figure outputs/figures/karnali_79/imagery_timeseries/KAR-SET-035_dullu_timeseries_1972_2026.png"
KAR-SET-035_1987,LT05_L2SP_143040_19880401_02_T1,USGS Landsat Collection 2,Public domain (USGS),1988-04-01,1988,landsat-5 / Planetary Computer landsat-c2-l2,30 m,"4 km window centred 81.609194,28.867206",EPSG:32644,NA (streamed; not stored),NA,chip cloud/shadow fraction 0.0; chip no-data fraction 0.0; scene cloud cover 4.0; sun elevation 52.01988744,displayed in figure,epoch 1987; true colour; figure outputs/figures/karnali_79/imagery_timeseries/KAR-SET-035_dullu_timeseries_1972_2026.png
KAR-SET-035_1992,LT05_L2SP_144040_19921028_02_T1,USGS Landsat Collection 2,Public domain (USGS),1992-10-28,1992,landsat-5 / Planetary Computer landsat-c2-l2,30 m,"4 km window centred 81.609194,28.867206",EPSG:32644,NA (streamed; not stored),NA,chip cloud/shadow fraction 0.0; chip no-data fraction 0.0; scene cloud cover 1.0; sun elevation 39.94137675,displayed in figure,epoch 1992; true colour; figure outputs/figures/karnali_79/imagery_timeseries/KAR-SET-035_dullu_timeseries_1972_2026.png
KAR-SET-035_1997,LT05_L2SP_144040_19970228_02_T1,USGS Landsat Collection 2,Public domain (USGS),1997-02-28,1997,landsat-5 / Planetary Computer landsat-c2-l2,30 m,"4 km window centred 81.609194,28.867206",EPSG:32644,NA (streamed; not stored),NA,chip cloud/shadow fraction 0.0; chip no-data fraction 0.0; scene cloud cover 1.0; sun elevation 40.65361466,displayed in figure,epoch 1997; true colour; figure outputs/figures/karnali_79/imagery_timeseries/KAR-SET-035_dullu_timeseries_1972_2026.png
KAR-SET-035_2002,LE07_L2SP_144040_20021101_02_T1,USGS Landsat Collection 2,Public domain (USGS),2002-11-01,2002,landsat-7 / Planetary Computer landsat-c2-l2,30 m,"4 km window centred 81.609194,28.867206",EPSG:32644,NA (streamed; not stored),NA,chip cloud/shadow fraction 0.0; chip no-data fraction 0.0; scene cloud cover 1.0; sun elevation 42.08208763,displayed in figure,epoch 2002; true colour; figure outputs/figures/karnali_79/imagery_timeseries/KAR-SET-035_dullu_timeseries_1972_2026.png
KAR-SET-035_2007,LT05_L2SP_143040_20081102_02_T1,USGS Landsat Collection 2,Public domain (USGS),2008-11-02,2008,landsat-5 / Planetary Computer landsat-c2-l2,30 m,"4 km window centred 81.609194,28.867206",EPSG:32644,NA (streamed; not stored),NA,chip cloud/shadow fraction 0.0; chip no-data fraction 0.0; scene cloud cover 1.0; sun elevation 41.15988239,displayed in figure,epoch 2007; true colour; figure outputs/figures/karnali_79/imagery_timeseries/KAR-SET-035_dullu_timeseries_1972_2026.png
KAR-SET-035_2012,LC08_L2SP_144040_20130413_02_T1,USGS Landsat Collection 2,Public domain (USGS),2013-04-13,2013,landsat-8 / Planetary Computer landsat-c2-l2,30 m,"4 km window centred 81.609194,28.867206",EPSG:32644,NA (streamed; not stored),NA,chip cloud/shadow fraction 0.0; chip no-data fraction 0.0; scene cloud cover 0.86; sun elevation 61.38406934,displayed in figure,epoch 2012; true colour; figure outputs/figures/karnali_79/imagery_timeseries/KAR-SET-035_dullu_timeseries_1972_2026.png
KAR-SET-035_2017,S2A_MSIL2A_20170424T050651_R019_T44RNS_20210209T101115,ESA Copernicus Sentinel-2,"Copernicus Sentinel data terms (free, attribution)",2017-04-24,2017,Sentinel-2A / Planetary Computer sentinel-2-l2a,10 m,"4 km window centred 81.609194,28.867206",EPSG:32644,NA (streamed; not stored),NA,chip cloud/shadow fraction 0.0; chip no-data fraction 0.0; scene cloud cover 0.045415; sun elevation None,displayed in figure,epoch 2017; true colour; figure outputs/figures/karnali_79/imagery_timeseries/KAR-SET-035_dullu_timeseries_1972_2026.png
KAR-SET-035_2022,S2A_MSIL2A_20221025T050901_R019_T44RNS_20240801T110105,ESA Copernicus Sentinel-2,"Copernicus Sentinel data terms (free, attribution)",2022-10-25,2022,Sentinel-2A / Planetary Computer sentinel-2-l2a,10 m,"4 km window centred 81.609194,28.867206",EPSG:32644,NA (streamed; not stored),NA,chip cloud/shadow fraction 0.0; chip no-data fraction 0.0; scene cloud cover 0.00439; sun elevation None,displayed in figure,epoch 2022; true colour; figure outputs/figures/karnali_79/imagery_timeseries/KAR-SET-035_dullu_timeseries_1972_2026.png
KAR-SET-035_2026,S2B_MSIL2A_20260422T050649_R019_T44RNT_20260422T085212,ESA Copernicus Sentinel-2,"Copernicus Sentinel data terms (free, attribution)",2026-04-22,2026,Sentinel-2B / Planetary Computer sentinel-2-l2a,10 m,"4 km window centred 81.609194,28.867206",EPSG:32644,NA (streamed; not stored),NA,chip cloud/shadow fraction 0.0; chip no-data fraction 0.0; scene cloud cover 0.0; sun elevation None,displayed in figure,epoch 2026; true colour; figure outputs/figures/karnali_79/imagery_timeseries/KAR-SET-035_dullu_timeseries_1972_2026.png
KAR-SET-036_1972,LM01_L1TP_154040_19730209_02_T2,USGS Landsat Collection 2,Public domain (USGS),1973-02-09,1973,landsat-1 / Planetary Computer landsat-c2-l1,60 m,"4 km window centred 81.717516,28.855053",EPSG:32644,NA (streamed; not stored),NA,chip cloud/shadow fraction 0.0096; chip no-data fraction 0.0; scene cloud cover 13.0; sun elevation 36.11236311,displayed in figure,"epoch 1972; false colour (NIR-red-green): vegetation red, water dark; figure outputs/figures/karnali_79/imagery_timeseries/KAR-SET-036_narayan_timeseries_1972_2026.png"
KAR-SET-036_1977,LM02_L1TP_154040_19770323_02_T2,USGS Landsat Collection 2,Public domain (USGS),1977-03-23,1977,landsat-2 / Planetary Computer landsat-c2-l1,60 m,"4 km window centred 81.717516,28.855053",EPSG:32644,NA (streamed; not stored),NA,chip cloud/shadow fraction 0.0; chip no-data fraction 0.0; scene cloud cover 2.0; sun elevation 44.22210613,displayed in figure,"epoch 1977; false colour (NIR-red-green): vegetation red, water dark; figure outputs/figures/karnali_79/imagery_timeseries/KAR-SET-036_narayan_timeseries_1972_2026.png"
KAR-SET-036_1987,LT05_L2SP_143040_19871227_02_T1,USGS Landsat Collection 2,Public domain (USGS),1987-12-27,1987,landsat-5 / Planetary Computer landsat-c2-l2,30 m,"4 km window centred 81.717516,28.855053",EPSG:32644,NA (streamed; not stored),NA,chip cloud/shadow fraction 0.0; chip no-data fraction 0.0; scene cloud cover 8.0; sun elevation 30.1816121,displayed in figure,epoch 1987; true colour; figure outputs/figures/karnali_79/imagery_timeseries/KAR-SET-036_narayan_timeseries_1972_2026.png
KAR-SET-036_1992,LT05_L2SP_144040_19921028_02_T1,USGS Landsat Collection 2,Public domain (USGS),1992-10-28,1992,landsat-5 / Planetary Computer landsat-c2-l2,30 m,"4 km window centred 81.717516,28.855053",EPSG:32644,NA (streamed; not stored),NA,chip cloud/shadow fraction 0.0; chip no-data fraction 0.0; scene cloud cover 1.0; sun elevation 39.94137675,displayed in figure,epoch 1992; true colour; figure outputs/figures/karnali_79/imagery_timeseries/KAR-SET-036_narayan_timeseries_1972_2026.png
KAR-SET-036_1997,LT05_L2SP_144040_19970228_02_T1,USGS Landsat Collection 2,Public domain (USGS),1997-02-28,1997,landsat-5 / Planetary Computer landsat-c2-l2,30 m,"4 km window centred 81.717516,28.855053",EPSG:32644,NA (streamed; not stored),NA,chip cloud/shadow fraction 0.0; chip no-data fraction 0.0; scene cloud cover 1.0; sun elevation 40.65361466,displayed in figure,epoch 1997; true colour; figure outputs/figures/karnali_79/imagery_timeseries/KAR-SET-036_narayan_timeseries_1972_2026.png
KAR-SET-036_2002,LE07_L2SP_144040_20021101_02_T1,USGS Landsat Collection 2,Public domain (USGS),2002-11-01,2002,landsat-7 / Planetary Computer landsat-c2-l2,30 m,"4 km window centred 81.717516,28.855053",EPSG:32644,NA (streamed; not stored),NA,chip cloud/shadow fraction 0.0; chip no-data fraction 0.0; scene cloud cover 1.0; sun elevation 42.08208763,displayed in figure,epoch 2002; true colour; figure outputs/figures/karnali_79/imagery_timeseries/KAR-SET-036_narayan_timeseries_1972_2026.png
KAR-SET-036_2007,LT05_L2SP_143040_20081102_02_T1,USGS Landsat Collection 2,Public domain (USGS),2008-11-02,2008,landsat-5 / Planetary Computer landsat-c2-l2,30 m,"4 km window centred 81.717516,28.855053",EPSG:32644,NA (streamed; not stored),NA,chip cloud/shadow fraction 0.0; chip no-data fraction 0.0; scene cloud cover 1.0; sun elevation 41.15988239,displayed in figure,epoch 2007; true colour; figure outputs/figures/karnali_79/imagery_timeseries/KAR-SET-036_narayan_timeseries_1972_2026.png
KAR-SET-036_2012,LC08_L2SP_144040_20130413_02_T1,USGS Landsat Collection 2,Public domain (USGS),2013-04-13,2013,landsat-8 / Planetary Computer landsat-c2-l2,30 m,"4 km window centred 81.717516,28.855053",EPSG:32644,NA (streamed; not stored),NA,chip cloud/shadow fraction 0.0; chip no-data fraction 0.0; scene cloud cover 0.86; sun elevation 61.38406934,displayed in figure,epoch 2012; true colour; figure outputs/figures/karnali_79/imagery_timeseries/KAR-SET-036_narayan_timeseries_1972_2026.png
KAR-SET-036_2017,S2A_MSIL2A_20170424T050651_R019_T44RNS_20210209T101115,ESA Copernicus Sentinel-2,"Copernicus Sentinel data terms (free, attribution)",2017-04-24,2017,Sentinel-2A / Planetary Computer sentinel-2-l2a,10 m,"4 km window centred 81.717516,28.855053",EPSG:32644,NA (streamed; not stored),NA,chip cloud/shadow fraction 0.0001; chip no-data fraction 0.0; scene cloud cover 0.045415; sun elevation None,displayed in figure,epoch 2017; true colour; figure outputs/figures/karnali_79/imagery_timeseries/KAR-SET-036_narayan_timeseries_1972_2026.png
KAR-SET-036_2022,S2A_MSIL2A_20221025T050901_R019_T44RNS_20240801T110105,ESA Copernicus Sentinel-2,"Copernicus Sentinel data terms (free, attribution)",2022-10-25,2022,Sentinel-2A / Planetary Computer sentinel-2-l2a,10 m,"4 km window centred 81.717516,28.855053",EPSG:32644,NA (streamed; not stored),NA,chip cloud/shadow fraction 0.0; chip no-data fraction 0.0; scene cloud cover 0.00439; sun elevation None,displayed in figure,epoch 2022; true colour; figure outputs/figures/karnali_79/imagery_timeseries/KAR-SET-036_narayan_timeseries_1972_2026.png
KAR-SET-036_2026,S2B_MSIL2A_20260422T050649_R019_T44RNT_20260422T085212,ESA Copernicus Sentinel-2,"Copernicus Sentinel data terms (free, attribution)",2026-04-22,2026,Sentinel-2B / Planetary Computer sentinel-2-l2a,10 m,"4 km window centred 81.717516,28.855053",EPSG:32644,NA (streamed; not stored),NA,chip cloud/shadow fraction 0.0; chip no-data fraction 0.015; scene cloud cover 0.0; sun elevation None,displayed in figure,epoch 2026; true colour; figure outputs/figures/karnali_79/imagery_timeseries/KAR-SET-036_narayan_timeseries_1972_2026.png
KAR-SET-037_1972,LM01_L1TP_155040_19721130_02_T2,USGS Landsat Collection 2,Public domain (USGS),1972-11-30,1972,landsat-1 / Planetary Computer landsat-c2-l1,60 m,"4 km window centred 81.515853,28.983825",EPSG:32644,NA (streamed; not stored),NA,chip cloud/shadow fraction 0.0; chip no-data fraction 0.0; scene cloud cover 1.0; sun elevation 33.49290941,displayed in figure,"epoch 1972; false colour (NIR-red-green): vegetation red, water dark; figure outputs/figures/karnali_79/imagery_timeseries/KAR-SET-037_thantikandh_timeseries_1972_2026.png"
KAR-SET-037_1977,LM02_L1TP_155040_19770324_02_T2,USGS Landsat Collection 2,Public domain (USGS),1977-03-24,1977,landsat-2 / Planetary Computer landsat-c2-l1,60 m,"4 km window centred 81.515853,28.983825",EPSG:32644,NA (streamed; not stored),NA,chip cloud/shadow fraction 0.0; chip no-data fraction 0.0; scene cloud cover 0.0; sun elevation 44.57905385,displayed in figure,"epoch 1977; false colour (NIR-red-green): vegetation red, water dark; figure outputs/figures/karnali_79/imagery_timeseries/KAR-SET-037_thantikandh_timeseries_1972_2026.png"
KAR-SET-037_1987,LT05_L2SP_144040_19890411_02_T1,USGS Landsat Collection 2,Public domain (USGS),1989-04-11,1989,landsat-5 / Planetary Computer landsat-c2-l2,30 m,"4 km window centred 81.515853,28.983825",EPSG:32644,NA (streamed; not stored),NA,chip cloud/shadow fraction 0.0; chip no-data fraction 0.0; scene cloud cover 1.0; sun elevation 54.75653353,displayed in figure,epoch 1987; true colour; figure outputs/figures/karnali_79/imagery_timeseries/KAR-SET-037_thantikandh_timeseries_1972_2026.png
KAR-SET-037_1992,LT05_L2SP_144040_19921028_02_T1,USGS Landsat Collection 2,Public domain (USGS),1992-10-28,1992,landsat-5 / Planetary Computer landsat-c2-l2,30 m,"4 km window centred 81.515853,28.983825",EPSG:32644,NA (streamed; not stored),NA,chip cloud/shadow fraction 0.0; chip no-data fraction 0.0; scene cloud cover 1.0; sun elevation 39.94137675,displayed in figure,epoch 1992; true colour; figure outputs/figures/karnali_79/imagery_timeseries/KAR-SET-037_thantikandh_timeseries_1972_2026.png
KAR-SET-037_1997,LT05_L2SP_144040_19970228_02_T1,USGS Landsat Collection 2,Public domain (USGS),1997-02-28,1997,landsat-5 / Planetary Computer landsat-c2-l2,30 m,"4 km window centred 81.515853,28.983825",EPSG:32644,NA (streamed; not stored),NA,chip cloud/shadow fraction 0.0; chip no-data fraction 0.0; scene cloud cover 1.0; sun elevation 40.65361466,displayed in figure,epoch 1997; true colour; figure outputs/figures/karnali_79/imagery_timeseries/KAR-SET-037_thantikandh_timeseries_1972_2026.png
KAR-SET-037_2002,LE07_L2SP_144040_20021101_02_T1,USGS Landsat Collection 2,Public domain (USGS),2002-11-01,2002,landsat-7 / Planetary Computer landsat-c2-l2,30 m,"4 km window centred 81.515853,28.983825",EPSG:32644,NA (streamed; not stored),NA,chip cloud/shadow fraction 0.0; chip no-data fraction 0.0; scene cloud cover 1.0; sun elevation 42.08208763,displayed in figure,epoch 2002; true colour; figure outputs/figures/karnali_79/imagery_timeseries/KAR-SET-037_thantikandh_timeseries_1972_2026.png
KAR-SET-037_2007,LT05_L2SP_143040_20081102_02_T1,USGS Landsat Collection 2,Public domain (USGS),2008-11-02,2008,landsat-5 / Planetary Computer landsat-c2-l2,30 m,"4 km window centred 81.515853,28.983825",EPSG:32644,NA (streamed; not stored),NA,chip cloud/shadow fraction 0.0; chip no-data fraction 0.0086; scene cloud cover 1.0; sun elevation 41.15988239,displayed in figure,epoch 2007; true colour; figure outputs/figures/karnali_79/imagery_timeseries/KAR-SET-037_thantikandh_timeseries_1972_2026.png
KAR-SET-037_2012,LC08_L2SP_144040_20130413_02_T1,USGS Landsat Collection 2,Public domain (USGS),2013-04-13,2013,landsat-8 / Planetary Computer landsat-c2-l2,30 m,"4 km window centred 81.515853,28.983825",EPSG:32644,NA (streamed; not stored),NA,chip cloud/shadow fraction 0.0; chip no-data fraction 0.0; scene cloud cover 0.86; sun elevation 61.38406934,displayed in figure,epoch 2012; true colour; figure outputs/figures/karnali_79/imagery_timeseries/KAR-SET-037_thantikandh_timeseries_1972_2026.png
KAR-SET-037_2017,S2A_MSIL2A_20170124T051101_R019_T44RNT_20210207T175513,ESA Copernicus Sentinel-2,"Copernicus Sentinel data terms (free, attribution)",2017-01-24,2017,Sentinel-2A / Planetary Computer sentinel-2-l2a,10 m,"4 km window centred 81.515853,28.983825",EPSG:32644,NA (streamed; not stored),NA,chip cloud/shadow fraction 0.0; chip no-data fraction 0.0; scene cloud cover 1.793391; sun elevation None,displayed in figure,epoch 2017; true colour; figure outputs/figures/karnali_79/imagery_timeseries/KAR-SET-037_thantikandh_timeseries_1972_2026.png
KAR-SET-037_2022,S2B_MSIL2A_20220314T050649_R019_T44RNT_20220314T143917,ESA Copernicus Sentinel-2,"Copernicus Sentinel data terms (free, attribution)",2022-03-14,2022,Sentinel-2B / Planetary Computer sentinel-2-l2a,10 m,"4 km window centred 81.515853,28.983825",EPSG:32644,NA (streamed; not stored),NA,chip cloud/shadow fraction 0.0; chip no-data fraction 0.0; scene cloud cover 0.000892; sun elevation None,displayed in figure,epoch 2022; true colour; figure outputs/figures/karnali_79/imagery_timeseries/KAR-SET-037_thantikandh_timeseries_1972_2026.png
KAR-SET-037_2026,S2B_MSIL2A_20260422T050649_R019_T44RNT_20260422T085212,ESA Copernicus Sentinel-2,"Copernicus Sentinel data terms (free, attribution)",2026-04-22,2026,Sentinel-2B / Planetary Computer sentinel-2-l2a,10 m,"4 km window centred 81.515853,28.983825",EPSG:32644,NA (streamed; not stored),NA,chip cloud/shadow fraction 0.0; chip no-data fraction 0.0; scene cloud cover 0.0; sun elevation None,displayed in figure,epoch 2026; true colour; figure outputs/figures/karnali_79/imagery_timeseries/KAR-SET-037_thantikandh_timeseries_1972_2026.png
KAR-SET-038_1972,LM01_L1TP_155040_19721130_02_T2,USGS Landsat Collection 2,Public domain (USGS),1972-11-30,1972,landsat-1 / Planetary Computer landsat-c2-l1,60 m,"4 km window centred 81.627123,28.931806",EPSG:32644,NA (streamed; not stored),NA,chip cloud/shadow fraction 0.0; chip no-data fraction 0.0; scene cloud cover 1.0; sun elevation 33.49290941,displayed in figure,"epoch 1972; false colour (NIR-red-green): vegetation red, water dark; figure outputs/figures/karnali_79/imagery_timeseries/KAR-SET-038_bhairabi_timeseries_1972_2026.png"
KAR-SET-038_1977,LM02_L1TP_154040_19770323_02_T2,USGS Landsat Collection 2,Public domain (USGS),1977-03-23,1977,landsat-2 / Planetary Computer landsat-c2-l1,60 m,"4 km window centred 81.627123,28.931806",EPSG:32644,NA (streamed; not stored),NA,chip cloud/shadow fraction 0.0; chip no-data fraction 0.0; scene cloud cover 2.0; sun elevation 44.22210613,displayed in figure,"epoch 1977; false colour (NIR-red-green): vegetation red, water dark; figure outputs/figures/karnali_79/imagery_timeseries/KAR-SET-038_bhairabi_timeseries_1972_2026.png"
KAR-SET-038_1987,LT05_L2SP_143040_19880401_02_T1,USGS Landsat Collection 2,Public domain (USGS),1988-04-01,1988,landsat-5 / Planetary Computer landsat-c2-l2,30 m,"4 km window centred 81.627123,28.931806",EPSG:32644,NA (streamed; not stored),NA,chip cloud/shadow fraction 0.0; chip no-data fraction 0.0; scene cloud cover 4.0; sun elevation 52.01988744,displayed in figure,epoch 1987; true colour; figure outputs/figures/karnali_79/imagery_timeseries/KAR-SET-038_bhairabi_timeseries_1972_2026.png
KAR-SET-038_1992,LT05_L2SP_144040_19921028_02_T1,USGS Landsat Collection 2,Public domain (USGS),1992-10-28,1992,landsat-5 / Planetary Computer landsat-c2-l2,30 m,"4 km window centred 81.627123,28.931806",EPSG:32644,NA (streamed; not stored),NA,chip cloud/shadow fraction 0.0; chip no-data fraction 0.0; scene cloud cover 1.0; sun elevation 39.94137675,displayed in figure,epoch 1992; true colour; figure outputs/figures/karnali_79/imagery_timeseries/KAR-SET-038_bhairabi_timeseries_1972_2026.png
KAR-SET-038_1997,LT05_L2SP_144040_19970228_02_T1,USGS Landsat Collection 2,Public domain (USGS),1997-02-28,1997,landsat-5 / Planetary Computer landsat-c2-l2,30 m,"4 km window centred 81.627123,28.931806",EPSG:32644,NA (streamed; not stored),NA,chip cloud/shadow fraction 0.0; chip no-data fraction 0.0; scene cloud cover 1.0; sun elevation 40.65361466,displayed in figure,epoch 1997; true colour; figure outputs/figures/karnali_79/imagery_timeseries/KAR-SET-038_bhairabi_timeseries_1972_2026.png
KAR-SET-038_2002,LE07_L2SP_144040_20021101_02_T1,USGS Landsat Collection 2,Public domain (USGS),2002-11-01,2002,landsat-7 / Planetary Computer landsat-c2-l2,30 m,"4 km window centred 81.627123,28.931806",EPSG:32644,NA (streamed; not stored),NA,chip cloud/shadow fraction 0.0; chip no-data fraction 0.0; scene cloud cover 1.0; sun elevation 42.08208763,displayed in figure,epoch 2002; true colour; figure outputs/figures/karnali_79/imagery_timeseries/KAR-SET-038_bhairabi_timeseries_1972_2026.png
KAR-SET-038_2007,LT05_L2SP_143040_20081102_02_T1,USGS Landsat Collection 2,Public domain (USGS),2008-11-02,2008,landsat-5 / Planetary Computer landsat-c2-l2,30 m,"4 km window centred 81.627123,28.931806",EPSG:32644,NA (streamed; not stored),NA,chip cloud/shadow fraction 0.0; chip no-data fraction 0.0; scene cloud cover 1.0; sun elevation 41.15988239,displayed in figure,epoch 2007; true colour; figure outputs/figures/karnali_79/imagery_timeseries/KAR-SET-038_bhairabi_timeseries_1972_2026.png
KAR-SET-038_2012,LC08_L2SP_144040_20130413_02_T1,USGS Landsat Collection 2,Public domain (USGS),2013-04-13,2013,landsat-8 / Planetary Computer landsat-c2-l2,30 m,"4 km window centred 81.627123,28.931806",EPSG:32644,NA (streamed; not stored),NA,chip cloud/shadow fraction 0.0; chip no-data fraction 0.0; scene cloud cover 0.86; sun elevation 61.38406934,displayed in figure,epoch 2012; true colour; figure outputs/figures/karnali_79/imagery_timeseries/KAR-SET-038_bhairabi_timeseries_1972_2026.png
KAR-SET-038_2017,S2A_MSIL2A_20170124T051101_R019_T44RNT_20210207T175513,ESA Copernicus Sentinel-2,"Copernicus Sentinel data terms (free, attribution)",2017-01-24,2017,Sentinel-2A / Planetary Computer sentinel-2-l2a,10 m,"4 km window centred 81.627123,28.931806",EPSG:32644,NA (streamed; not stored),NA,chip cloud/shadow fraction 0.0; chip no-data fraction 0.0; scene cloud cover 1.793391; sun elevation None,displayed in figure,epoch 2017; true colour; figure outputs/figures/karnali_79/imagery_timeseries/KAR-SET-038_bhairabi_timeseries_1972_2026.png
KAR-SET-038_2022,S2B_MSIL2A_20220314T050649_R019_T44RNT_20220314T143917,ESA Copernicus Sentinel-2,"Copernicus Sentinel data terms (free, attribution)",2022-03-14,2022,Sentinel-2B / Planetary Computer sentinel-2-l2a,10 m,"4 km window centred 81.627123,28.931806",EPSG:32644,NA (streamed; not stored),NA,chip cloud/shadow fraction 0.0; chip no-data fraction 0.0; scene cloud cover 0.000892; sun elevation None,displayed in figure,epoch 2022; true colour; figure outputs/figures/karnali_79/imagery_timeseries/KAR-SET-038_bhairabi_timeseries_1972_2026.png
KAR-SET-038_2026,S2B_MSIL2A_20260422T050649_R019_T44RNT_20260422T085212,ESA Copernicus Sentinel-2,"Copernicus Sentinel data terms (free, attribution)",2026-04-22,2026,Sentinel-2B / Planetary Computer sentinel-2-l2a,10 m,"4 km window centred 81.627123,28.931806",EPSG:32644,NA (streamed; not stored),NA,chip cloud/shadow fraction 0.0; chip no-data fraction 0.0; scene cloud cover 0.0; sun elevation None,displayed in figure,epoch 2026; true colour; figure outputs/figures/karnali_79/imagery_timeseries/KAR-SET-038_bhairabi_timeseries_1972_2026.png
KAR-SET-039_1972,LM01_L1TP_155040_19730105_02_T2,USGS Landsat Collection 2,Public domain (USGS),1973-01-05,1973,landsat-1 / Planetary Computer landsat-c2-l1,60 m,"4 km window centred 81.69767,28.884008",EPSG:32644,NA (streamed; not stored),NA,chip cloud/shadow fraction 0.0; chip no-data fraction 0.0; scene cloud cover 30.0; sun elevation 30.78321714,displayed in figure,"epoch 1972; false colour (NIR-red-green): vegetation red, water dark; figure outputs/figures/karnali_79/imagery_timeseries/KAR-SET-039_mahabu_timeseries_1972_2026.png"
KAR-SET-039_1977,LM02_L1TP_154040_19770323_02_T2,USGS Landsat Collection 2,Public domain (USGS),1977-03-23,1977,landsat-2 / Planetary Computer landsat-c2-l1,60 m,"4 km window centred 81.69767,28.884008",EPSG:32644,NA (streamed; not stored),NA,chip cloud/shadow fraction 0.0; chip no-data fraction 0.0; scene cloud cover 2.0; sun elevation 44.22210613,displayed in figure,"epoch 1977; false colour (NIR-red-green): vegetation red, water dark; figure outputs/figures/karnali_79/imagery_timeseries/KAR-SET-039_mahabu_timeseries_1972_2026.png"
KAR-SET-039_1987,LT05_L2SP_143040_19871227_02_T1,USGS Landsat Collection 2,Public domain (USGS),1987-12-27,1987,landsat-5 / Planetary Computer landsat-c2-l2,30 m,"4 km window centred 81.69767,28.884008",EPSG:32644,NA (streamed; not stored),NA,chip cloud/shadow fraction 0.0; chip no-data fraction 0.0; scene cloud cover 8.0; sun elevation 30.1816121,displayed in figure,epoch 1987; true colour; figure outputs/figures/karnali_79/imagery_timeseries/KAR-SET-039_mahabu_timeseries_1972_2026.png
KAR-SET-039_1992,LT05_L2SP_144040_19921028_02_T1,USGS Landsat Collection 2,Public domain (USGS),1992-10-28,1992,landsat-5 / Planetary Computer landsat-c2-l2,30 m,"4 km window centred 81.69767,28.884008",EPSG:32644,NA (streamed; not stored),NA,chip cloud/shadow fraction 0.0; chip no-data fraction 0.0; scene cloud cover 1.0; sun elevation 39.94137675,displayed in figure,epoch 1992; true colour; figure outputs/figures/karnali_79/imagery_timeseries/KAR-SET-039_mahabu_timeseries_1972_2026.png
KAR-SET-039_1997,LT05_L2SP_144040_19970228_02_T1,USGS Landsat Collection 2,Public domain (USGS),1997-02-28,1997,landsat-5 / Planetary Computer landsat-c2-l2,30 m,"4 km window centred 81.69767,28.884008",EPSG:32644,NA (streamed; not stored),NA,chip cloud/shadow fraction 0.0; chip no-data fraction 0.0; scene cloud cover 1.0; sun elevation 40.65361466,displayed in figure,epoch 1997; true colour; figure outputs/figures/karnali_79/imagery_timeseries/KAR-SET-039_mahabu_timeseries_1972_2026.png
KAR-SET-039_2002,LE07_L2SP_144040_20021101_02_T1,USGS Landsat Collection 2,Public domain (USGS),2002-11-01,2002,landsat-7 / Planetary Computer landsat-c2-l2,30 m,"4 km window centred 81.69767,28.884008",EPSG:32644,NA (streamed; not stored),NA,chip cloud/shadow fraction 0.0; chip no-data fraction 0.0; scene cloud cover 1.0; sun elevation 42.08208763,displayed in figure,epoch 2002; true colour; figure outputs/figures/karnali_79/imagery_timeseries/KAR-SET-039_mahabu_timeseries_1972_2026.png
KAR-SET-039_2007,LT05_L2SP_143040_20081102_02_T1,USGS Landsat Collection 2,Public domain (USGS),2008-11-02,2008,landsat-5 / Planetary Computer landsat-c2-l2,30 m,"4 km window centred 81.69767,28.884008",EPSG:32644,NA (streamed; not stored),NA,chip cloud/shadow fraction 0.0; chip no-data fraction 0.0; scene cloud cover 1.0; sun elevation 41.15988239,displayed in figure,epoch 2007; true colour; figure outputs/figures/karnali_79/imagery_timeseries/KAR-SET-039_mahabu_timeseries_1972_2026.png
KAR-SET-039_2012,LC08_L2SP_144040_20130413_02_T1,USGS Landsat Collection 2,Public domain (USGS),2013-04-13,2013,landsat-8 / Planetary Computer landsat-c2-l2,30 m,"4 km window centred 81.69767,28.884008",EPSG:32644,NA (streamed; not stored),NA,chip cloud/shadow fraction 0.0; chip no-data fraction 0.0; scene cloud cover 0.86; sun elevation 61.38406934,displayed in figure,epoch 2012; true colour; figure outputs/figures/karnali_79/imagery_timeseries/KAR-SET-039_mahabu_timeseries_1972_2026.png
KAR-SET-039_2017,S2A_MSIL2A_20170424T050651_R019_T44RNS_20210209T101115,ESA Copernicus Sentinel-2,"Copernicus Sentinel data terms (free, attribution)",2017-04-24,2017,Sentinel-2A / Planetary Computer sentinel-2-l2a,10 m,"4 km window centred 81.69767,28.884008",EPSG:32644,NA (streamed; not stored),NA,chip cloud/shadow fraction 0.0; chip no-data fraction 0.0; scene cloud cover 0.045415; sun elevation None,displayed in figure,epoch 2017; true colour; figure outputs/figures/karnali_79/imagery_timeseries/KAR-SET-039_mahabu_timeseries_1972_2026.png
KAR-SET-039_2022,S2A_MSIL2A_20221025T050901_R019_T44RNS_20240801T110105,ESA Copernicus Sentinel-2,"Copernicus Sentinel data terms (free, attribution)",2022-10-25,2022,Sentinel-2A / Planetary Computer sentinel-2-l2a,10 m,"4 km window centred 81.69767,28.884008",EPSG:32644,NA (streamed; not stored),NA,chip cloud/shadow fraction 0.0; chip no-data fraction 0.0; scene cloud cover 0.00439; sun elevation None,displayed in figure,epoch 2022; true colour; figure outputs/figures/karnali_79/imagery_timeseries/KAR-SET-039_mahabu_timeseries_1972_2026.png
KAR-SET-039_2026,S2B_MSIL2A_20260422T050649_R019_T44RNT_20260422T085212,ESA Copernicus Sentinel-2,"Copernicus Sentinel data terms (free, attribution)",2026-04-22,2026,Sentinel-2B / Planetary Computer sentinel-2-l2a,10 m,"4 km window centred 81.69767,28.884008",EPSG:32644,NA (streamed; not stored),NA,chip cloud/shadow fraction 0.0; chip no-data fraction 0.0; scene cloud cover 0.0; sun elevation None,displayed in figure,epoch 2026; true colour; figure outputs/figures/karnali_79/imagery_timeseries/KAR-SET-039_mahabu_timeseries_1972_2026.png
KAR-SET-040_1972,LM01_L1TP_154040_19721217_02_T2,USGS Landsat Collection 2,Public domain (USGS),1972-12-17,1972,landsat-1 / Planetary Computer landsat-c2-l1,60 m,"4 km window centred 81.809773,28.908457",EPSG:32644,NA (streamed; not stored),NA,chip cloud/shadow fraction 0.0; chip no-data fraction 0.0; scene cloud cover 6.0; sun elevation 31.42157915,displayed in figure,"epoch 1972; false colour (NIR-red-green): vegetation red, water dark; figure outputs/figures/karnali_79/imagery_timeseries/KAR-SET-040_naumule_timeseries_1972_2026.png"
KAR-SET-040_1977,LM02_L1TP_154040_19770323_02_T2,USGS Landsat Collection 2,Public domain (USGS),1977-03-23,1977,landsat-2 / Planetary Computer landsat-c2-l1,60 m,"4 km window centred 81.809773,28.908457",EPSG:32644,NA (streamed; not stored),NA,chip cloud/shadow fraction 0.0; chip no-data fraction 0.0; scene cloud cover 2.0; sun elevation 44.22210613,displayed in figure,"epoch 1977; false colour (NIR-red-green): vegetation red, water dark; figure outputs/figures/karnali_79/imagery_timeseries/KAR-SET-040_naumule_timeseries_1972_2026.png"
KAR-SET-040_1987,LT05_L2SP_143040_19871227_02_T1,USGS Landsat Collection 2,Public domain (USGS),1987-12-27,1987,landsat-5 / Planetary Computer landsat-c2-l2,30 m,"4 km window centred 81.809773,28.908457",EPSG:32644,NA (streamed; not stored),NA,chip cloud/shadow fraction 0.0; chip no-data fraction 0.0; scene cloud cover 8.0; sun elevation 30.1816121,displayed in figure,epoch 1987; true colour; figure outputs/figures/karnali_79/imagery_timeseries/KAR-SET-040_naumule_timeseries_1972_2026.png
KAR-SET-040_1992,LT05_L2SP_144040_19921028_02_T1,USGS Landsat Collection 2,Public domain (USGS),1992-10-28,1992,landsat-5 / Planetary Computer landsat-c2-l2,30 m,"4 km window centred 81.809773,28.908457",EPSG:32644,NA (streamed; not stored),NA,chip cloud/shadow fraction 0.0; chip no-data fraction 0.0; scene cloud cover 1.0; sun elevation 39.94137675,displayed in figure,epoch 1992; true colour; figure outputs/figures/karnali_79/imagery_timeseries/KAR-SET-040_naumule_timeseries_1972_2026.png
KAR-SET-040_1997,LT05_L2SP_144040_19970228_02_T1,USGS Landsat Collection 2,Public domain (USGS),1997-02-28,1997,landsat-5 / Planetary Computer landsat-c2-l2,30 m,"4 km window centred 81.809773,28.908457",EPSG:32644,NA (streamed; not stored),NA,chip cloud/shadow fraction 0.0; chip no-data fraction 0.0; scene cloud cover 1.0; sun elevation 40.65361466,displayed in figure,epoch 1997; true colour; figure outputs/figures/karnali_79/imagery_timeseries/KAR-SET-040_naumule_timeseries_1972_2026.png
KAR-SET-040_2002,LE07_L2SP_144040_20021101_02_T1,USGS Landsat Collection 2,Public domain (USGS),2002-11-01,2002,landsat-7 / Planetary Computer landsat-c2-l2,30 m,"4 km window centred 81.809773,28.908457",EPSG:32644,NA (streamed; not stored),NA,chip cloud/shadow fraction 0.0; chip no-data fraction 0.0; scene cloud cover 1.0; sun elevation 42.08208763,displayed in figure,epoch 2002; true colour; figure outputs/figures/karnali_79/imagery_timeseries/KAR-SET-040_naumule_timeseries_1972_2026.png
KAR-SET-040_2007,LT05_L2SP_143040_20081102_02_T1,USGS Landsat Collection 2,Public domain (USGS),2008-11-02,2008,landsat-5 / Planetary Computer landsat-c2-l2,30 m,"4 km window centred 81.809773,28.908457",EPSG:32644,NA (streamed; not stored),NA,chip cloud/shadow fraction 0.0; chip no-data fraction 0.0; scene cloud cover 1.0; sun elevation 41.15988239,displayed in figure,epoch 2007; true colour; figure outputs/figures/karnali_79/imagery_timeseries/KAR-SET-040_naumule_timeseries_1972_2026.png
KAR-SET-040_2012,LC08_L2SP_144040_20130413_02_T1,USGS Landsat Collection 2,Public domain (USGS),2013-04-13,2013,landsat-8 / Planetary Computer landsat-c2-l2,30 m,"4 km window centred 81.809773,28.908457",EPSG:32644,NA (streamed; not stored),NA,chip cloud/shadow fraction 0.0; chip no-data fraction 0.0; scene cloud cover 0.86; sun elevation 61.38406934,displayed in figure,epoch 2012; true colour; figure outputs/figures/karnali_79/imagery_timeseries/KAR-SET-040_naumule_timeseries_1972_2026.png
KAR-SET-040_2017,S2A_MSIL2A_20170424T050651_R019_T44RNS_20210209T101115,ESA Copernicus Sentinel-2,"Copernicus Sentinel data terms (free, attribution)",2017-04-24,2017,Sentinel-2A / Planetary Computer sentinel-2-l2a,10 m,"4 km window centred 81.809773,28.908457",EPSG:32644,NA (streamed; not stored),NA,chip cloud/shadow fraction 0.0; chip no-data fraction 0.0175; scene cloud cover 0.045415; sun elevation None,displayed in figure,epoch 2017; true colour; figure outputs/figures/karnali_79/imagery_timeseries/KAR-SET-040_naumule_timeseries_1972_2026.png
KAR-SET-040_2022,S2A_MSIL2A_20221025T050901_R019_T44RNS_20240801T110105,ESA Copernicus Sentinel-2,"Copernicus Sentinel data terms (free, attribution)",2022-10-25,2022,Sentinel-2A / Planetary Computer sentinel-2-l2a,10 m,"4 km window centred 81.809773,28.908457",EPSG:32644,NA (streamed; not stored),NA,chip cloud/shadow fraction 0.0; chip no-data fraction 0.0175; scene cloud cover 0.00439; sun elevation None,displayed in figure,epoch 2022; true colour; figure outputs/figures/karnali_79/imagery_timeseries/KAR-SET-040_naumule_timeseries_1972_2026.png
KAR-SET-040_2026,S2B_MSIL2A_20260422T050649_R019_T44RNT_20260422T085212,ESA Copernicus Sentinel-2,"Copernicus Sentinel data terms (free, attribution)",2026-04-22,2026,Sentinel-2B / Planetary Computer sentinel-2-l2a,10 m,"4 km window centred 81.809773,28.908457",EPSG:32644,NA (streamed; not stored),NA,chip cloud/shadow fraction 0.0; chip no-data fraction 0.0; scene cloud cover 0.0; sun elevation None,displayed in figure,epoch 2026; true colour; figure outputs/figures/karnali_79/imagery_timeseries/KAR-SET-040_naumule_timeseries_1972_2026.png
KAR-SET-041_1972,LM01_L1TP_154040_19721217_02_T2,USGS Landsat Collection 2,Public domain (USGS),1972-12-17,1972,landsat-1 / Planetary Computer landsat-c2-l1,60 m,"4 km window centred 81.619044,28.759722",EPSG:32644,NA (streamed; not stored),NA,chip cloud/shadow fraction 0.0; chip no-data fraction 0.0; scene cloud cover 6.0; sun elevation 31.42157915,displayed in figure,"epoch 1972; false colour (NIR-red-green): vegetation red, water dark; figure outputs/figures/karnali_79/imagery_timeseries/KAR-SET-041_gurans_timeseries_1972_2026.png"
KAR-SET-041_1977,LM02_L1TP_154040_19770323_02_T2,USGS Landsat Collection 2,Public domain (USGS),1977-03-23,1977,landsat-2 / Planetary Computer landsat-c2-l1,60 m,"4 km window centred 81.619044,28.759722",EPSG:32644,NA (streamed; not stored),NA,chip cloud/shadow fraction 0.0; chip no-data fraction 0.0; scene cloud cover 2.0; sun elevation 44.22210613,displayed in figure,"epoch 1977; false colour (NIR-red-green): vegetation red, water dark; figure outputs/figures/karnali_79/imagery_timeseries/KAR-SET-041_gurans_timeseries_1972_2026.png"
KAR-SET-041_1987,LT05_L2SP_143040_19880401_02_T1,USGS Landsat Collection 2,Public domain (USGS),1988-04-01,1988,landsat-5 / Planetary Computer landsat-c2-l2,30 m,"4 km window centred 81.619044,28.759722",EPSG:32644,NA (streamed; not stored),NA,chip cloud/shadow fraction 0.0; chip no-data fraction 0.0; scene cloud cover 4.0; sun elevation 52.01988744,displayed in figure,epoch 1987; true colour; figure outputs/figures/karnali_79/imagery_timeseries/KAR-SET-041_gurans_timeseries_1972_2026.png
KAR-SET-041_1992,LT05_L2SP_144040_19921028_02_T1,USGS Landsat Collection 2,Public domain (USGS),1992-10-28,1992,landsat-5 / Planetary Computer landsat-c2-l2,30 m,"4 km window centred 81.619044,28.759722",EPSG:32644,NA (streamed; not stored),NA,chip cloud/shadow fraction 0.0; chip no-data fraction 0.0; scene cloud cover 1.0; sun elevation 39.94137675,displayed in figure,epoch 1992; true colour; figure outputs/figures/karnali_79/imagery_timeseries/KAR-SET-041_gurans_timeseries_1972_2026.png
KAR-SET-041_1997,LT05_L2SP_144040_19970228_02_T1,USGS Landsat Collection 2,Public domain (USGS),1997-02-28,1997,landsat-5 / Planetary Computer landsat-c2-l2,30 m,"4 km window centred 81.619044,28.759722",EPSG:32644,NA (streamed; not stored),NA,chip cloud/shadow fraction 0.0; chip no-data fraction 0.0; scene cloud cover 1.0; sun elevation 40.65361466,displayed in figure,epoch 1997; true colour; figure outputs/figures/karnali_79/imagery_timeseries/KAR-SET-041_gurans_timeseries_1972_2026.png
KAR-SET-041_2002,LE07_L2SP_144040_20021101_02_T1,USGS Landsat Collection 2,Public domain (USGS),2002-11-01,2002,landsat-7 / Planetary Computer landsat-c2-l2,30 m,"4 km window centred 81.619044,28.759722",EPSG:32644,NA (streamed; not stored),NA,chip cloud/shadow fraction 0.0; chip no-data fraction 0.0; scene cloud cover 1.0; sun elevation 42.08208763,displayed in figure,epoch 2002; true colour; figure outputs/figures/karnali_79/imagery_timeseries/KAR-SET-041_gurans_timeseries_1972_2026.png
KAR-SET-041_2007,LT05_L2SP_143040_20081102_02_T1,USGS Landsat Collection 2,Public domain (USGS),2008-11-02,2008,landsat-5 / Planetary Computer landsat-c2-l2,30 m,"4 km window centred 81.619044,28.759722",EPSG:32644,NA (streamed; not stored),NA,chip cloud/shadow fraction 0.0; chip no-data fraction 0.0; scene cloud cover 1.0; sun elevation 41.15988239,displayed in figure,epoch 2007; true colour; figure outputs/figures/karnali_79/imagery_timeseries/KAR-SET-041_gurans_timeseries_1972_2026.png
KAR-SET-041_2012,LC08_L2SP_144040_20130413_02_T1,USGS Landsat Collection 2,Public domain (USGS),2013-04-13,2013,landsat-8 / Planetary Computer landsat-c2-l2,30 m,"4 km window centred 81.619044,28.759722",EPSG:32644,NA (streamed; not stored),NA,chip cloud/shadow fraction 0.0; chip no-data fraction 0.0; scene cloud cover 0.86; sun elevation 61.38406934,displayed in figure,epoch 2012; true colour; figure outputs/figures/karnali_79/imagery_timeseries/KAR-SET-041_gurans_timeseries_1972_2026.png
KAR-SET-041_2017,S2A_MSIL2A_20170424T050651_R019_T44RNS_20210209T101115,ESA Copernicus Sentinel-2,"Copernicus Sentinel data terms (free, attribution)",2017-04-24,2017,Sentinel-2A / Planetary Computer sentinel-2-l2a,10 m,"4 km window centred 81.619044,28.759722",EPSG:32644,NA (streamed; not stored),NA,chip cloud/shadow fraction 0.0; chip no-data fraction 0.0; scene cloud cover 0.045415; sun elevation None,displayed in figure,epoch 2017; true colour; figure outputs/figures/karnali_79/imagery_timeseries/KAR-SET-041_gurans_timeseries_1972_2026.png
KAR-SET-041_2022,S2A_MSIL2A_20220408T050651_R019_T44RNS_20240524T030604,ESA Copernicus Sentinel-2,"Copernicus Sentinel data terms (free, attribution)",2022-04-08,2022,Sentinel-2A / Planetary Computer sentinel-2-l2a,10 m,"4 km window centred 81.619044,28.759722",EPSG:32644,NA (streamed; not stored),NA,chip cloud/shadow fraction 0.0; chip no-data fraction 0.0; scene cloud cover 0.000236; sun elevation None,displayed in figure,epoch 2022; true colour; figure outputs/figures/karnali_79/imagery_timeseries/KAR-SET-041_gurans_timeseries_1972_2026.png
KAR-SET-041_2026,S2B_MSIL2A_20260303T050649_R019_T44RNS_20260303T091046,ESA Copernicus Sentinel-2,"Copernicus Sentinel data terms (free, attribution)",2026-03-03,2026,Sentinel-2B / Planetary Computer sentinel-2-l2a,10 m,"4 km window centred 81.619044,28.759722",EPSG:32644,NA (streamed; not stored),NA,chip cloud/shadow fraction 0.0; chip no-data fraction 0.0; scene cloud cover 3e-06; sun elevation None,displayed in figure,epoch 2026; true colour; figure outputs/figures/karnali_79/imagery_timeseries/KAR-SET-041_gurans_timeseries_1972_2026.png
KAR-SET-042_1972,LM01_L1TP_154040_19721217_02_T2,USGS Landsat Collection 2,Public domain (USGS),1972-12-17,1972,landsat-1 / Planetary Computer landsat-c2-l1,60 m,"4 km window centred 81.69048,28.801124",EPSG:32644,NA (streamed; not stored),NA,chip cloud/shadow fraction 0.0236; chip no-data fraction 0.0; scene cloud cover 6.0; sun elevation 31.42157915,displayed in figure,"epoch 1972; false colour (NIR-red-green): vegetation red, water dark; figure outputs/figures/karnali_79/imagery_timeseries/KAR-SET-042_dungeshwor_timeseries_1972_2026.png"
KAR-SET-042_1977,LM02_L1TP_154040_19770323_02_T2,USGS Landsat Collection 2,Public domain (USGS),1977-03-23,1977,landsat-2 / Planetary Computer landsat-c2-l1,60 m,"4 km window centred 81.69048,28.801124",EPSG:32644,NA (streamed; not stored),NA,chip cloud/shadow fraction 0.0; chip no-data fraction 0.0; scene cloud cover 2.0; sun elevation 44.22210613,displayed in figure,"epoch 1977; false colour (NIR-red-green): vegetation red, water dark; figure outputs/figures/karnali_79/imagery_timeseries/KAR-SET-042_dungeshwor_timeseries_1972_2026.png"
KAR-SET-042_1987,LT05_L2SP_143040_19871227_02_T1,USGS Landsat Collection 2,Public domain (USGS),1987-12-27,1987,landsat-5 / Planetary Computer landsat-c2-l2,30 m,"4 km window centred 81.69048,28.801124",EPSG:32644,NA (streamed; not stored),NA,chip cloud/shadow fraction 0.0; chip no-data fraction 0.0; scene cloud cover 8.0; sun elevation 30.1816121,displayed in figure,epoch 1987; true colour; figure outputs/figures/karnali_79/imagery_timeseries/KAR-SET-042_dungeshwor_timeseries_1972_2026.png
KAR-SET-042_1992,LT05_L2SP_144040_19921028_02_T1,USGS Landsat Collection 2,Public domain (USGS),1992-10-28,1992,landsat-5 / Planetary Computer landsat-c2-l2,30 m,"4 km window centred 81.69048,28.801124",EPSG:32644,NA (streamed; not stored),NA,chip cloud/shadow fraction 0.0; chip no-data fraction 0.0; scene cloud cover 1.0; sun elevation 39.94137675,displayed in figure,epoch 1992; true colour; figure outputs/figures/karnali_79/imagery_timeseries/KAR-SET-042_dungeshwor_timeseries_1972_2026.png
KAR-SET-042_1997,LT05_L2SP_144040_19970228_02_T1,USGS Landsat Collection 2,Public domain (USGS),1997-02-28,1997,landsat-5 / Planetary Computer landsat-c2-l2,30 m,"4 km window centred 81.69048,28.801124",EPSG:32644,NA (streamed; not stored),NA,chip cloud/shadow fraction 0.0; chip no-data fraction 0.0; scene cloud cover 1.0; sun elevation 40.65361466,displayed in figure,epoch 1997; true colour; figure outputs/figures/karnali_79/imagery_timeseries/KAR-SET-042_dungeshwor_timeseries_1972_2026.png
KAR-SET-042_2002,LE07_L2SP_144040_20021101_02_T1,USGS Landsat Collection 2,Public domain (USGS),2002-11-01,2002,landsat-7 / Planetary Computer landsat-c2-l2,30 m,"4 km window centred 81.69048,28.801124",EPSG:32644,NA (streamed; not stored),NA,chip cloud/shadow fraction 0.0; chip no-data fraction 0.0; scene cloud cover 1.0; sun elevation 42.08208763,displayed in figure,epoch 2002; true colour; figure outputs/figures/karnali_79/imagery_timeseries/KAR-SET-042_dungeshwor_timeseries_1972_2026.png
KAR-SET-042_2007,LT05_L2SP_143040_20081102_02_T1,USGS Landsat Collection 2,Public domain (USGS),2008-11-02,2008,landsat-5 / Planetary Computer landsat-c2-l2,30 m,"4 km window centred 81.69048,28.801124",EPSG:32644,NA (streamed; not stored),NA,chip cloud/shadow fraction 0.0; chip no-data fraction 0.0; scene cloud cover 1.0; sun elevation 41.15988239,displayed in figure,epoch 2007; true colour; figure outputs/figures/karnali_79/imagery_timeseries/KAR-SET-042_dungeshwor_timeseries_1972_2026.png
KAR-SET-042_2012,LC08_L2SP_144040_20130413_02_T1,USGS Landsat Collection 2,Public domain (USGS),2013-04-13,2013,landsat-8 / Planetary Computer landsat-c2-l2,30 m,"4 km window centred 81.69048,28.801124",EPSG:32644,NA (streamed; not stored),NA,chip cloud/shadow fraction 0.0; chip no-data fraction 0.0; scene cloud cover 0.86; sun elevation 61.38406934,displayed in figure,epoch 2012; true colour; figure outputs/figures/karnali_79/imagery_timeseries/KAR-SET-042_dungeshwor_timeseries_1972_2026.png
KAR-SET-042_2017,S2A_MSIL2A_20170424T050651_R019_T44RNS_20210209T101115,ESA Copernicus Sentinel-2,"Copernicus Sentinel data terms (free, attribution)",2017-04-24,2017,Sentinel-2A / Planetary Computer sentinel-2-l2a,10 m,"4 km window centred 81.69048,28.801124",EPSG:32644,NA (streamed; not stored),NA,chip cloud/shadow fraction 0.0001; chip no-data fraction 0.0; scene cloud cover 0.045415; sun elevation None,displayed in figure,epoch 2017; true colour; figure outputs/figures/karnali_79/imagery_timeseries/KAR-SET-042_dungeshwor_timeseries_1972_2026.png
KAR-SET-042_2022,S2A_MSIL2A_20220408T050651_R019_T44RNS_20240524T030604,ESA Copernicus Sentinel-2,"Copernicus Sentinel data terms (free, attribution)",2022-04-08,2022,Sentinel-2A / Planetary Computer sentinel-2-l2a,10 m,"4 km window centred 81.69048,28.801124",EPSG:32644,NA (streamed; not stored),NA,chip cloud/shadow fraction 0.0; chip no-data fraction 0.0; scene cloud cover 0.000236; sun elevation None,displayed in figure,epoch 2022; true colour; figure outputs/figures/karnali_79/imagery_timeseries/KAR-SET-042_dungeshwor_timeseries_1972_2026.png
KAR-SET-042_2026,S2B_MSIL2A_20260303T050649_R019_T44RNS_20260303T091046,ESA Copernicus Sentinel-2,"Copernicus Sentinel data terms (free, attribution)",2026-03-03,2026,Sentinel-2B / Planetary Computer sentinel-2-l2a,10 m,"4 km window centred 81.69048,28.801124",EPSG:32644,NA (streamed; not stored),NA,chip cloud/shadow fraction 0.0; chip no-data fraction 0.0; scene cloud cover 3e-06; sun elevation None,displayed in figure,epoch 2026; true colour; figure outputs/figures/karnali_79/imagery_timeseries/KAR-SET-042_dungeshwor_timeseries_1972_2026.png
KAR-SET-043_1972,LM01_L1TP_154040_19721217_02_T2,USGS Landsat Collection 2,Public domain (USGS),1972-12-17,1972,landsat-1 / Planetary Computer landsat-c2-l1,60 m,"4 km window centred 81.82554,28.787366",EPSG:32644,NA (streamed; not stored),NA,chip cloud/shadow fraction 0.0; chip no-data fraction 0.0; scene cloud cover 6.0; sun elevation 31.42157915,displayed in figure,"epoch 1972; false colour (NIR-red-green): vegetation red, water dark; figure outputs/figures/karnali_79/imagery_timeseries/KAR-SET-043_bhagawatimai_timeseries_1972_2026.png"
KAR-SET-043_1977,LM02_L1TP_154040_19770323_02_T2,USGS Landsat Collection 2,Public domain (USGS),1977-03-23,1977,landsat-2 / Planetary Computer landsat-c2-l1,60 m,"4 km window centred 81.82554,28.787366",EPSG:32644,NA (streamed; not stored),NA,chip cloud/shadow fraction 0.0; chip no-data fraction 0.0; scene cloud cover 2.0; sun elevation 44.22210613,displayed in figure,"epoch 1977; false colour (NIR-red-green): vegetation red, water dark; figure outputs/figures/karnali_79/imagery_timeseries/KAR-SET-043_bhagawatimai_timeseries_1972_2026.png"
KAR-SET-043_1987,LT05_L2SP_143040_19871227_02_T1,USGS Landsat Collection 2,Public domain (USGS),1987-12-27,1987,landsat-5 / Planetary Computer landsat-c2-l2,30 m,"4 km window centred 81.82554,28.787366",EPSG:32644,NA (streamed; not stored),NA,chip cloud/shadow fraction 0.0; chip no-data fraction 0.0; scene cloud cover 8.0; sun elevation 30.1816121,displayed in figure,epoch 1987; true colour; figure outputs/figures/karnali_79/imagery_timeseries/KAR-SET-043_bhagawatimai_timeseries_1972_2026.png
KAR-SET-043_1992,LT05_L2SP_144040_19921028_02_T1,USGS Landsat Collection 2,Public domain (USGS),1992-10-28,1992,landsat-5 / Planetary Computer landsat-c2-l2,30 m,"4 km window centred 81.82554,28.787366",EPSG:32644,NA (streamed; not stored),NA,chip cloud/shadow fraction 0.0; chip no-data fraction 0.0; scene cloud cover 1.0; sun elevation 39.94137675,displayed in figure,epoch 1992; true colour; figure outputs/figures/karnali_79/imagery_timeseries/KAR-SET-043_bhagawatimai_timeseries_1972_2026.png
KAR-SET-043_1997,LT05_L2SP_144040_19970228_02_T1,USGS Landsat Collection 2,Public domain (USGS),1997-02-28,1997,landsat-5 / Planetary Computer landsat-c2-l2,30 m,"4 km window centred 81.82554,28.787366",EPSG:32644,NA (streamed; not stored),NA,chip cloud/shadow fraction 0.0; chip no-data fraction 0.0; scene cloud cover 1.0; sun elevation 40.65361466,displayed in figure,epoch 1997; true colour; figure outputs/figures/karnali_79/imagery_timeseries/KAR-SET-043_bhagawatimai_timeseries_1972_2026.png
KAR-SET-043_2002,LE07_L2SP_144040_20021101_02_T1,USGS Landsat Collection 2,Public domain (USGS),2002-11-01,2002,landsat-7 / Planetary Computer landsat-c2-l2,30 m,"4 km window centred 81.82554,28.787366",EPSG:32644,NA (streamed; not stored),NA,chip cloud/shadow fraction 0.0; chip no-data fraction 0.0; scene cloud cover 1.0; sun elevation 42.08208763,displayed in figure,epoch 2002; true colour; figure outputs/figures/karnali_79/imagery_timeseries/KAR-SET-043_bhagawatimai_timeseries_1972_2026.png
KAR-SET-043_2007,LT05_L2SP_143040_20081102_02_T1,USGS Landsat Collection 2,Public domain (USGS),2008-11-02,2008,landsat-5 / Planetary Computer landsat-c2-l2,30 m,"4 km window centred 81.82554,28.787366",EPSG:32644,NA (streamed; not stored),NA,chip cloud/shadow fraction 0.0; chip no-data fraction 0.0; scene cloud cover 1.0; sun elevation 41.15988239,displayed in figure,epoch 2007; true colour; figure outputs/figures/karnali_79/imagery_timeseries/KAR-SET-043_bhagawatimai_timeseries_1972_2026.png
KAR-SET-043_2012,LC08_L2SP_144040_20130413_02_T1,USGS Landsat Collection 2,Public domain (USGS),2013-04-13,2013,landsat-8 / Planetary Computer landsat-c2-l2,30 m,"4 km window centred 81.82554,28.787366",EPSG:32644,NA (streamed; not stored),NA,chip cloud/shadow fraction 0.0; chip no-data fraction 0.0; scene cloud cover 0.86; sun elevation 61.38406934,displayed in figure,epoch 2012; true colour; figure outputs/figures/karnali_79/imagery_timeseries/KAR-SET-043_bhagawatimai_timeseries_1972_2026.png
KAR-SET-043_2017,S2A_MSIL2A_20170424T050651_R019_T44RNS_20210209T101115,ESA Copernicus Sentinel-2,"Copernicus Sentinel data terms (free, attribution)",2017-04-24,2017,Sentinel-2A / Planetary Computer sentinel-2-l2a,10 m,"4 km window centred 81.82554,28.787366",EPSG:32644,NA (streamed; not stored),NA,chip cloud/shadow fraction 0.0; chip no-data fraction 0.0; scene cloud cover 0.045415; sun elevation None,displayed in figure,epoch 2017; true colour; figure outputs/figures/karnali_79/imagery_timeseries/KAR-SET-043_bhagawatimai_timeseries_1972_2026.png
KAR-SET-043_2022,S2A_MSIL2A_20220408T050651_R019_T44RNS_20240524T030604,ESA Copernicus Sentinel-2,"Copernicus Sentinel data terms (free, attribution)",2022-04-08,2022,Sentinel-2A / Planetary Computer sentinel-2-l2a,10 m,"4 km window centred 81.82554,28.787366",EPSG:32644,NA (streamed; not stored),NA,chip cloud/shadow fraction 0.0; chip no-data fraction 0.0; scene cloud cover 0.000236; sun elevation None,displayed in figure,epoch 2022; true colour; figure outputs/figures/karnali_79/imagery_timeseries/KAR-SET-043_bhagawatimai_timeseries_1972_2026.png
KAR-SET-043_2026,S2B_MSIL2A_20260303T050649_R019_T44RNS_20260303T091046,ESA Copernicus Sentinel-2,"Copernicus Sentinel data terms (free, attribution)",2026-03-03,2026,Sentinel-2B / Planetary Computer sentinel-2-l2a,10 m,"4 km window centred 81.82554,28.787366",EPSG:32644,NA (streamed; not stored),NA,chip cloud/shadow fraction 0.0; chip no-data fraction 0.0; scene cloud cover 3e-06; sun elevation None,displayed in figure,epoch 2026; true colour; figure outputs/figures/karnali_79/imagery_timeseries/KAR-SET-043_bhagawatimai_timeseries_1972_2026.png
KAR-SET-044_1972,LM01_L1TP_153040_19721128_02_T2,USGS Landsat Collection 2,Public domain (USGS),1972-11-28,1972,landsat-1 / Planetary Computer landsat-c2-l1,60 m,"4 km window centred 82.762776,29.009041",EPSG:32644,NA (streamed; not stored),NA,chip cloud/shadow fraction 0.0009; chip no-data fraction 0.0; scene cloud cover 34.0; sun elevation 33.94147909,displayed in figure,"epoch 1972; false colour (NIR-red-green): vegetation red, water dark; figure outputs/figures/karnali_79/imagery_timeseries/KAR-SET-044_tripurasundari_timeseries_1972_2026.png"
KAR-SET-044_1977,LM02_L1TP_154040_19770323_02_T2,USGS Landsat Collection 2,Public domain (USGS),1977-03-23,1977,landsat-2 / Planetary Computer landsat-c2-l1,60 m,"4 km window centred 82.762776,29.009041",EPSG:32644,NA (streamed; not stored),NA,chip cloud/shadow fraction 0.0; chip no-data fraction 0.0; scene cloud cover 2.0; sun elevation 44.22210613,displayed in figure,"epoch 1977; false colour (NIR-red-green): vegetation red, water dark; figure outputs/figures/karnali_79/imagery_timeseries/KAR-SET-044_tripurasundari_timeseries_1972_2026.png"
KAR-SET-044_1987,LT05_L2SP_143040_19871227_02_T1,USGS Landsat Collection 2,Public domain (USGS),1987-12-27,1987,landsat-5 / Planetary Computer landsat-c2-l2,30 m,"4 km window centred 82.762776,29.009041",EPSG:32644,NA (streamed; not stored),NA,chip cloud/shadow fraction 0.0005; chip no-data fraction 0.0; scene cloud cover 8.0; sun elevation 30.1816121,displayed in figure,epoch 1987; true colour; figure outputs/figures/karnali_79/imagery_timeseries/KAR-SET-044_tripurasundari_timeseries_1972_2026.png
KAR-SET-044_1992,LT05_L2SP_143040_19921106_02_T1,USGS Landsat Collection 2,Public domain (USGS),1992-11-06,1992,landsat-5 / Planetary Computer landsat-c2-l2,30 m,"4 km window centred 82.762776,29.009041",EPSG:32644,NA (streamed; not stored),NA,chip cloud/shadow fraction 0.0; chip no-data fraction 0.0; scene cloud cover 3.0; sun elevation 37.5167245,displayed in figure,epoch 1992; true colour; figure outputs/figures/karnali_79/imagery_timeseries/KAR-SET-044_tripurasundari_timeseries_1972_2026.png
KAR-SET-044_1997,LT05_L2SP_143040_19970309_02_T1,USGS Landsat Collection 2,Public domain (USGS),1997-03-09,1997,landsat-5 / Planetary Computer landsat-c2-l2,30 m,"4 km window centred 82.762776,29.009041",EPSG:32644,NA (streamed; not stored),NA,chip cloud/shadow fraction 0.0118; chip no-data fraction 0.0; scene cloud cover 4.0; sun elevation 43.65029989,displayed in figure,epoch 1997; true colour; figure outputs/figures/karnali_79/imagery_timeseries/KAR-SET-044_tripurasundari_timeseries_1972_2026.png
KAR-SET-044_2002,LE07_L2SP_143040_20021025_02_T1,USGS Landsat Collection 2,Public domain (USGS),2002-10-25,2002,landsat-7 / Planetary Computer landsat-c2-l2,30 m,"4 km window centred 82.762776,29.009041",EPSG:32644,NA (streamed; not stored),NA,chip cloud/shadow fraction 0.0; chip no-data fraction 0.0; scene cloud cover 3.0; sun elevation 44.11022116,displayed in figure,epoch 2002; true colour; figure outputs/figures/karnali_79/imagery_timeseries/KAR-SET-044_tripurasundari_timeseries_1972_2026.png
KAR-SET-044_2007,LT05_L2SP_143040_20080424_02_T1,USGS Landsat Collection 2,Public domain (USGS),2008-04-24,2008,landsat-5 / Planetary Computer landsat-c2-l2,30 m,"4 km window centred 82.762776,29.009041",EPSG:32644,NA (streamed; not stored),NA,chip cloud/shadow fraction 0.0; chip no-data fraction 0.0; scene cloud cover 3.0; sun elevation 62.11450463,displayed in figure,epoch 2007; true colour; figure outputs/figures/karnali_79/imagery_timeseries/KAR-SET-044_tripurasundari_timeseries_1972_2026.png
KAR-SET-044_2012,LC08_L2SP_143040_20131031_02_T1,USGS Landsat Collection 2,Public domain (USGS),2013-10-31,2013,landsat-8 / Planetary Computer landsat-c2-l2,30 m,"4 km window centred 82.762776,29.009041",EPSG:32644,NA (streamed; not stored),NA,chip cloud/shadow fraction 0.0; chip no-data fraction 0.0; scene cloud cover 4.08; sun elevation 43.65090666,displayed in figure,epoch 2012; true colour; figure outputs/figures/karnali_79/imagery_timeseries/KAR-SET-044_tripurasundari_timeseries_1972_2026.png
KAR-SET-044_2017,S2A_MSIL2A_20171001T050651_R019_T44RPT_20210202T121726,ESA Copernicus Sentinel-2,"Copernicus Sentinel data terms (free, attribution)",2017-10-01,2017,Sentinel-2A / Planetary Computer sentinel-2-l2a,10 m,"4 km window centred 82.762776,29.009041",EPSG:32644,NA (streamed; not stored),NA,chip cloud/shadow fraction 0.0023; chip no-data fraction 0.0; scene cloud cover 15.83812; sun elevation None,displayed in figure,epoch 2017; true colour; figure outputs/figures/karnali_79/imagery_timeseries/KAR-SET-044_tripurasundari_timeseries_1972_2026.png
KAR-SET-044_2022,S2B_MSIL2A_20221129T051149_R019_T44RPT_20221130T153301,ESA Copernicus Sentinel-2,"Copernicus Sentinel data terms (free, attribution)",2022-11-29,2022,Sentinel-2B / Planetary Computer sentinel-2-l2a,10 m,"4 km window centred 82.762776,29.009041",EPSG:32644,NA (streamed; not stored),NA,chip cloud/shadow fraction 0.0; chip no-data fraction 0.0; scene cloud cover 0.000796; sun elevation None,displayed in figure,epoch 2022; true colour; figure outputs/figures/karnali_79/imagery_timeseries/KAR-SET-044_tripurasundari_timeseries_1972_2026.png
KAR-SET-044_2026,S2C_MSIL2A_20260216T050911_R019_T44RPT_20260216T100811,ESA Copernicus Sentinel-2,"Copernicus Sentinel data terms (free, attribution)",2026-02-16,2026,Sentinel-2C / Planetary Computer sentinel-2-l2a,10 m,"4 km window centred 82.762776,29.009041",EPSG:32644,NA (streamed; not stored),NA,chip cloud/shadow fraction 0.0416; chip no-data fraction 0.0; scene cloud cover 0.00217; sun elevation None,displayed in figure,epoch 2026; true colour; figure outputs/figures/karnali_79/imagery_timeseries/KAR-SET-044_tripurasundari_timeseries_1972_2026.png
KAR-SET-045_1972,LM01_L1TP_153040_19721128_02_T2,USGS Landsat Collection 2,Public domain (USGS),1972-11-28,1972,landsat-1 / Planetary Computer landsat-c2-l1,60 m,"4 km window centred 82.893491,28.951978",EPSG:32644,NA (streamed; not stored),NA,chip cloud/shadow fraction 0.0027; chip no-data fraction 0.0; scene cloud cover 34.0; sun elevation 33.94147909,displayed in figure,"epoch 1972; false colour (NIR-red-green): vegetation red, water dark; figure outputs/figures/karnali_79/imagery_timeseries/KAR-SET-045_thulibheri_timeseries_1972_2026.png"
KAR-SET-045_1977,LM02_L1TP_154040_19770323_02_T2,USGS Landsat Collection 2,Public domain (USGS),1977-03-23,1977,landsat-2 / Planetary Computer landsat-c2-l1,60 m,"4 km window centred 82.893491,28.951978",EPSG:32644,NA (streamed; not stored),NA,chip cloud/shadow fraction 0.0; chip no-data fraction 0.0; scene cloud cover 2.0; sun elevation 44.22210613,displayed in figure,"epoch 1977; false colour (NIR-red-green): vegetation red, water dark; figure outputs/figures/karnali_79/imagery_timeseries/KAR-SET-045_thulibheri_timeseries_1972_2026.png"
KAR-SET-045_1987,LT05_L2SP_143040_19871227_02_T1,USGS Landsat Collection 2,Public domain (USGS),1987-12-27,1987,landsat-5 / Planetary Computer landsat-c2-l2,30 m,"4 km window centred 82.893491,28.951978",EPSG:32644,NA (streamed; not stored),NA,chip cloud/shadow fraction 0.0004; chip no-data fraction 0.0; scene cloud cover 8.0; sun elevation 30.1816121,displayed in figure,epoch 1987; true colour; figure outputs/figures/karnali_79/imagery_timeseries/KAR-SET-045_thulibheri_timeseries_1972_2026.png
KAR-SET-045_1992,LT05_L2SP_143040_19921106_02_T1,USGS Landsat Collection 2,Public domain (USGS),1992-11-06,1992,landsat-5 / Planetary Computer landsat-c2-l2,30 m,"4 km window centred 82.893491,28.951978",EPSG:32644,NA (streamed; not stored),NA,chip cloud/shadow fraction 0.0; chip no-data fraction 0.0; scene cloud cover 3.0; sun elevation 37.5167245,displayed in figure,epoch 1992; true colour; figure outputs/figures/karnali_79/imagery_timeseries/KAR-SET-045_thulibheri_timeseries_1972_2026.png
KAR-SET-045_1997,LT05_L2SP_143040_19970309_02_T1,USGS Landsat Collection 2,Public domain (USGS),1997-03-09,1997,landsat-5 / Planetary Computer landsat-c2-l2,30 m,"4 km window centred 82.893491,28.951978",EPSG:32644,NA (streamed; not stored),NA,chip cloud/shadow fraction 0.0001; chip no-data fraction 0.0; scene cloud cover 4.0; sun elevation 43.65029989,displayed in figure,epoch 1997; true colour; figure outputs/figures/karnali_79/imagery_timeseries/KAR-SET-045_thulibheri_timeseries_1972_2026.png
KAR-SET-045_2002,LE07_L2SP_143040_20021025_02_T1,USGS Landsat Collection 2,Public domain (USGS),2002-10-25,2002,landsat-7 / Planetary Computer landsat-c2-l2,30 m,"4 km window centred 82.893491,28.951978",EPSG:32644,NA (streamed; not stored),NA,chip cloud/shadow fraction 0.0; chip no-data fraction 0.0; scene cloud cover 3.0; sun elevation 44.11022116,displayed in figure,epoch 2002; true colour; figure outputs/figures/karnali_79/imagery_timeseries/KAR-SET-045_thulibheri_timeseries_1972_2026.png
KAR-SET-045_2007,LT05_L2SP_143040_20080424_02_T1,USGS Landsat Collection 2,Public domain (USGS),2008-04-24,2008,landsat-5 / Planetary Computer landsat-c2-l2,30 m,"4 km window centred 82.893491,28.951978",EPSG:32644,NA (streamed; not stored),NA,chip cloud/shadow fraction 0.0; chip no-data fraction 0.0; scene cloud cover 3.0; sun elevation 62.11450463,displayed in figure,epoch 2007; true colour; figure outputs/figures/karnali_79/imagery_timeseries/KAR-SET-045_thulibheri_timeseries_1972_2026.png
KAR-SET-045_2012,LC08_L2SP_143040_20131031_02_T1,USGS Landsat Collection 2,Public domain (USGS),2013-10-31,2013,landsat-8 / Planetary Computer landsat-c2-l2,30 m,"4 km window centred 82.893491,28.951978",EPSG:32644,NA (streamed; not stored),NA,chip cloud/shadow fraction 0.0; chip no-data fraction 0.0; scene cloud cover 4.08; sun elevation 43.65090666,displayed in figure,epoch 2012; true colour; figure outputs/figures/karnali_79/imagery_timeseries/KAR-SET-045_thulibheri_timeseries_1972_2026.png
KAR-SET-045_2017,S2A_MSIL2A_20171001T050651_R019_T44RPT_20210202T121726,ESA Copernicus Sentinel-2,"Copernicus Sentinel data terms (free, attribution)",2017-10-01,2017,Sentinel-2A / Planetary Computer sentinel-2-l2a,10 m,"4 km window centred 82.893491,28.951978",EPSG:32644,NA (streamed; not stored),NA,chip cloud/shadow fraction 0.0003; chip no-data fraction 0.0; scene cloud cover 15.83812; sun elevation None,displayed in figure,epoch 2017; true colour; figure outputs/figures/karnali_79/imagery_timeseries/KAR-SET-045_thulibheri_timeseries_1972_2026.png
KAR-SET-045_2022,S2B_MSIL2A_20221129T051149_R019_T44RPT_20221130T153301,ESA Copernicus Sentinel-2,"Copernicus Sentinel data terms (free, attribution)",2022-11-29,2022,Sentinel-2B / Planetary Computer sentinel-2-l2a,10 m,"4 km window centred 82.893491,28.951978",EPSG:32644,NA (streamed; not stored),NA,chip cloud/shadow fraction 0.0; chip no-data fraction 0.0; scene cloud cover 0.000796; sun elevation None,displayed in figure,epoch 2022; true colour; figure outputs/figures/karnali_79/imagery_timeseries/KAR-SET-045_thulibheri_timeseries_1972_2026.png
KAR-SET-045_2026,S2C_MSIL2A_20260216T050911_R019_T44RPT_20260216T100811,ESA Copernicus Sentinel-2,"Copernicus Sentinel data terms (free, attribution)",2026-02-16,2026,Sentinel-2C / Planetary Computer sentinel-2-l2a,10 m,"4 km window centred 82.893491,28.951978",EPSG:32644,NA (streamed; not stored),NA,chip cloud/shadow fraction 0.0; chip no-data fraction 0.0; scene cloud cover 0.00217; sun elevation None,displayed in figure,epoch 2026; true colour; figure outputs/figures/karnali_79/imagery_timeseries/KAR-SET-045_thulibheri_timeseries_1972_2026.png
KAR-SET-046_1972,LM01_L1GS_154039_19721217_02_T2,USGS Landsat Collection 2,Public domain (USGS),1972-12-17,1972,landsat-1 / Planetary Computer landsat-c2-l1,60 m,"4 km window centred 83.137495,29.430468",EPSG:32644,NA (streamed; not stored),NA,chip cloud/shadow fraction 0.2903; chip no-data fraction 0.0; scene cloud cover 46.0; sun elevation 30.31550945,displayed in figure,"epoch 1972; false colour (NIR-red-green): vegetation red, water dark; figure outputs/figures/karnali_79/imagery_timeseries/KAR-SET-046_shey_phoksundo_timeseries_1972_2026.png"
KAR-SET-046_1977,LM02_L1TP_154040_19761012_02_T2,USGS Landsat Collection 2,Public domain (USGS),1976-10-12,1976,landsat-2 / Planetary Computer landsat-c2-l1,60 m,"4 km window centred 83.137495,29.430468",EPSG:32644,NA (streamed; not stored),NA,chip cloud/shadow fraction 0.0; chip no-data fraction 0.0; scene cloud cover 1.0; sun elevation 42.85248758,displayed in figure,"epoch 1977; false colour (NIR-red-green): vegetation red, water dark; figure outputs/figures/karnali_79/imagery_timeseries/KAR-SET-046_shey_phoksundo_timeseries_1972_2026.png"
KAR-SET-046_1987,LT05_L2SP_143040_19881026_02_T1,USGS Landsat Collection 2,Public domain (USGS),1988-10-26,1988,landsat-5 / Planetary Computer landsat-c2-l2,30 m,"4 km window centred 83.137495,29.430468",EPSG:32644,NA (streamed; not stored),NA,chip cloud/shadow fraction 0.0; chip no-data fraction 0.0; scene cloud cover 2.0; sun elevation 41.72754741,displayed in figure,epoch 1987; true colour; figure outputs/figures/karnali_79/imagery_timeseries/KAR-SET-046_shey_phoksundo_timeseries_1972_2026.png
KAR-SET-046_1992,LT05_L2SP_143040_19931109_02_T1,USGS Landsat Collection 2,Public domain (USGS),1993-11-09,1993,landsat-5 / Planetary Computer landsat-c2-l2,30 m,"4 km window centred 83.137495,29.430468",EPSG:32644,NA (streamed; not stored),NA,chip cloud/shadow fraction 0.0; chip no-data fraction 0.0; scene cloud cover 1.0; sun elevation 36.95505603,displayed in figure,epoch 1992; true colour; figure outputs/figures/karnali_79/imagery_timeseries/KAR-SET-046_shey_phoksundo_timeseries_1972_2026.png
KAR-SET-046_1997,LT05_L2SP_143040_19991228_02_T1,USGS Landsat Collection 2,Public domain (USGS),1999-12-28,1999,landsat-5 / Planetary Computer landsat-c2-l2,30 m,"4 km window centred 83.137495,29.430468",EPSG:32644,NA (streamed; not stored),NA,chip cloud/shadow fraction 0.0166; chip no-data fraction 0.0; scene cloud cover 2.0; sun elevation 30.81320813,displayed in figure,epoch 1997; true colour; figure outputs/figures/karnali_79/imagery_timeseries/KAR-SET-046_shey_phoksundo_timeseries_1972_2026.png
KAR-SET-046_2002,LE07_L2SP_143040_20021228_02_T1,USGS Landsat Collection 2,Public domain (USGS),2002-12-28,2002,landsat-7 / Planetary Computer landsat-c2-l2,30 m,"4 km window centred 83.137495,29.430468",EPSG:32644,NA (streamed; not stored),NA,chip cloud/shadow fraction 0.0264; chip no-data fraction 0.0; scene cloud cover 3.0; sun elevation 32.2817596,displayed in figure,epoch 2002; true colour; figure outputs/figures/karnali_79/imagery_timeseries/KAR-SET-046_shey_phoksundo_timeseries_1972_2026.png
KAR-SET-046_2007,LT05_L2SP_143040_20080424_02_T1,USGS Landsat Collection 2,Public domain (USGS),2008-04-24,2008,landsat-5 / Planetary Computer landsat-c2-l2,30 m,"4 km window centred 83.137495,29.430468",EPSG:32644,NA (streamed; not stored),NA,chip cloud/shadow fraction 0.0; chip no-data fraction 0.0; scene cloud cover 3.0; sun elevation 62.11450463,displayed in figure,epoch 2007; true colour; figure outputs/figures/karnali_79/imagery_timeseries/KAR-SET-046_shey_phoksundo_timeseries_1972_2026.png
KAR-SET-046_2012,LC08_L2SP_143039_20131202_02_T1,USGS Landsat Collection 2,Public domain (USGS),2013-12-02,2013,landsat-8 / Planetary Computer landsat-c2-l2,30 m,"4 km window centred 83.137495,29.430468",EPSG:32644,NA (streamed; not stored),NA,chip cloud/shadow fraction 0.023; chip no-data fraction 0.0; scene cloud cover 3.66; sun elevation 34.6084885,displayed in figure,epoch 2012; true colour; figure outputs/figures/karnali_79/imagery_timeseries/KAR-SET-046_shey_phoksundo_timeseries_1972_2026.png
KAR-SET-046_2017,S2A_MSIL2A_20171001T050651_R019_T44RQT_20210202T121720,ESA Copernicus Sentinel-2,"Copernicus Sentinel data terms (free, attribution)",2017-10-01,2017,Sentinel-2A / Planetary Computer sentinel-2-l2a,10 m,"4 km window centred 83.137495,29.430468",EPSG:32644,NA (streamed; not stored),NA,chip cloud/shadow fraction 0.0; chip no-data fraction 0.0; scene cloud cover 12.69649; sun elevation None,displayed in figure,epoch 2017; true colour; figure outputs/figures/karnali_79/imagery_timeseries/KAR-SET-046_shey_phoksundo_timeseries_1972_2026.png
KAR-SET-046_2022,S2B_MSIL2A_20241029T050839_R019_T44RQT_20241029T073249,ESA Copernicus Sentinel-2,"Copernicus Sentinel data terms (free, attribution)",2024-10-29,2024,Sentinel-2B / Planetary Computer sentinel-2-l2a,10 m,"4 km window centred 83.137495,29.430468",EPSG:32644,NA (streamed; not stored),NA,chip cloud/shadow fraction 0.0; chip no-data fraction 0.0; scene cloud cover 0.000953; sun elevation None,displayed in figure,epoch 2022; true colour; figure outputs/figures/karnali_79/imagery_timeseries/KAR-SET-046_shey_phoksundo_timeseries_1972_2026.png
KAR-SET-046_2026,S2B_MSIL2A_20251014T050659_R019_T44RPT_20251014T082528,ESA Copernicus Sentinel-2,"Copernicus Sentinel data terms (free, attribution)",2025-10-14,2025,Sentinel-2B / Planetary Computer sentinel-2-l2a,10 m,"4 km window centred 83.137495,29.430468",EPSG:32644,NA (streamed; not stored),NA,chip cloud/shadow fraction 0.0; chip no-data fraction 0.0; scene cloud cover 0.000445; sun elevation None,displayed in figure,epoch 2026; true colour; figure outputs/figures/karnali_79/imagery_timeseries/KAR-SET-046_shey_phoksundo_timeseries_1972_2026.png
KAR-SET-047_1972,LM01_L1TP_154040_19721217_02_T2,USGS Landsat Collection 2,Public domain (USGS),1972-12-17,1972,landsat-1 / Planetary Computer landsat-c2-l1,60 m,"4 km window centred 82.565791,29.128045",EPSG:32644,NA (streamed; not stored),NA,chip cloud/shadow fraction 0.0; chip no-data fraction 0.0; scene cloud cover 6.0; sun elevation 31.42157915,displayed in figure,"epoch 1972; false colour (NIR-red-green): vegetation red, water dark; figure outputs/figures/karnali_79/imagery_timeseries/KAR-SET-047_jagadulla_timeseries_1972_2026.png"
KAR-SET-047_1977,LM02_L1TP_154040_19770323_02_T2,USGS Landsat Collection 2,Public domain (USGS),1977-03-23,1977,landsat-2 / Planetary Computer landsat-c2-l1,60 m,"4 km window centred 82.565791,29.128045",EPSG:32644,NA (streamed; not stored),NA,chip cloud/shadow fraction 0.0; chip no-data fraction 0.0; scene cloud cover 2.0; sun elevation 44.22210613,displayed in figure,"epoch 1977; false colour (NIR-red-green): vegetation red, water dark; figure outputs/figures/karnali_79/imagery_timeseries/KAR-SET-047_jagadulla_timeseries_1972_2026.png"
KAR-SET-047_1987,LT05_L2SP_143040_19871227_02_T1,USGS Landsat Collection 2,Public domain (USGS),1987-12-27,1987,landsat-5 / Planetary Computer landsat-c2-l2,30 m,"4 km window centred 82.565791,29.128045",EPSG:32644,NA (streamed; not stored),NA,chip cloud/shadow fraction 0.0172; chip no-data fraction 0.0; scene cloud cover 8.0; sun elevation 30.1816121,displayed in figure,epoch 1987; true colour; figure outputs/figures/karnali_79/imagery_timeseries/KAR-SET-047_jagadulla_timeseries_1972_2026.png
KAR-SET-047_1992,LT05_L2SP_143040_19921106_02_T1,USGS Landsat Collection 2,Public domain (USGS),1992-11-06,1992,landsat-5 / Planetary Computer landsat-c2-l2,30 m,"4 km window centred 82.565791,29.128045",EPSG:32644,NA (streamed; not stored),NA,chip cloud/shadow fraction 0.0; chip no-data fraction 0.0; scene cloud cover 3.0; sun elevation 37.5167245,displayed in figure,epoch 1992; true colour; figure outputs/figures/karnali_79/imagery_timeseries/KAR-SET-047_jagadulla_timeseries_1972_2026.png
KAR-SET-047_1997,LT05_L2SP_143040_19970309_02_T1,USGS Landsat Collection 2,Public domain (USGS),1997-03-09,1997,landsat-5 / Planetary Computer landsat-c2-l2,30 m,"4 km window centred 82.565791,29.128045",EPSG:32644,NA (streamed; not stored),NA,chip cloud/shadow fraction 0.0244; chip no-data fraction 0.0; scene cloud cover 4.0; sun elevation 43.65029989,displayed in figure,epoch 1997; true colour; figure outputs/figures/karnali_79/imagery_timeseries/KAR-SET-047_jagadulla_timeseries_1972_2026.png
KAR-SET-047_2002,LE07_L2SP_143040_20021025_02_T1,USGS Landsat Collection 2,Public domain (USGS),2002-10-25,2002,landsat-7 / Planetary Computer landsat-c2-l2,30 m,"4 km window centred 82.565791,29.128045",EPSG:32644,NA (streamed; not stored),NA,chip cloud/shadow fraction 0.0; chip no-data fraction 0.0; scene cloud cover 3.0; sun elevation 44.11022116,displayed in figure,epoch 2002; true colour; figure outputs/figures/karnali_79/imagery_timeseries/KAR-SET-047_jagadulla_timeseries_1972_2026.png
KAR-SET-047_2007,LT05_L2SP_143040_20080424_02_T1,USGS Landsat Collection 2,Public domain (USGS),2008-04-24,2008,landsat-5 / Planetary Computer landsat-c2-l2,30 m,"4 km window centred 82.565791,29.128045",EPSG:32644,NA (streamed; not stored),NA,chip cloud/shadow fraction 0.0; chip no-data fraction 0.0; scene cloud cover 3.0; sun elevation 62.11450463,displayed in figure,epoch 2007; true colour; figure outputs/figures/karnali_79/imagery_timeseries/KAR-SET-047_jagadulla_timeseries_1972_2026.png
KAR-SET-047_2012,LC08_L2SP_143040_20131031_02_T1,USGS Landsat Collection 2,Public domain (USGS),2013-10-31,2013,landsat-8 / Planetary Computer landsat-c2-l2,30 m,"4 km window centred 82.565791,29.128045",EPSG:32644,NA (streamed; not stored),NA,chip cloud/shadow fraction 0.0; chip no-data fraction 0.0; scene cloud cover 4.08; sun elevation 43.65090666,displayed in figure,epoch 2012; true colour; figure outputs/figures/karnali_79/imagery_timeseries/KAR-SET-047_jagadulla_timeseries_1972_2026.png
KAR-SET-047_2017,S2A_MSIL2A_20171001T050651_R019_T44RPT_20210202T121726,ESA Copernicus Sentinel-2,"Copernicus Sentinel data terms (free, attribution)",2017-10-01,2017,Sentinel-2A / Planetary Computer sentinel-2-l2a,10 m,"4 km window centred 82.565791,29.128045",EPSG:32644,NA (streamed; not stored),NA,chip cloud/shadow fraction 0.0309; chip no-data fraction 0.0; scene cloud cover 15.83812; sun elevation None,displayed in figure,epoch 2017; true colour; figure outputs/figures/karnali_79/imagery_timeseries/KAR-SET-047_jagadulla_timeseries_1972_2026.png
KAR-SET-047_2022,S2B_MSIL2A_20221129T051149_R019_T44RPT_20221130T153301,ESA Copernicus Sentinel-2,"Copernicus Sentinel data terms (free, attribution)",2022-11-29,2022,Sentinel-2B / Planetary Computer sentinel-2-l2a,10 m,"4 km window centred 82.565791,29.128045",EPSG:32644,NA (streamed; not stored),NA,chip cloud/shadow fraction 0.0; chip no-data fraction 0.0; scene cloud cover 0.000796; sun elevation None,displayed in figure,epoch 2022; true colour; figure outputs/figures/karnali_79/imagery_timeseries/KAR-SET-047_jagadulla_timeseries_1972_2026.png
KAR-SET-047_2026,S2C_MSIL2A_20260216T050911_R019_T44RPT_20260216T100811,ESA Copernicus Sentinel-2,"Copernicus Sentinel data terms (free, attribution)",2026-02-16,2026,Sentinel-2C / Planetary Computer sentinel-2-l2a,10 m,"4 km window centred 82.565791,29.128045",EPSG:32644,NA (streamed; not stored),NA,chip cloud/shadow fraction 0.0321; chip no-data fraction 0.0; scene cloud cover 0.00217; sun elevation None,displayed in figure,epoch 2026; true colour; figure outputs/figures/karnali_79/imagery_timeseries/KAR-SET-047_jagadulla_timeseries_1972_2026.png
KAR-SET-048_1972,LM01_L1TP_153039_19721216_02_T2,USGS Landsat Collection 2,Public domain (USGS),1972-12-16,1972,landsat-1 / Planetary Computer landsat-c2-l1,60 m,"4 km window centred 83.186727,29.128466",EPSG:32644,NA (streamed; not stored),NA,chip cloud/shadow fraction 0.3419; chip no-data fraction 0.0; scene cloud cover 56.0; sun elevation 30.65986879,displayed in figure,"epoch 1972; false colour (NIR-red-green): vegetation red, water dark; figure outputs/figures/karnali_79/imagery_timeseries/KAR-SET-048_dolpo_buddha_timeseries_1972_2026.png"
KAR-SET-048_1977,LM02_L1TP_153040_19770322_02_T2,USGS Landsat Collection 2,Public domain (USGS),1977-03-22,1977,landsat-2 / Planetary Computer landsat-c2-l1,60 m,"4 km window centred 83.186727,29.128466",EPSG:32644,NA (streamed; not stored),NA,chip cloud/shadow fraction 0.002; chip no-data fraction 0.0; scene cloud cover 8.0; sun elevation 43.91912283,displayed in figure,"epoch 1977; false colour (NIR-red-green): vegetation red, water dark; figure outputs/figures/karnali_79/imagery_timeseries/KAR-SET-048_dolpo_buddha_timeseries_1972_2026.png"
KAR-SET-048_1987,LT05_L2SP_143040_19881026_02_T1,USGS Landsat Collection 2,Public domain (USGS),1988-10-26,1988,landsat-5 / Planetary Computer landsat-c2-l2,30 m,"4 km window centred 83.186727,29.128466",EPSG:32644,NA (streamed; not stored),NA,chip cloud/shadow fraction 0.0; chip no-data fraction 0.0; scene cloud cover 2.0; sun elevation 41.72754741,displayed in figure,epoch 1987; true colour; figure outputs/figures/karnali_79/imagery_timeseries/KAR-SET-048_dolpo_buddha_timeseries_1972_2026.png
KAR-SET-048_1992,LT05_L2SP_142040_19911012_02_T1,USGS Landsat Collection 2,Public domain (USGS),1991-10-12,1991,landsat-5 / Planetary Computer landsat-c2-l2,30 m,"4 km window centred 83.186727,29.128466",EPSG:32644,NA (streamed; not stored),NA,chip cloud/shadow fraction 0.0; chip no-data fraction 0.0; scene cloud cover 1.0; sun elevation 44.9047784,displayed in figure,epoch 1992; true colour; figure outputs/figures/karnali_79/imagery_timeseries/KAR-SET-048_dolpo_buddha_timeseries_1972_2026.png
KAR-SET-048_1997,LE07_L2SP_142040_19991010_02_T1,USGS Landsat Collection 2,Public domain (USGS),1999-10-10,1999,landsat-7 / Planetary Computer landsat-c2-l2,30 m,"4 km window centred 83.186727,29.128466",EPSG:32644,NA (streamed; not stored),NA,chip cloud/shadow fraction 0.0226; chip no-data fraction 0.0; scene cloud cover 3.0; sun elevation 49.29078575,displayed in figure,epoch 1997; true colour; figure outputs/figures/karnali_79/imagery_timeseries/KAR-SET-048_dolpo_buddha_timeseries_1972_2026.png
KAR-SET-048_2002,LE07_L2SP_142040_20021205_02_T1,USGS Landsat Collection 2,Public domain (USGS),2002-12-05,2002,landsat-7 / Planetary Computer landsat-c2-l2,30 m,"4 km window centred 83.186727,29.128466",EPSG:32644,NA (streamed; not stored),NA,chip cloud/shadow fraction 0.0477; chip no-data fraction 0.0001; scene cloud cover 1.0; sun elevation 34.20195929,displayed in figure,epoch 2002; true colour; figure outputs/figures/karnali_79/imagery_timeseries/KAR-SET-048_dolpo_buddha_timeseries_1972_2026.png
KAR-SET-048_2007,LT05_L2SP_143040_20081102_02_T1,USGS Landsat Collection 2,Public domain (USGS),2008-11-02,2008,landsat-5 / Planetary Computer landsat-c2-l2,30 m,"4 km window centred 83.186727,29.128466",EPSG:32644,NA (streamed; not stored),NA,chip cloud/shadow fraction 0.0; chip no-data fraction 0.0; scene cloud cover 1.0; sun elevation 41.15988239,displayed in figure,epoch 2007; true colour; figure outputs/figures/karnali_79/imagery_timeseries/KAR-SET-048_dolpo_buddha_timeseries_1972_2026.png
KAR-SET-048_2012,LT05_L2SP_142040_20111019_02_T1,USGS Landsat Collection 2,Public domain (USGS),2011-10-19,2011,landsat-5 / Planetary Computer landsat-c2-l2,30 m,"4 km window centred 83.186727,29.128466",EPSG:32644,NA (streamed; not stored),NA,chip cloud/shadow fraction 0.0; chip no-data fraction 0.0; scene cloud cover 2.0; sun elevation 46.01283362,displayed in figure,epoch 2012; true colour; figure outputs/figures/karnali_79/imagery_timeseries/KAR-SET-048_dolpo_buddha_timeseries_1972_2026.png
KAR-SET-048_2017,S2A_MSIL2A_20171001T050651_R019_T44RQT_20210202T121720,ESA Copernicus Sentinel-2,"Copernicus Sentinel data terms (free, attribution)",2017-10-01,2017,Sentinel-2A / Planetary Computer sentinel-2-l2a,10 m,"4 km window centred 83.186727,29.128466",EPSG:32644,NA (streamed; not stored),NA,chip cloud/shadow fraction 0.0015; chip no-data fraction 0.0; scene cloud cover 12.69649; sun elevation None,displayed in figure,epoch 2017; true colour; figure outputs/figures/karnali_79/imagery_timeseries/KAR-SET-048_dolpo_buddha_timeseries_1972_2026.png
KAR-SET-048_2022,S2B_MSIL2A_20231005T050649_R019_T44RQT_20231005T101343,ESA Copernicus Sentinel-2,"Copernicus Sentinel data terms (free, attribution)",2023-10-05,2023,Sentinel-2B / Planetary Computer sentinel-2-l2a,10 m,"4 km window centred 83.186727,29.128466",EPSG:32644,NA (streamed; not stored),NA,chip cloud/shadow fraction 0.0; chip no-data fraction 0.0; scene cloud cover 0.001807; sun elevation None,displayed in figure,epoch 2022; true colour; figure outputs/figures/karnali_79/imagery_timeseries/KAR-SET-048_dolpo_buddha_timeseries_1972_2026.png
KAR-SET-048_2026,S2B_MSIL2A_20251024T050809_R019_T44RQT_20251024T071733,ESA Copernicus Sentinel-2,"Copernicus Sentinel data terms (free, attribution)",2025-10-24,2025,Sentinel-2B / Planetary Computer sentinel-2-l2a,10 m,"4 km window centred 83.186727,29.128466",EPSG:32644,NA (streamed; not stored),NA,chip cloud/shadow fraction 0.0; chip no-data fraction 0.0; scene cloud cover 0.001303; sun elevation None,displayed in figure,epoch 2026; true colour; figure outputs/figures/karnali_79/imagery_timeseries/KAR-SET-048_dolpo_buddha_timeseries_1972_2026.png
KAR-SET-049_1972,LM01_L1TP_154040_19721217_02_T2,USGS Landsat Collection 2,Public domain (USGS),1972-12-17,1972,landsat-1 / Planetary Computer landsat-c2-l1,60 m,"4 km window centred 82.550319,29.019501",EPSG:32644,NA (streamed; not stored),NA,chip cloud/shadow fraction 0.0; chip no-data fraction 0.0; scene cloud cover 6.0; sun elevation 31.42157915,displayed in figure,"epoch 1972; false colour (NIR-red-green): vegetation red, water dark; figure outputs/figures/karnali_79/imagery_timeseries/KAR-SET-049_mudkechula_timeseries_1972_2026.png"
KAR-SET-049_1977,LM02_L1TP_154040_19770323_02_T2,USGS Landsat Collection 2,Public domain (USGS),1977-03-23,1977,landsat-2 / Planetary Computer landsat-c2-l1,60 m,"4 km window centred 82.550319,29.019501",EPSG:32644,NA (streamed; not stored),NA,chip cloud/shadow fraction 0.0; chip no-data fraction 0.0; scene cloud cover 2.0; sun elevation 44.22210613,displayed in figure,"epoch 1977; false colour (NIR-red-green): vegetation red, water dark; figure outputs/figures/karnali_79/imagery_timeseries/KAR-SET-049_mudkechula_timeseries_1972_2026.png"
KAR-SET-049_1987,LT05_L2SP_143040_19871227_02_T1,USGS Landsat Collection 2,Public domain (USGS),1987-12-27,1987,landsat-5 / Planetary Computer landsat-c2-l2,30 m,"4 km window centred 82.550319,29.019501",EPSG:32644,NA (streamed; not stored),NA,chip cloud/shadow fraction 0.0051; chip no-data fraction 0.0; scene cloud cover 8.0; sun elevation 30.1816121,displayed in figure,epoch 1987; true colour; figure outputs/figures/karnali_79/imagery_timeseries/KAR-SET-049_mudkechula_timeseries_1972_2026.png
KAR-SET-049_1992,LT05_L2SP_143040_19921106_02_T1,USGS Landsat Collection 2,Public domain (USGS),1992-11-06,1992,landsat-5 / Planetary Computer landsat-c2-l2,30 m,"4 km window centred 82.550319,29.019501",EPSG:32644,NA (streamed; not stored),NA,chip cloud/shadow fraction 0.0; chip no-data fraction 0.0; scene cloud cover 3.0; sun elevation 37.5167245,displayed in figure,epoch 1992; true colour; figure outputs/figures/karnali_79/imagery_timeseries/KAR-SET-049_mudkechula_timeseries_1972_2026.png
KAR-SET-049_1997,LT05_L2SP_143040_19970309_02_T1,USGS Landsat Collection 2,Public domain (USGS),1997-03-09,1997,landsat-5 / Planetary Computer landsat-c2-l2,30 m,"4 km window centred 82.550319,29.019501",EPSG:32644,NA (streamed; not stored),NA,chip cloud/shadow fraction 0.0045; chip no-data fraction 0.0; scene cloud cover 4.0; sun elevation 43.65029989,displayed in figure,epoch 1997; true colour; figure outputs/figures/karnali_79/imagery_timeseries/KAR-SET-049_mudkechula_timeseries_1972_2026.png
KAR-SET-049_2002,LE07_L2SP_143040_20021025_02_T1,USGS Landsat Collection 2,Public domain (USGS),2002-10-25,2002,landsat-7 / Planetary Computer landsat-c2-l2,30 m,"4 km window centred 82.550319,29.019501",EPSG:32644,NA (streamed; not stored),NA,chip cloud/shadow fraction 0.0; chip no-data fraction 0.0; scene cloud cover 3.0; sun elevation 44.11022116,displayed in figure,epoch 2002; true colour; figure outputs/figures/karnali_79/imagery_timeseries/KAR-SET-049_mudkechula_timeseries_1972_2026.png
KAR-SET-049_2007,LT05_L2SP_143040_20080424_02_T1,USGS Landsat Collection 2,Public domain (USGS),2008-04-24,2008,landsat-5 / Planetary Computer landsat-c2-l2,30 m,"4 km window centred 82.550319,29.019501",EPSG:32644,NA (streamed; not stored),NA,chip cloud/shadow fraction 0.0; chip no-data fraction 0.0; scene cloud cover 3.0; sun elevation 62.11450463,displayed in figure,epoch 2007; true colour; figure outputs/figures/karnali_79/imagery_timeseries/KAR-SET-049_mudkechula_timeseries_1972_2026.png
KAR-SET-049_2012,LC08_L2SP_143040_20131031_02_T1,USGS Landsat Collection 2,Public domain (USGS),2013-10-31,2013,landsat-8 / Planetary Computer landsat-c2-l2,30 m,"4 km window centred 82.550319,29.019501",EPSG:32644,NA (streamed; not stored),NA,chip cloud/shadow fraction 0.0; chip no-data fraction 0.0; scene cloud cover 4.08; sun elevation 43.65090666,displayed in figure,epoch 2012; true colour; figure outputs/figures/karnali_79/imagery_timeseries/KAR-SET-049_mudkechula_timeseries_1972_2026.png
KAR-SET-049_2017,S2A_MSIL2A_20160310T050632_R019_T44RPT_20210528T130403,ESA Copernicus Sentinel-2,"Copernicus Sentinel data terms (free, attribution)",2016-03-10,2016,Sentinel-2A / Planetary Computer sentinel-2-l2a,10 m,"4 km window centred 82.550319,29.019501",EPSG:32644,NA (streamed; not stored),NA,chip cloud/shadow fraction 0.0006; chip no-data fraction 0.0; scene cloud cover 18.774995; sun elevation None,displayed in figure,epoch 2017; true colour; figure outputs/figures/karnali_79/imagery_timeseries/KAR-SET-049_mudkechula_timeseries_1972_2026.png
KAR-SET-049_2022,S2B_MSIL2A_20221129T051149_R019_T44RPT_20221130T153301,ESA Copernicus Sentinel-2,"Copernicus Sentinel data terms (free, attribution)",2022-11-29,2022,Sentinel-2B / Planetary Computer sentinel-2-l2a,10 m,"4 km window centred 82.550319,29.019501",EPSG:32644,NA (streamed; not stored),NA,chip cloud/shadow fraction 0.0; chip no-data fraction 0.0; scene cloud cover 0.000796; sun elevation None,displayed in figure,epoch 2022; true colour; figure outputs/figures/karnali_79/imagery_timeseries/KAR-SET-049_mudkechula_timeseries_1972_2026.png
KAR-SET-049_2026,S2C_MSIL2A_20260216T050911_R019_T44RPT_20260216T100811,ESA Copernicus Sentinel-2,"Copernicus Sentinel data terms (free, attribution)",2026-02-16,2026,Sentinel-2C / Planetary Computer sentinel-2-l2a,10 m,"4 km window centred 82.550319,29.019501",EPSG:32644,NA (streamed; not stored),NA,chip cloud/shadow fraction 0.0085; chip no-data fraction 0.0; scene cloud cover 0.00217; sun elevation None,displayed in figure,epoch 2026; true colour; figure outputs/figures/karnali_79/imagery_timeseries/KAR-SET-049_mudkechula_timeseries_1972_2026.png
KAR-SET-050_1972,LM01_L1TP_153040_19721216_02_T2,USGS Landsat Collection 2,Public domain (USGS),1972-12-16,1972,landsat-1 / Planetary Computer landsat-c2-l1,60 m,"4 km window centred 83.02931,28.878161",EPSG:32644,NA (streamed; not stored),NA,chip cloud/shadow fraction 0.0111; chip no-data fraction 0.0; scene cloud cover 5.0; sun elevation 31.76359702,displayed in figure,"epoch 1972; false colour (NIR-red-green): vegetation red, water dark; figure outputs/figures/karnali_79/imagery_timeseries/KAR-SET-050_kaike_timeseries_1972_2026.png"
KAR-SET-050_1977,LM02_L1TP_153040_19761011_02_T2,USGS Landsat Collection 2,Public domain (USGS),1976-10-11,1976,landsat-2 / Planetary Computer landsat-c2-l1,60 m,"4 km window centred 83.02931,28.878161",EPSG:32644,NA (streamed; not stored),NA,chip cloud/shadow fraction 0.0; chip no-data fraction 0.0; scene cloud cover 6.0; sun elevation 43.1106825,displayed in figure,"epoch 1977; false colour (NIR-red-green): vegetation red, water dark; figure outputs/figures/karnali_79/imagery_timeseries/KAR-SET-050_kaike_timeseries_1972_2026.png"
KAR-SET-050_1987,LT05_L2SP_143040_19881026_02_T1,USGS Landsat Collection 2,Public domain (USGS),1988-10-26,1988,landsat-5 / Planetary Computer landsat-c2-l2,30 m,"4 km window centred 83.02931,28.878161",EPSG:32644,NA (streamed; not stored),NA,chip cloud/shadow fraction 0.0172; chip no-data fraction 0.0; scene cloud cover 2.0; sun elevation 41.72754741,displayed in figure,epoch 1987; true colour; figure outputs/figures/karnali_79/imagery_timeseries/KAR-SET-050_kaike_timeseries_1972_2026.png
KAR-SET-050_1992,LT05_L2SP_143040_19931109_02_T1,USGS Landsat Collection 2,Public domain (USGS),1993-11-09,1993,landsat-5 / Planetary Computer landsat-c2-l2,30 m,"4 km window centred 83.02931,28.878161",EPSG:32644,NA (streamed; not stored),NA,chip cloud/shadow fraction 0.034; chip no-data fraction 0.0; scene cloud cover 1.0; sun elevation 36.95505603,displayed in figure,epoch 1992; true colour; figure outputs/figures/karnali_79/imagery_timeseries/KAR-SET-050_kaike_timeseries_1972_2026.png
KAR-SET-050_1997,LE07_L2SP_143040_19991204_02_T1,USGS Landsat Collection 2,Public domain (USGS),1999-12-04,1999,landsat-7 / Planetary Computer landsat-c2-l2,30 m,"4 km window centred 83.02931,28.878161",EPSG:32644,NA (streamed; not stored),NA,chip cloud/shadow fraction 0.0619; chip no-data fraction 0.0; scene cloud cover 4.0; sun elevation 34.84415774,displayed in figure,epoch 1997; true colour; figure outputs/figures/karnali_79/imagery_timeseries/KAR-SET-050_kaike_timeseries_1972_2026.png
KAR-SET-050_2002,LE07_L2SP_143040_20011209_02_T1,USGS Landsat Collection 2,Public domain (USGS),2001-12-09,2001,landsat-7 / Planetary Computer landsat-c2-l2,30 m,"4 km window centred 83.02931,28.878161",EPSG:32644,NA (streamed; not stored),NA,chip cloud/shadow fraction 0.0; chip no-data fraction 0.0; scene cloud cover 1.0; sun elevation 33.63784177,displayed in figure,epoch 2002; true colour; figure outputs/figures/karnali_79/imagery_timeseries/KAR-SET-050_kaike_timeseries_1972_2026.png
KAR-SET-050_2007,LT05_L2SP_142040_20070125_02_T1,USGS Landsat Collection 2,Public domain (USGS),2007-01-25,2007,landsat-5 / Planetary Computer landsat-c2-l2,30 m,"4 km window centred 83.02931,28.878161",EPSG:32644,NA (streamed; not stored),NA,chip cloud/shadow fraction 0.0144; chip no-data fraction 0.0; scene cloud cover 2.0; sun elevation 35.51488725,displayed in figure,epoch 2007; true colour; figure outputs/figures/karnali_79/imagery_timeseries/KAR-SET-050_kaike_timeseries_1972_2026.png
KAR-SET-050_2012,LC08_L2SP_143040_20141205_02_T1,USGS Landsat Collection 2,Public domain (USGS),2014-12-05,2014,landsat-8 / Planetary Computer landsat-c2-l2,30 m,"4 km window centred 83.02931,28.878161",EPSG:32644,NA (streamed; not stored),NA,chip cloud/shadow fraction 0.0381; chip no-data fraction 0.0; scene cloud cover 3.52; sun elevation 35.29285827,displayed in figure,epoch 2012; true colour; figure outputs/figures/karnali_79/imagery_timeseries/KAR-SET-050_kaike_timeseries_1972_2026.png
KAR-SET-050_2017,S2B_MSIL2A_20181031T050929_R019_T44RPS_20201009T171021,ESA Copernicus Sentinel-2,"Copernicus Sentinel data terms (free, attribution)",2018-10-31,2018,Sentinel-2B / Planetary Computer sentinel-2-l2a,10 m,"4 km window centred 83.02931,28.878161",EPSG:32644,NA (streamed; not stored),NA,chip cloud/shadow fraction 0.0008; chip no-data fraction 0.0; scene cloud cover 1.702466; sun elevation None,displayed in figure,epoch 2017; true colour; figure outputs/figures/karnali_79/imagery_timeseries/KAR-SET-050_kaike_timeseries_1972_2026.png
KAR-SET-050_2022,S2B_MSIL2A_20231214T051219_R019_T44RPT_20231214T084531,ESA Copernicus Sentinel-2,"Copernicus Sentinel data terms (free, attribution)",2023-12-14,2023,Sentinel-2B / Planetary Computer sentinel-2-l2a,10 m,"4 km window centred 83.02931,28.878161",EPSG:32644,NA (streamed; not stored),NA,chip cloud/shadow fraction 0.0403; chip no-data fraction 0.0; scene cloud cover 0.001692; sun elevation None,displayed in figure,epoch 2022; true colour; figure outputs/figures/karnali_79/imagery_timeseries/KAR-SET-050_kaike_timeseries_1972_2026.png
KAR-SET-050_2026,S2C_MSIL2A_20260117T051141_R019_T44RPS_20260117T083616,ESA Copernicus Sentinel-2,"Copernicus Sentinel data terms (free, attribution)",2026-01-17,2026,Sentinel-2C / Planetary Computer sentinel-2-l2a,10 m,"4 km window centred 83.02931,28.878161",EPSG:32644,NA (streamed; not stored),NA,chip cloud/shadow fraction 0.0107; chip no-data fraction 0.0; scene cloud cover 2e-05; sun elevation None,displayed in figure,epoch 2026; true colour; figure outputs/figures/karnali_79/imagery_timeseries/KAR-SET-050_kaike_timeseries_1972_2026.png
KAR-SET-051_1972,LM01_L1TP_153039_19721216_02_T2,USGS Landsat Collection 2,Public domain (USGS),1972-12-16,1972,landsat-1 / Planetary Computer landsat-c2-l1,60 m,"4 km window centred 83.4154,29.089887",EPSG:32644,NA (streamed; not stored),NA,chip cloud/shadow fraction 0.1283; chip no-data fraction 0.0; scene cloud cover 56.0; sun elevation 30.65986879,displayed in figure,"epoch 1972; false colour (NIR-red-green): vegetation red, water dark; figure outputs/figures/karnali_79/imagery_timeseries/KAR-SET-051_chharka_tangsong_timeseries_1972_2026.png"
KAR-SET-051_1977,LM02_L1TP_153040_19770109_02_T2,USGS Landsat Collection 2,Public domain (USGS),1977-01-09,1977,landsat-2 / Planetary Computer landsat-c2-l1,60 m,"4 km window centred 83.4154,29.089887",EPSG:32644,NA (streamed; not stored),NA,chip cloud/shadow fraction 0.0; chip no-data fraction 0.0; scene cloud cover 11.0; sun elevation 27.56037209,displayed in figure,"epoch 1977; false colour (NIR-red-green): vegetation red, water dark; figure outputs/figures/karnali_79/imagery_timeseries/KAR-SET-051_chharka_tangsong_timeseries_1972_2026.png"
KAR-SET-051_1987,LT05_L2SP_142040_19881019_02_T1,USGS Landsat Collection 2,Public domain (USGS),1988-10-19,1988,landsat-5 / Planetary Computer landsat-c2-l2,30 m,"4 km window centred 83.4154,29.089887",EPSG:32644,NA (streamed; not stored),NA,chip cloud/shadow fraction 0.0; chip no-data fraction 0.0; scene cloud cover 2.0; sun elevation 43.69931832,displayed in figure,epoch 1987; true colour; figure outputs/figures/karnali_79/imagery_timeseries/KAR-SET-051_chharka_tangsong_timeseries_1972_2026.png
KAR-SET-051_1992,LT05_L2SP_142040_19911012_02_T1,USGS Landsat Collection 2,Public domain (USGS),1991-10-12,1991,landsat-5 / Planetary Computer landsat-c2-l2,30 m,"4 km window centred 83.4154,29.089887",EPSG:32644,NA (streamed; not stored),NA,chip cloud/shadow fraction 0.0; chip no-data fraction 0.0; scene cloud cover 1.0; sun elevation 44.9047784,displayed in figure,epoch 1992; true colour; figure outputs/figures/karnali_79/imagery_timeseries/KAR-SET-051_chharka_tangsong_timeseries_1972_2026.png
KAR-SET-051_1997,LE07_L2SP_143040_19991204_02_T1,USGS Landsat Collection 2,Public domain (USGS),1999-12-04,1999,landsat-7 / Planetary Computer landsat-c2-l2,30 m,"4 km window centred 83.4154,29.089887",EPSG:32644,NA (streamed; not stored),NA,chip cloud/shadow fraction 0.0015; chip no-data fraction 0.0; scene cloud cover 4.0; sun elevation 34.84415774,displayed in figure,epoch 1997; true colour; figure outputs/figures/karnali_79/imagery_timeseries/KAR-SET-051_chharka_tangsong_timeseries_1972_2026.png
KAR-SET-051_2002,LT05_L2SP_142040_20031130_02_T1,USGS Landsat Collection 2,Public domain (USGS),2003-11-30,2003,landsat-5 / Planetary Computer landsat-c2-l2,30 m,"4 km window centred 83.4154,29.089887",EPSG:32644,NA (streamed; not stored),NA,chip cloud/shadow fraction 0.0085; chip no-data fraction 0.0; scene cloud cover 2.0; sun elevation 34.13817145,displayed in figure,epoch 2002; true colour; figure outputs/figures/karnali_79/imagery_timeseries/KAR-SET-051_chharka_tangsong_timeseries_1972_2026.png
KAR-SET-051_2007,LT05_L2SP_142040_20081213_02_T1,USGS Landsat Collection 2,Public domain (USGS),2008-12-13,2008,landsat-5 / Planetary Computer landsat-c2-l2,30 m,"4 km window centred 83.4154,29.089887",EPSG:32644,NA (streamed; not stored),NA,chip cloud/shadow fraction 0.0253; chip no-data fraction 0.0; scene cloud cover 1.0; sun elevation 32.73733515,displayed in figure,epoch 2007; true colour; figure outputs/figures/karnali_79/imagery_timeseries/KAR-SET-051_chharka_tangsong_timeseries_1972_2026.png
KAR-SET-051_2012,LT05_L2SP_142040_20111019_02_T1,USGS Landsat Collection 2,Public domain (USGS),2011-10-19,2011,landsat-5 / Planetary Computer landsat-c2-l2,30 m,"4 km window centred 83.4154,29.089887",EPSG:32644,NA (streamed; not stored),NA,chip cloud/shadow fraction 0.0079; chip no-data fraction 0.0; scene cloud cover 2.0; sun elevation 46.01283362,displayed in figure,epoch 2012; true colour; figure outputs/figures/karnali_79/imagery_timeseries/KAR-SET-051_chharka_tangsong_timeseries_1972_2026.png
KAR-SET-051_2017,S2A_MSIL2A_20171001T050651_R019_T44RQT_20210202T121720,ESA Copernicus Sentinel-2,"Copernicus Sentinel data terms (free, attribution)",2017-10-01,2017,Sentinel-2A / Planetary Computer sentinel-2-l2a,10 m,"4 km window centred 83.4154,29.089887",EPSG:32644,NA (streamed; not stored),NA,chip cloud/shadow fraction 0.0175; chip no-data fraction 0.0; scene cloud cover 12.69649; sun elevation None,displayed in figure,epoch 2017; true colour; figure outputs/figures/karnali_79/imagery_timeseries/KAR-SET-051_chharka_tangsong_timeseries_1972_2026.png
KAR-SET-051_2022,S2B_MSIL2A_20231005T050649_R019_T44RQT_20231005T101343,ESA Copernicus Sentinel-2,"Copernicus Sentinel data terms (free, attribution)",2023-10-05,2023,Sentinel-2B / Planetary Computer sentinel-2-l2a,10 m,"4 km window centred 83.4154,29.089887",EPSG:32644,NA (streamed; not stored),NA,chip cloud/shadow fraction 0.003; chip no-data fraction 0.0; scene cloud cover 0.001807; sun elevation None,displayed in figure,epoch 2022; true colour; figure outputs/figures/karnali_79/imagery_timeseries/KAR-SET-051_chharka_tangsong_timeseries_1972_2026.png
KAR-SET-051_2026,S2B_MSIL2A_20251024T050809_R019_T44RQT_20251024T071733,ESA Copernicus Sentinel-2,"Copernicus Sentinel data terms (free, attribution)",2025-10-24,2025,Sentinel-2B / Planetary Computer sentinel-2-l2a,10 m,"4 km window centred 83.4154,29.089887",EPSG:32644,NA (streamed; not stored),NA,chip cloud/shadow fraction 0.0; chip no-data fraction 0.0; scene cloud cover 0.001303; sun elevation None,displayed in figure,epoch 2026; true colour; figure outputs/figures/karnali_79/imagery_timeseries/KAR-SET-051_chharka_tangsong_timeseries_1972_2026.png
KAR-SET-052_1972,LM01_L1GS_154040_19721111_02_T2,USGS Landsat Collection 2,Public domain (USGS),1972-11-11,1972,landsat-1 / Planetary Computer landsat-c2-l1,60 m,"4 km window centred 82.18327,29.274949",EPSG:32644,NA (streamed; not stored),NA,chip cloud/shadow fraction 0.0; chip no-data fraction 0.0; scene cloud cover 8.0; sun elevation 37.75830491,displayed in figure,"epoch 1972; false colour (NIR-red-green): vegetation red, water dark; figure outputs/figures/karnali_79/imagery_timeseries/KAR-SET-052_chandannath_timeseries_1972_2026.png"
KAR-SET-052_1977,LM02_L1TP_154040_19770323_02_T2,USGS Landsat Collection 2,Public domain (USGS),1977-03-23,1977,landsat-2 / Planetary Computer landsat-c2-l1,60 m,"4 km window centred 82.18327,29.274949",EPSG:32644,NA (streamed; not stored),NA,chip cloud/shadow fraction 0.0; chip no-data fraction 0.0; scene cloud cover 2.0; sun elevation 44.22210613,displayed in figure,"epoch 1977; false colour (NIR-red-green): vegetation red, water dark; figure outputs/figures/karnali_79/imagery_timeseries/KAR-SET-052_chandannath_timeseries_1972_2026.png"
KAR-SET-052_1987,LT05_L2SP_143040_19871227_02_T1,USGS Landsat Collection 2,Public domain (USGS),1987-12-27,1987,landsat-5 / Planetary Computer landsat-c2-l2,30 m,"4 km window centred 82.18327,29.274949",EPSG:32644,NA (streamed; not stored),NA,chip cloud/shadow fraction 0.0; chip no-data fraction 0.0; scene cloud cover 8.0; sun elevation 30.1816121,displayed in figure,epoch 1987; true colour; figure outputs/figures/karnali_79/imagery_timeseries/KAR-SET-052_chandannath_timeseries_1972_2026.png
KAR-SET-052_1992,LT05_L2SP_143040_19921106_02_T1,USGS Landsat Collection 2,Public domain (USGS),1992-11-06,1992,landsat-5 / Planetary Computer landsat-c2-l2,30 m,"4 km window centred 82.18327,29.274949",EPSG:32644,NA (streamed; not stored),NA,chip cloud/shadow fraction 0.0; chip no-data fraction 0.0; scene cloud cover 3.0; sun elevation 37.5167245,displayed in figure,epoch 1992; true colour; figure outputs/figures/karnali_79/imagery_timeseries/KAR-SET-052_chandannath_timeseries_1972_2026.png
KAR-SET-052_1997,LT05_L2SP_143040_19970309_02_T1,USGS Landsat Collection 2,Public domain (USGS),1997-03-09,1997,landsat-5 / Planetary Computer landsat-c2-l2,30 m,"4 km window centred 82.18327,29.274949",EPSG:32644,NA (streamed; not stored),NA,chip cloud/shadow fraction 0.0; chip no-data fraction 0.0; scene cloud cover 4.0; sun elevation 43.65029989,displayed in figure,epoch 1997; true colour; figure outputs/figures/karnali_79/imagery_timeseries/KAR-SET-052_chandannath_timeseries_1972_2026.png
KAR-SET-052_2002,LE07_L2SP_143040_20021025_02_T1,USGS Landsat Collection 2,Public domain (USGS),2002-10-25,2002,landsat-7 / Planetary Computer landsat-c2-l2,30 m,"4 km window centred 82.18327,29.274949",EPSG:32644,NA (streamed; not stored),NA,chip cloud/shadow fraction 0.0; chip no-data fraction 0.0; scene cloud cover 3.0; sun elevation 44.11022116,displayed in figure,epoch 2002; true colour; figure outputs/figures/karnali_79/imagery_timeseries/KAR-SET-052_chandannath_timeseries_1972_2026.png
KAR-SET-052_2007,LT05_L2SP_143040_20080424_02_T1,USGS Landsat Collection 2,Public domain (USGS),2008-04-24,2008,landsat-5 / Planetary Computer landsat-c2-l2,30 m,"4 km window centred 82.18327,29.274949",EPSG:32644,NA (streamed; not stored),NA,chip cloud/shadow fraction 0.0; chip no-data fraction 0.0; scene cloud cover 3.0; sun elevation 62.11450463,displayed in figure,epoch 2007; true colour; figure outputs/figures/karnali_79/imagery_timeseries/KAR-SET-052_chandannath_timeseries_1972_2026.png
KAR-SET-052_2012,LC08_L2SP_143040_20131031_02_T1,USGS Landsat Collection 2,Public domain (USGS),2013-10-31,2013,landsat-8 / Planetary Computer landsat-c2-l2,30 m,"4 km window centred 82.18327,29.274949",EPSG:32644,NA (streamed; not stored),NA,chip cloud/shadow fraction 0.0; chip no-data fraction 0.0; scene cloud cover 4.08; sun elevation 43.65090666,displayed in figure,epoch 2012; true colour; figure outputs/figures/karnali_79/imagery_timeseries/KAR-SET-052_chandannath_timeseries_1972_2026.png
KAR-SET-052_2017,S2A_MSIL2A_20171001T050651_R019_T44RPT_20210202T121726,ESA Copernicus Sentinel-2,"Copernicus Sentinel data terms (free, attribution)",2017-10-01,2017,Sentinel-2A / Planetary Computer sentinel-2-l2a,10 m,"4 km window centred 82.18327,29.274949",EPSG:32644,NA (streamed; not stored),NA,chip cloud/shadow fraction 0.0008; chip no-data fraction 0.0; scene cloud cover 15.83812; sun elevation None,displayed in figure,epoch 2017; true colour; figure outputs/figures/karnali_79/imagery_timeseries/KAR-SET-052_chandannath_timeseries_1972_2026.png
KAR-SET-052_2022,S2B_MSIL2A_20221129T051149_R019_T44RPT_20221130T153301,ESA Copernicus Sentinel-2,"Copernicus Sentinel data terms (free, attribution)",2022-11-29,2022,Sentinel-2B / Planetary Computer sentinel-2-l2a,10 m,"4 km window centred 82.18327,29.274949",EPSG:32644,NA (streamed; not stored),NA,chip cloud/shadow fraction 0.0; chip no-data fraction 0.0; scene cloud cover 0.000796; sun elevation None,displayed in figure,epoch 2022; true colour; figure outputs/figures/karnali_79/imagery_timeseries/KAR-SET-052_chandannath_timeseries_1972_2026.png
KAR-SET-052_2026,S2C_MSIL2A_20260216T050911_R019_T44RPT_20260216T100811,ESA Copernicus Sentinel-2,"Copernicus Sentinel data terms (free, attribution)",2026-02-16,2026,Sentinel-2C / Planetary Computer sentinel-2-l2a,10 m,"4 km window centred 82.18327,29.274949",EPSG:32644,NA (streamed; not stored),NA,chip cloud/shadow fraction 0.0; chip no-data fraction 0.0; scene cloud cover 0.00217; sun elevation None,displayed in figure,epoch 2026; true colour; figure outputs/figures/karnali_79/imagery_timeseries/KAR-SET-052_chandannath_timeseries_1972_2026.png
KAR-SET-053_1972,LM01_L1TP_154039_19721111_02_T2,USGS Landsat Collection 2,Public domain (USGS),1972-11-11,1972,landsat-1 / Planetary Computer landsat-c2-l1,60 m,"4 km window centred 81.990018,29.390441",EPSG:32644,NA (streamed; not stored),NA,chip cloud/shadow fraction 0.0; chip no-data fraction 0.0; scene cloud cover 63.0; sun elevation 36.70955405,displayed in figure,"epoch 1972; false colour (NIR-red-green): vegetation red, water dark; figure outputs/figures/karnali_79/imagery_timeseries/KAR-SET-053_kanaka_sundari_timeseries_1972_2026.png"
KAR-SET-053_1977,LM02_L1TP_154040_19770323_02_T2,USGS Landsat Collection 2,Public domain (USGS),1977-03-23,1977,landsat-2 / Planetary Computer landsat-c2-l1,60 m,"4 km window centred 81.990018,29.390441",EPSG:32644,NA (streamed; not stored),NA,chip cloud/shadow fraction 0.0; chip no-data fraction 0.0; scene cloud cover 2.0; sun elevation 44.22210613,displayed in figure,"epoch 1977; false colour (NIR-red-green): vegetation red, water dark; figure outputs/figures/karnali_79/imagery_timeseries/KAR-SET-053_kanaka_sundari_timeseries_1972_2026.png"
KAR-SET-053_1987,LT05_L2SP_143040_19871227_02_T1,USGS Landsat Collection 2,Public domain (USGS),1987-12-27,1987,landsat-5 / Planetary Computer landsat-c2-l2,30 m,"4 km window centred 81.990018,29.390441",EPSG:32644,NA (streamed; not stored),NA,chip cloud/shadow fraction 0.0; chip no-data fraction 0.0; scene cloud cover 8.0; sun elevation 30.1816121,displayed in figure,epoch 1987; true colour; figure outputs/figures/karnali_79/imagery_timeseries/KAR-SET-053_kanaka_sundari_timeseries_1972_2026.png
KAR-SET-053_1992,LT05_L2SP_144040_19921028_02_T1,USGS Landsat Collection 2,Public domain (USGS),1992-10-28,1992,landsat-5 / Planetary Computer landsat-c2-l2,30 m,"4 km window centred 81.990018,29.390441",EPSG:32644,NA (streamed; not stored),NA,chip cloud/shadow fraction 0.0375; chip no-data fraction 0.0; scene cloud cover 1.0; sun elevation 39.94137675,displayed in figure,epoch 1992; true colour; figure outputs/figures/karnali_79/imagery_timeseries/KAR-SET-053_kanaka_sundari_timeseries_1972_2026.png
KAR-SET-053_1997,LT05_L2SP_144040_19970228_02_T1,USGS Landsat Collection 2,Public domain (USGS),1997-02-28,1997,landsat-5 / Planetary Computer landsat-c2-l2,30 m,"4 km window centred 81.990018,29.390441",EPSG:32644,NA (streamed; not stored),NA,chip cloud/shadow fraction 0.0279; chip no-data fraction 0.0; scene cloud cover 1.0; sun elevation 40.65361466,displayed in figure,epoch 1997; true colour; figure outputs/figures/karnali_79/imagery_timeseries/KAR-SET-053_kanaka_sundari_timeseries_1972_2026.png
KAR-SET-053_2002,LE07_L2SP_144040_20021101_02_T1,USGS Landsat Collection 2,Public domain (USGS),2002-11-01,2002,landsat-7 / Planetary Computer landsat-c2-l2,30 m,"4 km window centred 81.990018,29.390441",EPSG:32644,NA (streamed; not stored),NA,chip cloud/shadow fraction 0.0; chip no-data fraction 0.0; scene cloud cover 1.0; sun elevation 42.08208763,displayed in figure,epoch 2002; true colour; figure outputs/figures/karnali_79/imagery_timeseries/KAR-SET-053_kanaka_sundari_timeseries_1972_2026.png
KAR-SET-053_2007,LT05_L2SP_143040_20081102_02_T1,USGS Landsat Collection 2,Public domain (USGS),2008-11-02,2008,landsat-5 / Planetary Computer landsat-c2-l2,30 m,"4 km window centred 81.990018,29.390441",EPSG:32644,NA (streamed; not stored),NA,chip cloud/shadow fraction 0.0; chip no-data fraction 0.0; scene cloud cover 1.0; sun elevation 41.15988239,displayed in figure,epoch 2007; true colour; figure outputs/figures/karnali_79/imagery_timeseries/KAR-SET-053_kanaka_sundari_timeseries_1972_2026.png
KAR-SET-053_2012,LC08_L2SP_144040_20130413_02_T1,USGS Landsat Collection 2,Public domain (USGS),2013-04-13,2013,landsat-8 / Planetary Computer landsat-c2-l2,30 m,"4 km window centred 81.990018,29.390441",EPSG:32644,NA (streamed; not stored),NA,chip cloud/shadow fraction 0.0; chip no-data fraction 0.0; scene cloud cover 0.86; sun elevation 61.38406934,displayed in figure,epoch 2012; true colour; figure outputs/figures/karnali_79/imagery_timeseries/KAR-SET-053_kanaka_sundari_timeseries_1972_2026.png
KAR-SET-053_2017,S2A_MSIL2A_20170124T051101_R019_T44RNT_20210207T175513,ESA Copernicus Sentinel-2,"Copernicus Sentinel data terms (free, attribution)",2017-01-24,2017,Sentinel-2A / Planetary Computer sentinel-2-l2a,10 m,"4 km window centred 81.990018,29.390441",EPSG:32644,NA (streamed; not stored),NA,chip cloud/shadow fraction 0.0034; chip no-data fraction 0.0; scene cloud cover 1.793391; sun elevation None,displayed in figure,epoch 2017; true colour; figure outputs/figures/karnali_79/imagery_timeseries/KAR-SET-053_kanaka_sundari_timeseries_1972_2026.png
KAR-SET-053_2022,S2B_MSIL2A_20220314T050649_R019_T44RNT_20220314T143917,ESA Copernicus Sentinel-2,"Copernicus Sentinel data terms (free, attribution)",2022-03-14,2022,Sentinel-2B / Planetary Computer sentinel-2-l2a,10 m,"4 km window centred 81.990018,29.390441",EPSG:32644,NA (streamed; not stored),NA,chip cloud/shadow fraction 0.0024; chip no-data fraction 0.0; scene cloud cover 0.000892; sun elevation None,displayed in figure,epoch 2022; true colour; figure outputs/figures/karnali_79/imagery_timeseries/KAR-SET-053_kanaka_sundari_timeseries_1972_2026.png
KAR-SET-053_2026,S2B_MSIL2A_20260422T050649_R019_T44RNT_20260422T085212,ESA Copernicus Sentinel-2,"Copernicus Sentinel data terms (free, attribution)",2026-04-22,2026,Sentinel-2B / Planetary Computer sentinel-2-l2a,10 m,"4 km window centred 81.990018,29.390441",EPSG:32644,NA (streamed; not stored),NA,chip cloud/shadow fraction 0.0; chip no-data fraction 0.0; scene cloud cover 0.0; sun elevation None,displayed in figure,epoch 2026; true colour; figure outputs/figures/karnali_79/imagery_timeseries/KAR-SET-053_kanaka_sundari_timeseries_1972_2026.png
KAR-SET-054_1972,LM01_L1TP_154039_19721111_02_T2,USGS Landsat Collection 2,Public domain (USGS),1972-11-11,1972,landsat-1 / Planetary Computer landsat-c2-l1,60 m,"4 km window centred 82.006536,29.316347",EPSG:32644,NA (streamed; not stored),NA,chip cloud/shadow fraction 0.0; chip no-data fraction 0.0; scene cloud cover 63.0; sun elevation 36.70955405,displayed in figure,"epoch 1972; false colour (NIR-red-green): vegetation red, water dark; figure outputs/figures/karnali_79/imagery_timeseries/KAR-SET-054_sinja_timeseries_1972_2026.png"
KAR-SET-054_1977,LM02_L1TP_154040_19770323_02_T2,USGS Landsat Collection 2,Public domain (USGS),1977-03-23,1977,landsat-2 / Planetary Computer landsat-c2-l1,60 m,"4 km window centred 82.006536,29.316347",EPSG:32644,NA (streamed; not stored),NA,chip cloud/shadow fraction 0.0; chip no-data fraction 0.0; scene cloud cover 2.0; sun elevation 44.22210613,displayed in figure,"epoch 1977; false colour (NIR-red-green): vegetation red, water dark; figure outputs/figures/karnali_79/imagery_timeseries/KAR-SET-054_sinja_timeseries_1972_2026.png"
KAR-SET-054_1987,LT05_L2SP_143040_19871227_02_T1,USGS Landsat Collection 2,Public domain (USGS),1987-12-27,1987,landsat-5 / Planetary Computer landsat-c2-l2,30 m,"4 km window centred 82.006536,29.316347",EPSG:32644,NA (streamed; not stored),NA,chip cloud/shadow fraction 0.0; chip no-data fraction 0.0; scene cloud cover 8.0; sun elevation 30.1816121,displayed in figure,epoch 1987; true colour; figure outputs/figures/karnali_79/imagery_timeseries/KAR-SET-054_sinja_timeseries_1972_2026.png
KAR-SET-054_1992,LT05_L2SP_144040_19921215_02_T1,USGS Landsat Collection 2,Public domain (USGS),1992-12-15,1992,landsat-5 / Planetary Computer landsat-c2-l2,30 m,"4 km window centred 82.006536,29.316347",EPSG:32644,NA (streamed; not stored),NA,chip cloud/shadow fraction 0.0; chip no-data fraction 0.0; scene cloud cover 1.0; sun elevation 29.96770178,displayed in figure,epoch 1992; true colour; figure outputs/figures/karnali_79/imagery_timeseries/KAR-SET-054_sinja_timeseries_1972_2026.png
KAR-SET-054_1997,LT05_L2SP_144040_19970111_02_T1,USGS Landsat Collection 2,Public domain (USGS),1997-01-11,1997,landsat-5 / Planetary Computer landsat-c2-l2,30 m,"4 km window centred 82.006536,29.316347",EPSG:32644,NA (streamed; not stored),NA,chip cloud/shadow fraction 0.0; chip no-data fraction 0.0; scene cloud cover 0.0; sun elevation 29.96834575,displayed in figure,epoch 1997; true colour; figure outputs/figures/karnali_79/imagery_timeseries/KAR-SET-054_sinja_timeseries_1972_2026.png
KAR-SET-054_2002,LE07_L2SP_144040_20021101_02_T1,USGS Landsat Collection 2,Public domain (USGS),2002-11-01,2002,landsat-7 / Planetary Computer landsat-c2-l2,30 m,"4 km window centred 82.006536,29.316347",EPSG:32644,NA (streamed; not stored),NA,chip cloud/shadow fraction 0.0; chip no-data fraction 0.0; scene cloud cover 1.0; sun elevation 42.08208763,displayed in figure,epoch 2002; true colour; figure outputs/figures/karnali_79/imagery_timeseries/KAR-SET-054_sinja_timeseries_1972_2026.png
KAR-SET-054_2007,LT05_L2SP_143040_20081102_02_T1,USGS Landsat Collection 2,Public domain (USGS),2008-11-02,2008,landsat-5 / Planetary Computer landsat-c2-l2,30 m,"4 km window centred 82.006536,29.316347",EPSG:32644,NA (streamed; not stored),NA,chip cloud/shadow fraction 0.0; chip no-data fraction 0.0; scene cloud cover 1.0; sun elevation 41.15988239,displayed in figure,epoch 2007; true colour; figure outputs/figures/karnali_79/imagery_timeseries/KAR-SET-054_sinja_timeseries_1972_2026.png
KAR-SET-054_2012,LC08_L2SP_144040_20130413_02_T1,USGS Landsat Collection 2,Public domain (USGS),2013-04-13,2013,landsat-8 / Planetary Computer landsat-c2-l2,30 m,"4 km window centred 82.006536,29.316347",EPSG:32644,NA (streamed; not stored),NA,chip cloud/shadow fraction 0.0; chip no-data fraction 0.0; scene cloud cover 0.86; sun elevation 61.38406934,displayed in figure,epoch 2012; true colour; figure outputs/figures/karnali_79/imagery_timeseries/KAR-SET-054_sinja_timeseries_1972_2026.png
KAR-SET-054_2017,S2A_MSIL2A_20170124T051101_R019_T44RNT_20210207T175513,ESA Copernicus Sentinel-2,"Copernicus Sentinel data terms (free, attribution)",2017-01-24,2017,Sentinel-2A / Planetary Computer sentinel-2-l2a,10 m,"4 km window centred 82.006536,29.316347",EPSG:32644,NA (streamed; not stored),NA,chip cloud/shadow fraction 0.001; chip no-data fraction 0.0; scene cloud cover 1.793391; sun elevation None,displayed in figure,epoch 2017; true colour; figure outputs/figures/karnali_79/imagery_timeseries/KAR-SET-054_sinja_timeseries_1972_2026.png
KAR-SET-054_2022,S2B_MSIL2A_20220314T050649_R019_T44RNT_20220314T143917,ESA Copernicus Sentinel-2,"Copernicus Sentinel data terms (free, attribution)",2022-03-14,2022,Sentinel-2B / Planetary Computer sentinel-2-l2a,10 m,"4 km window centred 82.006536,29.316347",EPSG:32644,NA (streamed; not stored),NA,chip cloud/shadow fraction 0.0054; chip no-data fraction 0.0; scene cloud cover 0.000892; sun elevation None,displayed in figure,epoch 2022; true colour; figure outputs/figures/karnali_79/imagery_timeseries/KAR-SET-054_sinja_timeseries_1972_2026.png
KAR-SET-054_2026,S2B_MSIL2A_20260422T050649_R019_T44RNT_20260422T085212,ESA Copernicus Sentinel-2,"Copernicus Sentinel data terms (free, attribution)",2026-04-22,2026,Sentinel-2B / Planetary Computer sentinel-2-l2a,10 m,"4 km window centred 82.006536,29.316347",EPSG:32644,NA (streamed; not stored),NA,chip cloud/shadow fraction 0.0; chip no-data fraction 0.0; scene cloud cover 0.0; sun elevation None,displayed in figure,epoch 2026; true colour; figure outputs/figures/karnali_79/imagery_timeseries/KAR-SET-054_sinja_timeseries_1972_2026.png
KAR-SET-055_1972,LM01_L1TP_154039_19721111_02_T2,USGS Landsat Collection 2,Public domain (USGS),1972-11-11,1972,landsat-1 / Planetary Computer landsat-c2-l1,60 m,"4 km window centred 82.302905,29.308854",EPSG:32644,NA (streamed; not stored),NA,chip cloud/shadow fraction 0.0; chip no-data fraction 0.0; scene cloud cover 63.0; sun elevation 36.70955405,displayed in figure,"epoch 1972; false colour (NIR-red-green): vegetation red, water dark; figure outputs/figures/karnali_79/imagery_timeseries/KAR-SET-055_patarasi_timeseries_1972_2026.png"
KAR-SET-055_1977,LM02_L1TP_154040_19770323_02_T2,USGS Landsat Collection 2,Public domain (USGS),1977-03-23,1977,landsat-2 / Planetary Computer landsat-c2-l1,60 m,"4 km window centred 82.302905,29.308854",EPSG:32644,NA (streamed; not stored),NA,chip cloud/shadow fraction 0.0; chip no-data fraction 0.0; scene cloud cover 2.0; sun elevation 44.22210613,displayed in figure,"epoch 1977; false colour (NIR-red-green): vegetation red, water dark; figure outputs/figures/karnali_79/imagery_timeseries/KAR-SET-055_patarasi_timeseries_1972_2026.png"
KAR-SET-055_1987,LT05_L2SP_143040_19871227_02_T1,USGS Landsat Collection 2,Public domain (USGS),1987-12-27,1987,landsat-5 / Planetary Computer landsat-c2-l2,30 m,"4 km window centred 82.302905,29.308854",EPSG:32644,NA (streamed; not stored),NA,chip cloud/shadow fraction 0.0; chip no-data fraction 0.0; scene cloud cover 8.0; sun elevation 30.1816121,displayed in figure,epoch 1987; true colour; figure outputs/figures/karnali_79/imagery_timeseries/KAR-SET-055_patarasi_timeseries_1972_2026.png
KAR-SET-055_1992,LT05_L2SP_143040_19921106_02_T1,USGS Landsat Collection 2,Public domain (USGS),1992-11-06,1992,landsat-5 / Planetary Computer landsat-c2-l2,30 m,"4 km window centred 82.302905,29.308854",EPSG:32644,NA (streamed; not stored),NA,chip cloud/shadow fraction 0.0; chip no-data fraction 0.0; scene cloud cover 3.0; sun elevation 37.5167245,displayed in figure,epoch 1992; true colour; figure outputs/figures/karnali_79/imagery_timeseries/KAR-SET-055_patarasi_timeseries_1972_2026.png
KAR-SET-055_1997,LT05_L2SP_143040_19970309_02_T1,USGS Landsat Collection 2,Public domain (USGS),1997-03-09,1997,landsat-5 / Planetary Computer landsat-c2-l2,30 m,"4 km window centred 82.302905,29.308854",EPSG:32644,NA (streamed; not stored),NA,chip cloud/shadow fraction 0.0003; chip no-data fraction 0.0; scene cloud cover 4.0; sun elevation 43.65029989,displayed in figure,epoch 1997; true colour; figure outputs/figures/karnali_79/imagery_timeseries/KAR-SET-055_patarasi_timeseries_1972_2026.png
KAR-SET-055_2002,LE07_L2SP_143040_20021025_02_T1,USGS Landsat Collection 2,Public domain (USGS),2002-10-25,2002,landsat-7 / Planetary Computer landsat-c2-l2,30 m,"4 km window centred 82.302905,29.308854",EPSG:32644,NA (streamed; not stored),NA,chip cloud/shadow fraction 0.0; chip no-data fraction 0.0; scene cloud cover 3.0; sun elevation 44.11022116,displayed in figure,epoch 2002; true colour; figure outputs/figures/karnali_79/imagery_timeseries/KAR-SET-055_patarasi_timeseries_1972_2026.png
KAR-SET-055_2007,LT05_L2SP_143040_20080424_02_T1,USGS Landsat Collection 2,Public domain (USGS),2008-04-24,2008,landsat-5 / Planetary Computer landsat-c2-l2,30 m,"4 km window centred 82.302905,29.308854",EPSG:32644,NA (streamed; not stored),NA,chip cloud/shadow fraction 0.0; chip no-data fraction 0.0; scene cloud cover 3.0; sun elevation 62.11450463,displayed in figure,epoch 2007; true colour; figure outputs/figures/karnali_79/imagery_timeseries/KAR-SET-055_patarasi_timeseries_1972_2026.png
KAR-SET-055_2012,LC08_L2SP_143040_20131031_02_T1,USGS Landsat Collection 2,Public domain (USGS),2013-10-31,2013,landsat-8 / Planetary Computer landsat-c2-l2,30 m,"4 km window centred 82.302905,29.308854",EPSG:32644,NA (streamed; not stored),NA,chip cloud/shadow fraction 0.0; chip no-data fraction 0.0; scene cloud cover 4.08; sun elevation 43.65090666,displayed in figure,epoch 2012; true colour; figure outputs/figures/karnali_79/imagery_timeseries/KAR-SET-055_patarasi_timeseries_1972_2026.png
KAR-SET-055_2017,S2A_MSIL2A_20171001T050651_R019_T44RPT_20210202T121726,ESA Copernicus Sentinel-2,"Copernicus Sentinel data terms (free, attribution)",2017-10-01,2017,Sentinel-2A / Planetary Computer sentinel-2-l2a,10 m,"4 km window centred 82.302905,29.308854",EPSG:32644,NA (streamed; not stored),NA,chip cloud/shadow fraction 0.0077; chip no-data fraction 0.0; scene cloud cover 15.83812; sun elevation None,displayed in figure,epoch 2017; true colour; figure outputs/figures/karnali_79/imagery_timeseries/KAR-SET-055_patarasi_timeseries_1972_2026.png
KAR-SET-055_2022,S2B_MSIL2A_20221129T051149_R019_T44RPT_20221130T153301,ESA Copernicus Sentinel-2,"Copernicus Sentinel data terms (free, attribution)",2022-11-29,2022,Sentinel-2B / Planetary Computer sentinel-2-l2a,10 m,"4 km window centred 82.302905,29.308854",EPSG:32644,NA (streamed; not stored),NA,chip cloud/shadow fraction 0.0; chip no-data fraction 0.0; scene cloud cover 0.000796; sun elevation None,displayed in figure,epoch 2022; true colour; figure outputs/figures/karnali_79/imagery_timeseries/KAR-SET-055_patarasi_timeseries_1972_2026.png
KAR-SET-055_2026,S2C_MSIL2A_20260216T050911_R019_T44RPT_20260216T100811,ESA Copernicus Sentinel-2,"Copernicus Sentinel data terms (free, attribution)",2026-02-16,2026,Sentinel-2C / Planetary Computer sentinel-2-l2a,10 m,"4 km window centred 82.302905,29.308854",EPSG:32644,NA (streamed; not stored),NA,chip cloud/shadow fraction 0.0004; chip no-data fraction 0.0; scene cloud cover 0.00217; sun elevation None,displayed in figure,epoch 2026; true colour; figure outputs/figures/karnali_79/imagery_timeseries/KAR-SET-055_patarasi_timeseries_1972_2026.png
KAR-SET-056_1972,LM01_L1TP_154040_19721217_02_T2,USGS Landsat Collection 2,Public domain (USGS),1972-12-17,1972,landsat-1 / Planetary Computer landsat-c2-l1,60 m,"4 km window centred 81.897599,29.218467",EPSG:32644,NA (streamed; not stored),NA,chip cloud/shadow fraction 0.0; chip no-data fraction 0.0; scene cloud cover 6.0; sun elevation 31.42157915,displayed in figure,"epoch 1972; false colour (NIR-red-green): vegetation red, water dark; figure outputs/figures/karnali_79/imagery_timeseries/KAR-SET-056_hima_timeseries_1972_2026.png"
KAR-SET-056_1977,LM02_L1TP_154040_19770323_02_T2,USGS Landsat Collection 2,Public domain (USGS),1977-03-23,1977,landsat-2 / Planetary Computer landsat-c2-l1,60 m,"4 km window centred 81.897599,29.218467",EPSG:32644,NA (streamed; not stored),NA,chip cloud/shadow fraction 0.0; chip no-data fraction 0.0; scene cloud cover 2.0; sun elevation 44.22210613,displayed in figure,"epoch 1977; false colour (NIR-red-green): vegetation red, water dark; figure outputs/figures/karnali_79/imagery_timeseries/KAR-SET-056_hima_timeseries_1972_2026.png"
KAR-SET-056_1987,LT05_L2SP_143040_19871227_02_T1,USGS Landsat Collection 2,Public domain (USGS),1987-12-27,1987,landsat-5 / Planetary Computer landsat-c2-l2,30 m,"4 km window centred 81.897599,29.218467",EPSG:32644,NA (streamed; not stored),NA,chip cloud/shadow fraction 0.0; chip no-data fraction 0.0; scene cloud cover 8.0; sun elevation 30.1816121,displayed in figure,epoch 1987; true colour; figure outputs/figures/karnali_79/imagery_timeseries/KAR-SET-056_hima_timeseries_1972_2026.png
KAR-SET-056_1992,LT05_L2SP_144040_19921028_02_T1,USGS Landsat Collection 2,Public domain (USGS),1992-10-28,1992,landsat-5 / Planetary Computer landsat-c2-l2,30 m,"4 km window centred 81.897599,29.218467",EPSG:32644,NA (streamed; not stored),NA,chip cloud/shadow fraction 0.0; chip no-data fraction 0.0; scene cloud cover 1.0; sun elevation 39.94137675,displayed in figure,epoch 1992; true colour; figure outputs/figures/karnali_79/imagery_timeseries/KAR-SET-056_hima_timeseries_1972_2026.png
KAR-SET-056_1997,LT05_L2SP_144040_19970228_02_T1,USGS Landsat Collection 2,Public domain (USGS),1997-02-28,1997,landsat-5 / Planetary Computer landsat-c2-l2,30 m,"4 km window centred 81.897599,29.218467",EPSG:32644,NA (streamed; not stored),NA,chip cloud/shadow fraction 0.0188; chip no-data fraction 0.0; scene cloud cover 1.0; sun elevation 40.65361466,displayed in figure,epoch 1997; true colour; figure outputs/figures/karnali_79/imagery_timeseries/KAR-SET-056_hima_timeseries_1972_2026.png
KAR-SET-056_2002,LE07_L2SP_144040_20021101_02_T1,USGS Landsat Collection 2,Public domain (USGS),2002-11-01,2002,landsat-7 / Planetary Computer landsat-c2-l2,30 m,"4 km window centred 81.897599,29.218467",EPSG:32644,NA (streamed; not stored),NA,chip cloud/shadow fraction 0.0; chip no-data fraction 0.0; scene cloud cover 1.0; sun elevation 42.08208763,displayed in figure,epoch 2002; true colour; figure outputs/figures/karnali_79/imagery_timeseries/KAR-SET-056_hima_timeseries_1972_2026.png
KAR-SET-056_2007,LT05_L2SP_143040_20081102_02_T1,USGS Landsat Collection 2,Public domain (USGS),2008-11-02,2008,landsat-5 / Planetary Computer landsat-c2-l2,30 m,"4 km window centred 81.897599,29.218467",EPSG:32644,NA (streamed; not stored),NA,chip cloud/shadow fraction 0.0; chip no-data fraction 0.0; scene cloud cover 1.0; sun elevation 41.15988239,displayed in figure,epoch 2007; true colour; figure outputs/figures/karnali_79/imagery_timeseries/KAR-SET-056_hima_timeseries_1972_2026.png
KAR-SET-056_2012,LC08_L2SP_144040_20130413_02_T1,USGS Landsat Collection 2,Public domain (USGS),2013-04-13,2013,landsat-8 / Planetary Computer landsat-c2-l2,30 m,"4 km window centred 81.897599,29.218467",EPSG:32644,NA (streamed; not stored),NA,chip cloud/shadow fraction 0.0; chip no-data fraction 0.0; scene cloud cover 0.86; sun elevation 61.38406934,displayed in figure,epoch 2012; true colour; figure outputs/figures/karnali_79/imagery_timeseries/KAR-SET-056_hima_timeseries_1972_2026.png
KAR-SET-056_2017,S2A_MSIL2A_20170124T051101_R019_T44RNT_20210207T175513,ESA Copernicus Sentinel-2,"Copernicus Sentinel data terms (free, attribution)",2017-01-24,2017,Sentinel-2A / Planetary Computer sentinel-2-l2a,10 m,"4 km window centred 81.897599,29.218467",EPSG:32644,NA (streamed; not stored),NA,chip cloud/shadow fraction 0.0038; chip no-data fraction 0.0; scene cloud cover 1.793391; sun elevation None,displayed in figure,epoch 2017; true colour; figure outputs/figures/karnali_79/imagery_timeseries/KAR-SET-056_hima_timeseries_1972_2026.png
KAR-SET-056_2022,S2B_MSIL2A_20220314T050649_R019_T44RNT_20220314T143917,ESA Copernicus Sentinel-2,"Copernicus Sentinel data terms (free, attribution)",2022-03-14,2022,Sentinel-2B / Planetary Computer sentinel-2-l2a,10 m,"4 km window centred 81.897599,29.218467",EPSG:32644,NA (streamed; not stored),NA,chip cloud/shadow fraction 0.0; chip no-data fraction 0.0; scene cloud cover 0.000892; sun elevation None,displayed in figure,epoch 2022; true colour; figure outputs/figures/karnali_79/imagery_timeseries/KAR-SET-056_hima_timeseries_1972_2026.png
KAR-SET-056_2026,S2B_MSIL2A_20260422T050649_R019_T44RNT_20260422T085212,ESA Copernicus Sentinel-2,"Copernicus Sentinel data terms (free, attribution)",2026-04-22,2026,Sentinel-2B / Planetary Computer sentinel-2-l2a,10 m,"4 km window centred 81.897599,29.218467",EPSG:32644,NA (streamed; not stored),NA,chip cloud/shadow fraction 0.0; chip no-data fraction 0.0; scene cloud cover 0.0; sun elevation None,displayed in figure,epoch 2026; true colour; figure outputs/figures/karnali_79/imagery_timeseries/KAR-SET-056_hima_timeseries_1972_2026.png
KAR-SET-057_1972,LM01_L1TP_154040_19721217_02_T2,USGS Landsat Collection 2,Public domain (USGS),1972-12-17,1972,landsat-1 / Planetary Computer landsat-c2-l1,60 m,"4 km window centred 81.943837,29.226523",EPSG:32644,NA (streamed; not stored),NA,chip cloud/shadow fraction 0.0214; chip no-data fraction 0.0; scene cloud cover 6.0; sun elevation 31.42157915,displayed in figure,"epoch 1972; false colour (NIR-red-green): vegetation red, water dark; figure outputs/figures/karnali_79/imagery_timeseries/KAR-SET-057_tila_timeseries_1972_2026.png"
KAR-SET-057_1977,LM02_L1TP_154040_19770323_02_T2,USGS Landsat Collection 2,Public domain (USGS),1977-03-23,1977,landsat-2 / Planetary Computer landsat-c2-l1,60 m,"4 km window centred 81.943837,29.226523",EPSG:32644,NA (streamed; not stored),NA,chip cloud/shadow fraction 0.0; chip no-data fraction 0.0; scene cloud cover 2.0; sun elevation 44.22210613,displayed in figure,"epoch 1977; false colour (NIR-red-green): vegetation red, water dark; figure outputs/figures/karnali_79/imagery_timeseries/KAR-SET-057_tila_timeseries_1972_2026.png"
KAR-SET-057_1987,LT05_L2SP_143040_19871227_02_T1,USGS Landsat Collection 2,Public domain (USGS),1987-12-27,1987,landsat-5 / Planetary Computer landsat-c2-l2,30 m,"4 km window centred 81.943837,29.226523",EPSG:32644,NA (streamed; not stored),NA,chip cloud/shadow fraction 0.0; chip no-data fraction 0.0; scene cloud cover 8.0; sun elevation 30.1816121,displayed in figure,epoch 1987; true colour; figure outputs/figures/karnali_79/imagery_timeseries/KAR-SET-057_tila_timeseries_1972_2026.png
KAR-SET-057_1992,LT05_L2SP_144040_19921028_02_T1,USGS Landsat Collection 2,Public domain (USGS),1992-10-28,1992,landsat-5 / Planetary Computer landsat-c2-l2,30 m,"4 km window centred 81.943837,29.226523",EPSG:32644,NA (streamed; not stored),NA,chip cloud/shadow fraction 0.0; chip no-data fraction 0.0; scene cloud cover 1.0; sun elevation 39.94137675,displayed in figure,epoch 1992; true colour; figure outputs/figures/karnali_79/imagery_timeseries/KAR-SET-057_tila_timeseries_1972_2026.png
KAR-SET-057_1997,LT05_L2SP_144040_19970228_02_T1,USGS Landsat Collection 2,Public domain (USGS),1997-02-28,1997,landsat-5 / Planetary Computer landsat-c2-l2,30 m,"4 km window centred 81.943837,29.226523",EPSG:32644,NA (streamed; not stored),NA,chip cloud/shadow fraction 0.0316; chip no-data fraction 0.0; scene cloud cover 1.0; sun elevation 40.65361466,displayed in figure,epoch 1997; true colour; figure outputs/figures/karnali_79/imagery_timeseries/KAR-SET-057_tila_timeseries_1972_2026.png
KAR-SET-057_2002,LE07_L2SP_144040_20021101_02_T1,USGS Landsat Collection 2,Public domain (USGS),2002-11-01,2002,landsat-7 / Planetary Computer landsat-c2-l2,30 m,"4 km window centred 81.943837,29.226523",EPSG:32644,NA (streamed; not stored),NA,chip cloud/shadow fraction 0.0001; chip no-data fraction 0.0; scene cloud cover 1.0; sun elevation 42.08208763,displayed in figure,epoch 2002; true colour; figure outputs/figures/karnali_79/imagery_timeseries/KAR-SET-057_tila_timeseries_1972_2026.png
KAR-SET-057_2007,LT05_L2SP_143040_20081102_02_T1,USGS Landsat Collection 2,Public domain (USGS),2008-11-02,2008,landsat-5 / Planetary Computer landsat-c2-l2,30 m,"4 km window centred 81.943837,29.226523",EPSG:32644,NA (streamed; not stored),NA,chip cloud/shadow fraction 0.0; chip no-data fraction 0.0; scene cloud cover 1.0; sun elevation 41.15988239,displayed in figure,epoch 2007; true colour; figure outputs/figures/karnali_79/imagery_timeseries/KAR-SET-057_tila_timeseries_1972_2026.png
KAR-SET-057_2012,LC08_L2SP_144040_20130413_02_T1,USGS Landsat Collection 2,Public domain (USGS),2013-04-13,2013,landsat-8 / Planetary Computer landsat-c2-l2,30 m,"4 km window centred 81.943837,29.226523",EPSG:32644,NA (streamed; not stored),NA,chip cloud/shadow fraction 0.0001; chip no-data fraction 0.0; scene cloud cover 0.86; sun elevation 61.38406934,displayed in figure,epoch 2012; true colour; figure outputs/figures/karnali_79/imagery_timeseries/KAR-SET-057_tila_timeseries_1972_2026.png
KAR-SET-057_2017,S2A_MSIL2A_20170124T051101_R019_T44RNT_20210207T175513,ESA Copernicus Sentinel-2,"Copernicus Sentinel data terms (free, attribution)",2017-01-24,2017,Sentinel-2A / Planetary Computer sentinel-2-l2a,10 m,"4 km window centred 81.943837,29.226523",EPSG:32644,NA (streamed; not stored),NA,chip cloud/shadow fraction 0.0; chip no-data fraction 0.0; scene cloud cover 1.793391; sun elevation None,displayed in figure,epoch 2017; true colour; figure outputs/figures/karnali_79/imagery_timeseries/KAR-SET-057_tila_timeseries_1972_2026.png
KAR-SET-057_2022,S2B_MSIL2A_20220314T050649_R019_T44RNT_20220314T143917,ESA Copernicus Sentinel-2,"Copernicus Sentinel data terms (free, attribution)",2022-03-14,2022,Sentinel-2B / Planetary Computer sentinel-2-l2a,10 m,"4 km window centred 81.943837,29.226523",EPSG:32644,NA (streamed; not stored),NA,chip cloud/shadow fraction 0.0; chip no-data fraction 0.0; scene cloud cover 0.000892; sun elevation None,displayed in figure,epoch 2022; true colour; figure outputs/figures/karnali_79/imagery_timeseries/KAR-SET-057_tila_timeseries_1972_2026.png
KAR-SET-057_2026,S2B_MSIL2A_20260422T050649_R019_T44RNT_20260422T085212,ESA Copernicus Sentinel-2,"Copernicus Sentinel data terms (free, attribution)",2026-04-22,2026,Sentinel-2B / Planetary Computer sentinel-2-l2a,10 m,"4 km window centred 81.943837,29.226523",EPSG:32644,NA (streamed; not stored),NA,chip cloud/shadow fraction 0.0; chip no-data fraction 0.0; scene cloud cover 0.0; sun elevation None,displayed in figure,epoch 2026; true colour; figure outputs/figures/karnali_79/imagery_timeseries/KAR-SET-057_tila_timeseries_1972_2026.png
KAR-SET-058_1972,LM01_L1TP_154040_19721217_02_T2,USGS Landsat Collection 2,Public domain (USGS),1972-12-17,1972,landsat-1 / Planetary Computer landsat-c2-l1,60 m,"4 km window centred 82.047688,29.231775",EPSG:32644,NA (streamed; not stored),NA,chip cloud/shadow fraction 0.0042; chip no-data fraction 0.0; scene cloud cover 6.0; sun elevation 31.42157915,displayed in figure,"epoch 1972; false colour (NIR-red-green): vegetation red, water dark; figure outputs/figures/karnali_79/imagery_timeseries/KAR-SET-058_tatopani_timeseries_1972_2026.png"
KAR-SET-058_1977,LM02_L1TP_154040_19770323_02_T2,USGS Landsat Collection 2,Public domain (USGS),1977-03-23,1977,landsat-2 / Planetary Computer landsat-c2-l1,60 m,"4 km window centred 82.047688,29.231775",EPSG:32644,NA (streamed; not stored),NA,chip cloud/shadow fraction 0.0; chip no-data fraction 0.0; scene cloud cover 2.0; sun elevation 44.22210613,displayed in figure,"epoch 1977; false colour (NIR-red-green): vegetation red, water dark; figure outputs/figures/karnali_79/imagery_timeseries/KAR-SET-058_tatopani_timeseries_1972_2026.png"
KAR-SET-058_1987,LT05_L2SP_143040_19871227_02_T1,USGS Landsat Collection 2,Public domain (USGS),1987-12-27,1987,landsat-5 / Planetary Computer landsat-c2-l2,30 m,"4 km window centred 82.047688,29.231775",EPSG:32644,NA (streamed; not stored),NA,chip cloud/shadow fraction 0.0; chip no-data fraction 0.0; scene cloud cover 8.0; sun elevation 30.1816121,displayed in figure,epoch 1987; true colour; figure outputs/figures/karnali_79/imagery_timeseries/KAR-SET-058_tatopani_timeseries_1972_2026.png
KAR-SET-058_1992,LT05_L2SP_143040_19931109_02_T1,USGS Landsat Collection 2,Public domain (USGS),1993-11-09,1993,landsat-5 / Planetary Computer landsat-c2-l2,30 m,"4 km window centred 82.047688,29.231775",EPSG:32644,NA (streamed; not stored),NA,chip cloud/shadow fraction 0.0; chip no-data fraction 0.0; scene cloud cover 1.0; sun elevation 36.95505603,displayed in figure,epoch 1992; true colour; figure outputs/figures/karnali_79/imagery_timeseries/KAR-SET-058_tatopani_timeseries_1972_2026.png
KAR-SET-058_1997,LT05_L2SP_144040_19970111_02_T1,USGS Landsat Collection 2,Public domain (USGS),1997-01-11,1997,landsat-5 / Planetary Computer landsat-c2-l2,30 m,"4 km window centred 82.047688,29.231775",EPSG:32644,NA (streamed; not stored),NA,chip cloud/shadow fraction 0.0; chip no-data fraction 0.0; scene cloud cover 0.0; sun elevation 29.96834575,displayed in figure,epoch 1997; true colour; figure outputs/figures/karnali_79/imagery_timeseries/KAR-SET-058_tatopani_timeseries_1972_2026.png
KAR-SET-058_2002,LE07_L2SP_143040_20021025_02_T1,USGS Landsat Collection 2,Public domain (USGS),2002-10-25,2002,landsat-7 / Planetary Computer landsat-c2-l2,30 m,"4 km window centred 82.047688,29.231775",EPSG:32644,NA (streamed; not stored),NA,chip cloud/shadow fraction 0.0; chip no-data fraction 0.0; scene cloud cover 3.0; sun elevation 44.11022116,displayed in figure,epoch 2002; true colour; figure outputs/figures/karnali_79/imagery_timeseries/KAR-SET-058_tatopani_timeseries_1972_2026.png
KAR-SET-058_2007,LT05_L2SP_143040_20081102_02_T1,USGS Landsat Collection 2,Public domain (USGS),2008-11-02,2008,landsat-5 / Planetary Computer landsat-c2-l2,30 m,"4 km window centred 82.047688,29.231775",EPSG:32644,NA (streamed; not stored),NA,chip cloud/shadow fraction 0.0; chip no-data fraction 0.0; scene cloud cover 1.0; sun elevation 41.15988239,displayed in figure,epoch 2007; true colour; figure outputs/figures/karnali_79/imagery_timeseries/KAR-SET-058_tatopani_timeseries_1972_2026.png
KAR-SET-058_2012,LC08_L2SP_144040_20130413_02_T1,USGS Landsat Collection 2,Public domain (USGS),2013-04-13,2013,landsat-8 / Planetary Computer landsat-c2-l2,30 m,"4 km window centred 82.047688,29.231775",EPSG:32644,NA (streamed; not stored),NA,chip cloud/shadow fraction 0.0; chip no-data fraction 0.0; scene cloud cover 0.86; sun elevation 61.38406934,displayed in figure,epoch 2012; true colour; figure outputs/figures/karnali_79/imagery_timeseries/KAR-SET-058_tatopani_timeseries_1972_2026.png
KAR-SET-058_2017,S2A_MSIL2A_20170124T051101_R019_T44RNT_20210207T175513,ESA Copernicus Sentinel-2,"Copernicus Sentinel data terms (free, attribution)",2017-01-24,2017,Sentinel-2A / Planetary Computer sentinel-2-l2a,10 m,"4 km window centred 82.047688,29.231775",EPSG:32644,NA (streamed; not stored),NA,chip cloud/shadow fraction 0.0008; chip no-data fraction 0.0; scene cloud cover 1.793391; sun elevation None,displayed in figure,epoch 2017; true colour; figure outputs/figures/karnali_79/imagery_timeseries/KAR-SET-058_tatopani_timeseries_1972_2026.png
KAR-SET-058_2022,S2B_MSIL2A_20231214T051219_R019_T44RNT_20231214T090031,ESA Copernicus Sentinel-2,"Copernicus Sentinel data terms (free, attribution)",2023-12-14,2023,Sentinel-2B / Planetary Computer sentinel-2-l2a,10 m,"4 km window centred 82.047688,29.231775",EPSG:32644,NA (streamed; not stored),NA,chip cloud/shadow fraction 0.0001; chip no-data fraction 0.0; scene cloud cover 0.0; sun elevation None,displayed in figure,epoch 2022; true colour; figure outputs/figures/karnali_79/imagery_timeseries/KAR-SET-058_tatopani_timeseries_1972_2026.png
KAR-SET-058_2026,S2B_MSIL2A_20260422T050649_R019_T44RNT_20260422T085212,ESA Copernicus Sentinel-2,"Copernicus Sentinel data terms (free, attribution)",2026-04-22,2026,Sentinel-2B / Planetary Computer sentinel-2-l2a,10 m,"4 km window centred 82.047688,29.231775",EPSG:32644,NA (streamed; not stored),NA,chip cloud/shadow fraction 0.0; chip no-data fraction 0.0; scene cloud cover 0.0; sun elevation None,displayed in figure,epoch 2026; true colour; figure outputs/figures/karnali_79/imagery_timeseries/KAR-SET-058_tatopani_timeseries_1972_2026.png
KAR-SET-059_1972,LM01_L1GS_154040_19721111_02_T2,USGS Landsat Collection 2,Public domain (USGS),1972-11-11,1972,landsat-1 / Planetary Computer landsat-c2-l1,60 m,"4 km window centred 82.256449,29.253514",EPSG:32644,NA (streamed; not stored),NA,chip cloud/shadow fraction 0.0229; chip no-data fraction 0.0; scene cloud cover 8.0; sun elevation 37.75830491,displayed in figure,"epoch 1972; false colour (NIR-red-green): vegetation red, water dark; figure outputs/figures/karnali_79/imagery_timeseries/KAR-SET-059_guthichaur_timeseries_1972_2026.png"
KAR-SET-059_1977,LM02_L1TP_154040_19770323_02_T2,USGS Landsat Collection 2,Public domain (USGS),1977-03-23,1977,landsat-2 / Planetary Computer landsat-c2-l1,60 m,"4 km window centred 82.256449,29.253514",EPSG:32644,NA (streamed; not stored),NA,chip cloud/shadow fraction 0.0; chip no-data fraction 0.0; scene cloud cover 2.0; sun elevation 44.22210613,displayed in figure,"epoch 1977; false colour (NIR-red-green): vegetation red, water dark; figure outputs/figures/karnali_79/imagery_timeseries/KAR-SET-059_guthichaur_timeseries_1972_2026.png"
KAR-SET-059_1987,LT05_L2SP_143040_19871227_02_T1,USGS Landsat Collection 2,Public domain (USGS),1987-12-27,1987,landsat-5 / Planetary Computer landsat-c2-l2,30 m,"4 km window centred 82.256449,29.253514",EPSG:32644,NA (streamed; not stored),NA,chip cloud/shadow fraction 0.0; chip no-data fraction 0.0; scene cloud cover 8.0; sun elevation 30.1816121,displayed in figure,epoch 1987; true colour; figure outputs/figures/karnali_79/imagery_timeseries/KAR-SET-059_guthichaur_timeseries_1972_2026.png
KAR-SET-059_1992,LT05_L2SP_143040_19921106_02_T1,USGS Landsat Collection 2,Public domain (USGS),1992-11-06,1992,landsat-5 / Planetary Computer landsat-c2-l2,30 m,"4 km window centred 82.256449,29.253514",EPSG:32644,NA (streamed; not stored),NA,chip cloud/shadow fraction 0.0; chip no-data fraction 0.0; scene cloud cover 3.0; sun elevation 37.5167245,displayed in figure,epoch 1992; true colour; figure outputs/figures/karnali_79/imagery_timeseries/KAR-SET-059_guthichaur_timeseries_1972_2026.png
KAR-SET-059_1997,LT05_L2SP_143040_19970309_02_T1,USGS Landsat Collection 2,Public domain (USGS),1997-03-09,1997,landsat-5 / Planetary Computer landsat-c2-l2,30 m,"4 km window centred 82.256449,29.253514",EPSG:32644,NA (streamed; not stored),NA,chip cloud/shadow fraction 0.0041; chip no-data fraction 0.0; scene cloud cover 4.0; sun elevation 43.65029989,displayed in figure,epoch 1997; true colour; figure outputs/figures/karnali_79/imagery_timeseries/KAR-SET-059_guthichaur_timeseries_1972_2026.png
KAR-SET-059_2002,LE07_L2SP_143040_20021025_02_T1,USGS Landsat Collection 2,Public domain (USGS),2002-10-25,2002,landsat-7 / Planetary Computer landsat-c2-l2,30 m,"4 km window centred 82.256449,29.253514",EPSG:32644,NA (streamed; not stored),NA,chip cloud/shadow fraction 0.0; chip no-data fraction 0.0; scene cloud cover 3.0; sun elevation 44.11022116,displayed in figure,epoch 2002; true colour; figure outputs/figures/karnali_79/imagery_timeseries/KAR-SET-059_guthichaur_timeseries_1972_2026.png
KAR-SET-059_2007,LT05_L2SP_143040_20080424_02_T1,USGS Landsat Collection 2,Public domain (USGS),2008-04-24,2008,landsat-5 / Planetary Computer landsat-c2-l2,30 m,"4 km window centred 82.256449,29.253514",EPSG:32644,NA (streamed; not stored),NA,chip cloud/shadow fraction 0.0; chip no-data fraction 0.0; scene cloud cover 3.0; sun elevation 62.11450463,displayed in figure,epoch 2007; true colour; figure outputs/figures/karnali_79/imagery_timeseries/KAR-SET-059_guthichaur_timeseries_1972_2026.png
KAR-SET-059_2012,LC08_L2SP_143040_20131031_02_T1,USGS Landsat Collection 2,Public domain (USGS),2013-10-31,2013,landsat-8 / Planetary Computer landsat-c2-l2,30 m,"4 km window centred 82.256449,29.253514",EPSG:32644,NA (streamed; not stored),NA,chip cloud/shadow fraction 0.0; chip no-data fraction 0.0; scene cloud cover 4.08; sun elevation 43.65090666,displayed in figure,epoch 2012; true colour; figure outputs/figures/karnali_79/imagery_timeseries/KAR-SET-059_guthichaur_timeseries_1972_2026.png
KAR-SET-059_2017,S2A_MSIL2A_20171001T050651_R019_T44RPT_20210202T121726,ESA Copernicus Sentinel-2,"Copernicus Sentinel data terms (free, attribution)",2017-10-01,2017,Sentinel-2A / Planetary Computer sentinel-2-l2a,10 m,"4 km window centred 82.256449,29.253514",EPSG:32644,NA (streamed; not stored),NA,chip cloud/shadow fraction 0.0076; chip no-data fraction 0.0; scene cloud cover 15.83812; sun elevation None,displayed in figure,epoch 2017; true colour; figure outputs/figures/karnali_79/imagery_timeseries/KAR-SET-059_guthichaur_timeseries_1972_2026.png
KAR-SET-059_2022,S2B_MSIL2A_20221129T051149_R019_T44RPT_20221130T153301,ESA Copernicus Sentinel-2,"Copernicus Sentinel data terms (free, attribution)",2022-11-29,2022,Sentinel-2B / Planetary Computer sentinel-2-l2a,10 m,"4 km window centred 82.256449,29.253514",EPSG:32644,NA (streamed; not stored),NA,chip cloud/shadow fraction 0.0; chip no-data fraction 0.0; scene cloud cover 0.000796; sun elevation None,displayed in figure,epoch 2022; true colour; figure outputs/figures/karnali_79/imagery_timeseries/KAR-SET-059_guthichaur_timeseries_1972_2026.png
KAR-SET-059_2026,S2C_MSIL2A_20260216T050911_R019_T44RPT_20260216T100811,ESA Copernicus Sentinel-2,"Copernicus Sentinel data terms (free, attribution)",2026-02-16,2026,Sentinel-2C / Planetary Computer sentinel-2-l2a,10 m,"4 km window centred 82.256449,29.253514",EPSG:32644,NA (streamed; not stored),NA,chip cloud/shadow fraction 0.0; chip no-data fraction 0.0; scene cloud cover 0.00217; sun elevation None,displayed in figure,epoch 2026; true colour; figure outputs/figures/karnali_79/imagery_timeseries/KAR-SET-059_guthichaur_timeseries_1972_2026.png
KAR-SET-060_1972,LM01_L1TP_155040_19721130_02_T2,USGS Landsat Collection 2,Public domain (USGS),1972-11-30,1972,landsat-1 / Planetary Computer landsat-c2-l1,60 m,"4 km window centred 81.633374,29.238407",EPSG:32644,NA (streamed; not stored),NA,chip cloud/shadow fraction 0.0; chip no-data fraction 0.0; scene cloud cover 1.0; sun elevation 33.49290941,displayed in figure,"epoch 1972; false colour (NIR-red-green): vegetation red, water dark; figure outputs/figures/karnali_79/imagery_timeseries/KAR-SET-060_raskot_timeseries_1972_2026.png"
KAR-SET-060_1977,LM02_L1TP_155040_19770216_02_T2,USGS Landsat Collection 2,Public domain (USGS),1977-02-16,1977,landsat-2 / Planetary Computer landsat-c2-l1,60 m,"4 km window centred 81.633374,29.238407",EPSG:32644,NA (streamed; not stored),NA,chip cloud/shadow fraction 0.0; chip no-data fraction 0.0; scene cloud cover 0.0; sun elevation 33.79916288,displayed in figure,"epoch 1977; false colour (NIR-red-green): vegetation red, water dark; figure outputs/figures/karnali_79/imagery_timeseries/KAR-SET-060_raskot_timeseries_1972_2026.png"
KAR-SET-060_1987,LT05_L2SP_144040_19890411_02_T1,USGS Landsat Collection 2,Public domain (USGS),1989-04-11,1989,landsat-5 / Planetary Computer landsat-c2-l2,30 m,"4 km window centred 81.633374,29.238407",EPSG:32644,NA (streamed; not stored),NA,chip cloud/shadow fraction 0.0; chip no-data fraction 0.0; scene cloud cover 1.0; sun elevation 54.75653353,displayed in figure,epoch 1987; true colour; figure outputs/figures/karnali_79/imagery_timeseries/KAR-SET-060_raskot_timeseries_1972_2026.png
KAR-SET-060_1992,LT05_L2SP_144040_19921028_02_T1,USGS Landsat Collection 2,Public domain (USGS),1992-10-28,1992,landsat-5 / Planetary Computer landsat-c2-l2,30 m,"4 km window centred 81.633374,29.238407",EPSG:32644,NA (streamed; not stored),NA,chip cloud/shadow fraction 0.0; chip no-data fraction 0.0; scene cloud cover 1.0; sun elevation 39.94137675,displayed in figure,epoch 1992; true colour; figure outputs/figures/karnali_79/imagery_timeseries/KAR-SET-060_raskot_timeseries_1972_2026.png
KAR-SET-060_1997,LT05_L2SP_144040_19970228_02_T1,USGS Landsat Collection 2,Public domain (USGS),1997-02-28,1997,landsat-5 / Planetary Computer landsat-c2-l2,30 m,"4 km window centred 81.633374,29.238407",EPSG:32644,NA (streamed; not stored),NA,chip cloud/shadow fraction 0.0; chip no-data fraction 0.0; scene cloud cover 1.0; sun elevation 40.65361466,displayed in figure,epoch 1997; true colour; figure outputs/figures/karnali_79/imagery_timeseries/KAR-SET-060_raskot_timeseries_1972_2026.png
KAR-SET-060_2002,LE07_L2SP_144040_20021101_02_T1,USGS Landsat Collection 2,Public domain (USGS),2002-11-01,2002,landsat-7 / Planetary Computer landsat-c2-l2,30 m,"4 km window centred 81.633374,29.238407",EPSG:32644,NA (streamed; not stored),NA,chip cloud/shadow fraction 0.0; chip no-data fraction 0.0; scene cloud cover 1.0; sun elevation 42.08208763,displayed in figure,epoch 2002; true colour; figure outputs/figures/karnali_79/imagery_timeseries/KAR-SET-060_raskot_timeseries_1972_2026.png
KAR-SET-060_2007,LT05_L2SP_143040_20081102_02_T1,USGS Landsat Collection 2,Public domain (USGS),2008-11-02,2008,landsat-5 / Planetary Computer landsat-c2-l2,30 m,"4 km window centred 81.633374,29.238407",EPSG:32644,NA (streamed; not stored),NA,chip cloud/shadow fraction 0.0; chip no-data fraction 0.0; scene cloud cover 1.0; sun elevation 41.15988239,displayed in figure,epoch 2007; true colour; figure outputs/figures/karnali_79/imagery_timeseries/KAR-SET-060_raskot_timeseries_1972_2026.png
KAR-SET-060_2012,LC08_L2SP_144040_20130413_02_T1,USGS Landsat Collection 2,Public domain (USGS),2013-04-13,2013,landsat-8 / Planetary Computer landsat-c2-l2,30 m,"4 km window centred 81.633374,29.238407",EPSG:32644,NA (streamed; not stored),NA,chip cloud/shadow fraction 0.0; chip no-data fraction 0.0; scene cloud cover 0.86; sun elevation 61.38406934,displayed in figure,epoch 2012; true colour; figure outputs/figures/karnali_79/imagery_timeseries/KAR-SET-060_raskot_timeseries_1972_2026.png
KAR-SET-060_2017,S2A_MSIL2A_20170124T051101_R019_T44RNT_20210207T175513,ESA Copernicus Sentinel-2,"Copernicus Sentinel data terms (free, attribution)",2017-01-24,2017,Sentinel-2A / Planetary Computer sentinel-2-l2a,10 m,"4 km window centred 81.633374,29.238407",EPSG:32644,NA (streamed; not stored),NA,chip cloud/shadow fraction 0.0; chip no-data fraction 0.0; scene cloud cover 1.793391; sun elevation None,displayed in figure,epoch 2017; true colour; figure outputs/figures/karnali_79/imagery_timeseries/KAR-SET-060_raskot_timeseries_1972_2026.png
KAR-SET-060_2022,S2B_MSIL2A_20220314T050649_R019_T44RNT_20220314T143917,ESA Copernicus Sentinel-2,"Copernicus Sentinel data terms (free, attribution)",2022-03-14,2022,Sentinel-2B / Planetary Computer sentinel-2-l2a,10 m,"4 km window centred 81.633374,29.238407",EPSG:32644,NA (streamed; not stored),NA,chip cloud/shadow fraction 0.0; chip no-data fraction 0.0; scene cloud cover 0.000892; sun elevation None,displayed in figure,epoch 2022; true colour; figure outputs/figures/karnali_79/imagery_timeseries/KAR-SET-060_raskot_timeseries_1972_2026.png
KAR-SET-060_2026,S2B_MSIL2A_20260422T050649_R019_T44RNT_20260422T085212,ESA Copernicus Sentinel-2,"Copernicus Sentinel data terms (free, attribution)",2026-04-22,2026,Sentinel-2B / Planetary Computer sentinel-2-l2a,10 m,"4 km window centred 81.633374,29.238407",EPSG:32644,NA (streamed; not stored),NA,chip cloud/shadow fraction 0.0; chip no-data fraction 0.0; scene cloud cover 0.0; sun elevation None,displayed in figure,epoch 2026; true colour; figure outputs/figures/karnali_79/imagery_timeseries/KAR-SET-060_raskot_timeseries_1972_2026.png
KAR-SET-061_1972,LM01_L1TP_155040_19721130_02_T2,USGS Landsat Collection 2,Public domain (USGS),1972-11-30,1972,landsat-1 / Planetary Computer landsat-c2-l1,60 m,"4 km window centred 81.612609,29.150365",EPSG:32644,NA (streamed; not stored),NA,chip cloud/shadow fraction 0.0; chip no-data fraction 0.0; scene cloud cover 1.0; sun elevation 33.49290941,displayed in figure,"epoch 1972; false colour (NIR-red-green): vegetation red, water dark; figure outputs/figures/karnali_79/imagery_timeseries/KAR-SET-061_khandachakra_timeseries_1972_2026.png"
KAR-SET-061_1977,LM02_L1TP_155040_19761013_02_T2,USGS Landsat Collection 2,Public domain (USGS),1976-10-13,1976,landsat-2 / Planetary Computer landsat-c2-l1,60 m,"4 km window centred 81.612609,29.150365",EPSG:32644,NA (streamed; not stored),NA,chip cloud/shadow fraction 0.0; chip no-data fraction 0.0; scene cloud cover 0.0; sun elevation 42.5656962,displayed in figure,"epoch 1977; false colour (NIR-red-green): vegetation red, water dark; figure outputs/figures/karnali_79/imagery_timeseries/KAR-SET-061_khandachakra_timeseries_1972_2026.png"
KAR-SET-061_1987,LT05_L2SP_144040_19890411_02_T1,USGS Landsat Collection 2,Public domain (USGS),1989-04-11,1989,landsat-5 / Planetary Computer landsat-c2-l2,30 m,"4 km window centred 81.612609,29.150365",EPSG:32644,NA (streamed; not stored),NA,chip cloud/shadow fraction 0.0; chip no-data fraction 0.0; scene cloud cover 1.0; sun elevation 54.75653353,displayed in figure,epoch 1987; true colour; figure outputs/figures/karnali_79/imagery_timeseries/KAR-SET-061_khandachakra_timeseries_1972_2026.png
KAR-SET-061_1992,LT05_L2SP_144040_19921028_02_T1,USGS Landsat Collection 2,Public domain (USGS),1992-10-28,1992,landsat-5 / Planetary Computer landsat-c2-l2,30 m,"4 km window centred 81.612609,29.150365",EPSG:32644,NA (streamed; not stored),NA,chip cloud/shadow fraction 0.0003; chip no-data fraction 0.0; scene cloud cover 1.0; sun elevation 39.94137675,displayed in figure,epoch 1992; true colour; figure outputs/figures/karnali_79/imagery_timeseries/KAR-SET-061_khandachakra_timeseries_1972_2026.png
KAR-SET-061_1997,LT05_L2SP_144040_19970228_02_T1,USGS Landsat Collection 2,Public domain (USGS),1997-02-28,1997,landsat-5 / Planetary Computer landsat-c2-l2,30 m,"4 km window centred 81.612609,29.150365",EPSG:32644,NA (streamed; not stored),NA,chip cloud/shadow fraction 0.0; chip no-data fraction 0.0; scene cloud cover 1.0; sun elevation 40.65361466,displayed in figure,epoch 1997; true colour; figure outputs/figures/karnali_79/imagery_timeseries/KAR-SET-061_khandachakra_timeseries_1972_2026.png
KAR-SET-061_2002,LE07_L2SP_144040_20021101_02_T1,USGS Landsat Collection 2,Public domain (USGS),2002-11-01,2002,landsat-7 / Planetary Computer landsat-c2-l2,30 m,"4 km window centred 81.612609,29.150365",EPSG:32644,NA (streamed; not stored),NA,chip cloud/shadow fraction 0.0004; chip no-data fraction 0.0; scene cloud cover 1.0; sun elevation 42.08208763,displayed in figure,epoch 2002; true colour; figure outputs/figures/karnali_79/imagery_timeseries/KAR-SET-061_khandachakra_timeseries_1972_2026.png
KAR-SET-061_2007,LT05_L2SP_143040_20081102_02_T1,USGS Landsat Collection 2,Public domain (USGS),2008-11-02,2008,landsat-5 / Planetary Computer landsat-c2-l2,30 m,"4 km window centred 81.612609,29.150365",EPSG:32644,NA (streamed; not stored),NA,chip cloud/shadow fraction 0.0; chip no-data fraction 0.0; scene cloud cover 1.0; sun elevation 41.15988239,displayed in figure,epoch 2007; true colour; figure outputs/figures/karnali_79/imagery_timeseries/KAR-SET-061_khandachakra_timeseries_1972_2026.png
KAR-SET-061_2012,LC08_L2SP_144040_20130413_02_T1,USGS Landsat Collection 2,Public domain (USGS),2013-04-13,2013,landsat-8 / Planetary Computer landsat-c2-l2,30 m,"4 km window centred 81.612609,29.150365",EPSG:32644,NA (streamed; not stored),NA,chip cloud/shadow fraction 0.0; chip no-data fraction 0.0; scene cloud cover 0.86; sun elevation 61.38406934,displayed in figure,epoch 2012; true colour; figure outputs/figures/karnali_79/imagery_timeseries/KAR-SET-061_khandachakra_timeseries_1972_2026.png
KAR-SET-061_2017,S2A_MSIL2A_20170124T051101_R019_T44RNT_20210207T175513,ESA Copernicus Sentinel-2,"Copernicus Sentinel data terms (free, attribution)",2017-01-24,2017,Sentinel-2A / Planetary Computer sentinel-2-l2a,10 m,"4 km window centred 81.612609,29.150365",EPSG:32644,NA (streamed; not stored),NA,chip cloud/shadow fraction 0.0; chip no-data fraction 0.0; scene cloud cover 1.793391; sun elevation None,displayed in figure,epoch 2017; true colour; figure outputs/figures/karnali_79/imagery_timeseries/KAR-SET-061_khandachakra_timeseries_1972_2026.png
KAR-SET-061_2022,S2B_MSIL2A_20220314T050649_R019_T44RNT_20220314T143917,ESA Copernicus Sentinel-2,"Copernicus Sentinel data terms (free, attribution)",2022-03-14,2022,Sentinel-2B / Planetary Computer sentinel-2-l2a,10 m,"4 km window centred 81.612609,29.150365",EPSG:32644,NA (streamed; not stored),NA,chip cloud/shadow fraction 0.0; chip no-data fraction 0.0; scene cloud cover 0.000892; sun elevation None,displayed in figure,epoch 2022; true colour; figure outputs/figures/karnali_79/imagery_timeseries/KAR-SET-061_khandachakra_timeseries_1972_2026.png
KAR-SET-061_2026,S2B_MSIL2A_20260422T050649_R019_T44RNT_20260422T085212,ESA Copernicus Sentinel-2,"Copernicus Sentinel data terms (free, attribution)",2026-04-22,2026,Sentinel-2B / Planetary Computer sentinel-2-l2a,10 m,"4 km window centred 81.612609,29.150365",EPSG:32644,NA (streamed; not stored),NA,chip cloud/shadow fraction 0.0; chip no-data fraction 0.0; scene cloud cover 0.0; sun elevation None,displayed in figure,epoch 2026; true colour; figure outputs/figures/karnali_79/imagery_timeseries/KAR-SET-061_khandachakra_timeseries_1972_2026.png
KAR-SET-062_1972,LM01_L1TP_154040_19721217_02_T2,USGS Landsat Collection 2,Public domain (USGS),1972-12-17,1972,landsat-1 / Planetary Computer landsat-c2-l1,60 m,"4 km window centred 81.784488,29.154472",EPSG:32644,NA (streamed; not stored),NA,chip cloud/shadow fraction 0.0; chip no-data fraction 0.0; scene cloud cover 6.0; sun elevation 31.42157915,displayed in figure,"epoch 1972; false colour (NIR-red-green): vegetation red, water dark; figure outputs/figures/karnali_79/imagery_timeseries/KAR-SET-062_tilagupha_timeseries_1972_2026.png"
KAR-SET-062_1977,LM02_L1TP_154040_19770323_02_T2,USGS Landsat Collection 2,Public domain (USGS),1977-03-23,1977,landsat-2 / Planetary Computer landsat-c2-l1,60 m,"4 km window centred 81.784488,29.154472",EPSG:32644,NA (streamed; not stored),NA,chip cloud/shadow fraction 0.0; chip no-data fraction 0.0; scene cloud cover 2.0; sun elevation 44.22210613,displayed in figure,"epoch 1977; false colour (NIR-red-green): vegetation red, water dark; figure outputs/figures/karnali_79/imagery_timeseries/KAR-SET-062_tilagupha_timeseries_1972_2026.png"
KAR-SET-062_1987,LT05_L2SP_143040_19871227_02_T1,USGS Landsat Collection 2,Public domain (USGS),1987-12-27,1987,landsat-5 / Planetary Computer landsat-c2-l2,30 m,"4 km window centred 81.784488,29.154472",EPSG:32644,NA (streamed; not stored),NA,chip cloud/shadow fraction 0.0; chip no-data fraction 0.0; scene cloud cover 8.0; sun elevation 30.1816121,displayed in figure,epoch 1987; true colour; figure outputs/figures/karnali_79/imagery_timeseries/KAR-SET-062_tilagupha_timeseries_1972_2026.png
KAR-SET-062_1992,LT05_L2SP_144040_19921028_02_T1,USGS Landsat Collection 2,Public domain (USGS),1992-10-28,1992,landsat-5 / Planetary Computer landsat-c2-l2,30 m,"4 km window centred 81.784488,29.154472",EPSG:32644,NA (streamed; not stored),NA,chip cloud/shadow fraction 0.0003; chip no-data fraction 0.0; scene cloud cover 1.0; sun elevation 39.94137675,displayed in figure,epoch 1992; true colour; figure outputs/figures/karnali_79/imagery_timeseries/KAR-SET-062_tilagupha_timeseries_1972_2026.png
KAR-SET-062_1997,LT05_L2SP_144040_19970228_02_T1,USGS Landsat Collection 2,Public domain (USGS),1997-02-28,1997,landsat-5 / Planetary Computer landsat-c2-l2,30 m,"4 km window centred 81.784488,29.154472",EPSG:32644,NA (streamed; not stored),NA,chip cloud/shadow fraction 0.0007; chip no-data fraction 0.0; scene cloud cover 1.0; sun elevation 40.65361466,displayed in figure,epoch 1997; true colour; figure outputs/figures/karnali_79/imagery_timeseries/KAR-SET-062_tilagupha_timeseries_1972_2026.png
KAR-SET-062_2002,LE07_L2SP_144040_20021101_02_T1,USGS Landsat Collection 2,Public domain (USGS),2002-11-01,2002,landsat-7 / Planetary Computer landsat-c2-l2,30 m,"4 km window centred 81.784488,29.154472",EPSG:32644,NA (streamed; not stored),NA,chip cloud/shadow fraction 0.0008; chip no-data fraction 0.0; scene cloud cover 1.0; sun elevation 42.08208763,displayed in figure,epoch 2002; true colour; figure outputs/figures/karnali_79/imagery_timeseries/KAR-SET-062_tilagupha_timeseries_1972_2026.png
KAR-SET-062_2007,LT05_L2SP_143040_20081102_02_T1,USGS Landsat Collection 2,Public domain (USGS),2008-11-02,2008,landsat-5 / Planetary Computer landsat-c2-l2,30 m,"4 km window centred 81.784488,29.154472",EPSG:32644,NA (streamed; not stored),NA,chip cloud/shadow fraction 0.0; chip no-data fraction 0.0; scene cloud cover 1.0; sun elevation 41.15988239,displayed in figure,epoch 2007; true colour; figure outputs/figures/karnali_79/imagery_timeseries/KAR-SET-062_tilagupha_timeseries_1972_2026.png
KAR-SET-062_2012,LC08_L2SP_144040_20130413_02_T1,USGS Landsat Collection 2,Public domain (USGS),2013-04-13,2013,landsat-8 / Planetary Computer landsat-c2-l2,30 m,"4 km window centred 81.784488,29.154472",EPSG:32644,NA (streamed; not stored),NA,chip cloud/shadow fraction 0.0004; chip no-data fraction 0.0; scene cloud cover 0.86; sun elevation 61.38406934,displayed in figure,epoch 2012; true colour; figure outputs/figures/karnali_79/imagery_timeseries/KAR-SET-062_tilagupha_timeseries_1972_2026.png
KAR-SET-062_2017,S2A_MSIL2A_20170124T051101_R019_T44RNT_20210207T175513,ESA Copernicus Sentinel-2,"Copernicus Sentinel data terms (free, attribution)",2017-01-24,2017,Sentinel-2A / Planetary Computer sentinel-2-l2a,10 m,"4 km window centred 81.784488,29.154472",EPSG:32644,NA (streamed; not stored),NA,chip cloud/shadow fraction 0.0001; chip no-data fraction 0.0; scene cloud cover 1.793391; sun elevation None,displayed in figure,epoch 2017; true colour; figure outputs/figures/karnali_79/imagery_timeseries/KAR-SET-062_tilagupha_timeseries_1972_2026.png
KAR-SET-062_2022,S2B_MSIL2A_20220314T050649_R019_T44RNT_20220314T143917,ESA Copernicus Sentinel-2,"Copernicus Sentinel data terms (free, attribution)",2022-03-14,2022,Sentinel-2B / Planetary Computer sentinel-2-l2a,10 m,"4 km window centred 81.784488,29.154472",EPSG:32644,NA (streamed; not stored),NA,chip cloud/shadow fraction 0.0; chip no-data fraction 0.0; scene cloud cover 0.000892; sun elevation None,displayed in figure,epoch 2022; true colour; figure outputs/figures/karnali_79/imagery_timeseries/KAR-SET-062_tilagupha_timeseries_1972_2026.png
KAR-SET-062_2026,S2B_MSIL2A_20260422T050649_R019_T44RNT_20260422T085212,ESA Copernicus Sentinel-2,"Copernicus Sentinel data terms (free, attribution)",2026-04-22,2026,Sentinel-2B / Planetary Computer sentinel-2-l2a,10 m,"4 km window centred 81.784488,29.154472",EPSG:32644,NA (streamed; not stored),NA,chip cloud/shadow fraction 0.0; chip no-data fraction 0.0; scene cloud cover 0.0; sun elevation None,displayed in figure,epoch 2026; true colour; figure outputs/figures/karnali_79/imagery_timeseries/KAR-SET-062_tilagupha_timeseries_1972_2026.png
KAR-SET-063_1972,LM01_L1TP_155040_19721130_02_T2,USGS Landsat Collection 2,Public domain (USGS),1972-11-30,1972,landsat-1 / Planetary Computer landsat-c2-l1,60 m,"4 km window centred 81.547726,29.160393",EPSG:32644,NA (streamed; not stored),NA,chip cloud/shadow fraction 0.0; chip no-data fraction 0.0; scene cloud cover 1.0; sun elevation 33.49290941,displayed in figure,"epoch 1972; false colour (NIR-red-green): vegetation red, water dark; figure outputs/figures/karnali_79/imagery_timeseries/KAR-SET-063_naraharinath_timeseries_1972_2026.png"
KAR-SET-063_1977,LM02_L1TP_155040_19770324_02_T2,USGS Landsat Collection 2,Public domain (USGS),1977-03-24,1977,landsat-2 / Planetary Computer landsat-c2-l1,60 m,"4 km window centred 81.547726,29.160393",EPSG:32644,NA (streamed; not stored),NA,chip cloud/shadow fraction 0.0; chip no-data fraction 0.0; scene cloud cover 0.0; sun elevation 44.57905385,displayed in figure,"epoch 1977; false colour (NIR-red-green): vegetation red, water dark; figure outputs/figures/karnali_79/imagery_timeseries/KAR-SET-063_naraharinath_timeseries_1972_2026.png"
KAR-SET-063_1987,LT05_L2SP_144040_19890411_02_T1,USGS Landsat Collection 2,Public domain (USGS),1989-04-11,1989,landsat-5 / Planetary Computer landsat-c2-l2,30 m,"4 km window centred 81.547726,29.160393",EPSG:32644,NA (streamed; not stored),NA,chip cloud/shadow fraction 0.0; chip no-data fraction 0.0; scene cloud cover 1.0; sun elevation 54.75653353,displayed in figure,epoch 1987; true colour; figure outputs/figures/karnali_79/imagery_timeseries/KAR-SET-063_naraharinath_timeseries_1972_2026.png
KAR-SET-063_1992,LT05_L2SP_144040_19921028_02_T1,USGS Landsat Collection 2,Public domain (USGS),1992-10-28,1992,landsat-5 / Planetary Computer landsat-c2-l2,30 m,"4 km window centred 81.547726,29.160393",EPSG:32644,NA (streamed; not stored),NA,chip cloud/shadow fraction 0.0; chip no-data fraction 0.0; scene cloud cover 1.0; sun elevation 39.94137675,displayed in figure,epoch 1992; true colour; figure outputs/figures/karnali_79/imagery_timeseries/KAR-SET-063_naraharinath_timeseries_1972_2026.png
KAR-SET-063_1997,LT05_L2SP_144040_19970228_02_T1,USGS Landsat Collection 2,Public domain (USGS),1997-02-28,1997,landsat-5 / Planetary Computer landsat-c2-l2,30 m,"4 km window centred 81.547726,29.160393",EPSG:32644,NA (streamed; not stored),NA,chip cloud/shadow fraction 0.0; chip no-data fraction 0.0; scene cloud cover 1.0; sun elevation 40.65361466,displayed in figure,epoch 1997; true colour; figure outputs/figures/karnali_79/imagery_timeseries/KAR-SET-063_naraharinath_timeseries_1972_2026.png
KAR-SET-063_2002,LE07_L2SP_144040_20021101_02_T1,USGS Landsat Collection 2,Public domain (USGS),2002-11-01,2002,landsat-7 / Planetary Computer landsat-c2-l2,30 m,"4 km window centred 81.547726,29.160393",EPSG:32644,NA (streamed; not stored),NA,chip cloud/shadow fraction 0.0; chip no-data fraction 0.0; scene cloud cover 1.0; sun elevation 42.08208763,displayed in figure,epoch 2002; true colour; figure outputs/figures/karnali_79/imagery_timeseries/KAR-SET-063_naraharinath_timeseries_1972_2026.png
KAR-SET-063_2007,LT05_L2SP_144040_20081109_02_T1,USGS Landsat Collection 2,Public domain (USGS),2008-11-09,2008,landsat-5 / Planetary Computer landsat-c2-l2,30 m,"4 km window centred 81.547726,29.160393",EPSG:32644,NA (streamed; not stored),NA,chip cloud/shadow fraction 0.0; chip no-data fraction 0.0; scene cloud cover 1.0; sun elevation 39.28839046,displayed in figure,epoch 2007; true colour; figure outputs/figures/karnali_79/imagery_timeseries/KAR-SET-063_naraharinath_timeseries_1972_2026.png
KAR-SET-063_2012,LC08_L2SP_144040_20130413_02_T1,USGS Landsat Collection 2,Public domain (USGS),2013-04-13,2013,landsat-8 / Planetary Computer landsat-c2-l2,30 m,"4 km window centred 81.547726,29.160393",EPSG:32644,NA (streamed; not stored),NA,chip cloud/shadow fraction 0.0; chip no-data fraction 0.0; scene cloud cover 0.86; sun elevation 61.38406934,displayed in figure,epoch 2012; true colour; figure outputs/figures/karnali_79/imagery_timeseries/KAR-SET-063_naraharinath_timeseries_1972_2026.png
KAR-SET-063_2017,S2A_MSIL2A_20170124T051101_R019_T44RNT_20210207T175513,ESA Copernicus Sentinel-2,"Copernicus Sentinel data terms (free, attribution)",2017-01-24,2017,Sentinel-2A / Planetary Computer sentinel-2-l2a,10 m,"4 km window centred 81.547726,29.160393",EPSG:32644,NA (streamed; not stored),NA,chip cloud/shadow fraction 0.0; chip no-data fraction 0.0; scene cloud cover 1.793391; sun elevation None,displayed in figure,epoch 2017; true colour; figure outputs/figures/karnali_79/imagery_timeseries/KAR-SET-063_naraharinath_timeseries_1972_2026.png
KAR-SET-063_2022,S2B_MSIL2A_20220314T050649_R019_T44RNT_20220314T143917,ESA Copernicus Sentinel-2,"Copernicus Sentinel data terms (free, attribution)",2022-03-14,2022,Sentinel-2B / Planetary Computer sentinel-2-l2a,10 m,"4 km window centred 81.547726,29.160393",EPSG:32644,NA (streamed; not stored),NA,chip cloud/shadow fraction 0.0; chip no-data fraction 0.0; scene cloud cover 0.000892; sun elevation None,displayed in figure,epoch 2022; true colour; figure outputs/figures/karnali_79/imagery_timeseries/KAR-SET-063_naraharinath_timeseries_1972_2026.png
KAR-SET-063_2026,S2B_MSIL2A_20260422T050649_R019_T44RNT_20260422T085212,ESA Copernicus Sentinel-2,"Copernicus Sentinel data terms (free, attribution)",2026-04-22,2026,Sentinel-2B / Planetary Computer sentinel-2-l2a,10 m,"4 km window centred 81.547726,29.160393",EPSG:32644,NA (streamed; not stored),NA,chip cloud/shadow fraction 0.0; chip no-data fraction 0.0; scene cloud cover 0.0; sun elevation None,displayed in figure,epoch 2026; true colour; figure outputs/figures/karnali_79/imagery_timeseries/KAR-SET-063_naraharinath_timeseries_1972_2026.png
KAR-SET-064_1972,LM01_L1TP_155040_19721130_02_T2,USGS Landsat Collection 2,Public domain (USGS),1972-11-30,1972,landsat-1 / Planetary Computer landsat-c2-l1,60 m,"4 km window centred 81.604798,29.243312",EPSG:32644,NA (streamed; not stored),NA,chip cloud/shadow fraction 0.0; chip no-data fraction 0.0; scene cloud cover 1.0; sun elevation 33.49290941,displayed in figure,"epoch 1972; false colour (NIR-red-green): vegetation red, water dark; figure outputs/figures/karnali_79/imagery_timeseries/KAR-SET-064_sanni_tribeni_timeseries_1972_2026.png"
KAR-SET-064_1977,LM02_L1TP_155040_19770324_02_T2,USGS Landsat Collection 2,Public domain (USGS),1977-03-24,1977,landsat-2 / Planetary Computer landsat-c2-l1,60 m,"4 km window centred 81.604798,29.243312",EPSG:32644,NA (streamed; not stored),NA,chip cloud/shadow fraction 0.0; chip no-data fraction 0.0; scene cloud cover 0.0; sun elevation 44.57905385,displayed in figure,"epoch 1977; false colour (NIR-red-green): vegetation red, water dark; figure outputs/figures/karnali_79/imagery_timeseries/KAR-SET-064_sanni_tribeni_timeseries_1972_2026.png"
KAR-SET-064_1987,LT05_L2SP_144040_19890411_02_T1,USGS Landsat Collection 2,Public domain (USGS),1989-04-11,1989,landsat-5 / Planetary Computer landsat-c2-l2,30 m,"4 km window centred 81.604798,29.243312",EPSG:32644,NA (streamed; not stored),NA,chip cloud/shadow fraction 0.0002; chip no-data fraction 0.0; scene cloud cover 1.0; sun elevation 54.75653353,displayed in figure,epoch 1987; true colour; figure outputs/figures/karnali_79/imagery_timeseries/KAR-SET-064_sanni_tribeni_timeseries_1972_2026.png
KAR-SET-064_1992,LT05_L2SP_144040_19921028_02_T1,USGS Landsat Collection 2,Public domain (USGS),1992-10-28,1992,landsat-5 / Planetary Computer landsat-c2-l2,30 m,"4 km window centred 81.604798,29.243312",EPSG:32644,NA (streamed; not stored),NA,chip cloud/shadow fraction 0.0; chip no-data fraction 0.0; scene cloud cover 1.0; sun elevation 39.94137675,displayed in figure,epoch 1992; true colour; figure outputs/figures/karnali_79/imagery_timeseries/KAR-SET-064_sanni_tribeni_timeseries_1972_2026.png
KAR-SET-064_1997,LT05_L2SP_144040_19970228_02_T1,USGS Landsat Collection 2,Public domain (USGS),1997-02-28,1997,landsat-5 / Planetary Computer landsat-c2-l2,30 m,"4 km window centred 81.604798,29.243312",EPSG:32644,NA (streamed; not stored),NA,chip cloud/shadow fraction 0.0001; chip no-data fraction 0.0; scene cloud cover 1.0; sun elevation 40.65361466,displayed in figure,epoch 1997; true colour; figure outputs/figures/karnali_79/imagery_timeseries/KAR-SET-064_sanni_tribeni_timeseries_1972_2026.png
KAR-SET-064_2002,LE07_L2SP_144040_20021101_02_T1,USGS Landsat Collection 2,Public domain (USGS),2002-11-01,2002,landsat-7 / Planetary Computer landsat-c2-l2,30 m,"4 km window centred 81.604798,29.243312",EPSG:32644,NA (streamed; not stored),NA,chip cloud/shadow fraction 0.0; chip no-data fraction 0.0; scene cloud cover 1.0; sun elevation 42.08208763,displayed in figure,epoch 2002; true colour; figure outputs/figures/karnali_79/imagery_timeseries/KAR-SET-064_sanni_tribeni_timeseries_1972_2026.png
KAR-SET-064_2007,LT05_L2SP_143040_20081102_02_T1,USGS Landsat Collection 2,Public domain (USGS),2008-11-02,2008,landsat-5 / Planetary Computer landsat-c2-l2,30 m,"4 km window centred 81.604798,29.243312",EPSG:32644,NA (streamed; not stored),NA,chip cloud/shadow fraction 0.0; chip no-data fraction 0.0; scene cloud cover 1.0; sun elevation 41.15988239,displayed in figure,epoch 2007; true colour; figure outputs/figures/karnali_79/imagery_timeseries/KAR-SET-064_sanni_tribeni_timeseries_1972_2026.png
KAR-SET-064_2012,LC08_L2SP_144040_20130413_02_T1,USGS Landsat Collection 2,Public domain (USGS),2013-04-13,2013,landsat-8 / Planetary Computer landsat-c2-l2,30 m,"4 km window centred 81.604798,29.243312",EPSG:32644,NA (streamed; not stored),NA,chip cloud/shadow fraction 0.0; chip no-data fraction 0.0; scene cloud cover 0.86; sun elevation 61.38406934,displayed in figure,epoch 2012; true colour; figure outputs/figures/karnali_79/imagery_timeseries/KAR-SET-064_sanni_tribeni_timeseries_1972_2026.png
KAR-SET-064_2017,S2A_MSIL2A_20170124T051101_R019_T44RNT_20210207T175513,ESA Copernicus Sentinel-2,"Copernicus Sentinel data terms (free, attribution)",2017-01-24,2017,Sentinel-2A / Planetary Computer sentinel-2-l2a,10 m,"4 km window centred 81.604798,29.243312",EPSG:32644,NA (streamed; not stored),NA,chip cloud/shadow fraction 0.0005; chip no-data fraction 0.0; scene cloud cover 1.793391; sun elevation None,displayed in figure,epoch 2017; true colour; figure outputs/figures/karnali_79/imagery_timeseries/KAR-SET-064_sanni_tribeni_timeseries_1972_2026.png
KAR-SET-064_2022,S2B_MSIL2A_20220314T050649_R019_T44RNT_20220314T143917,ESA Copernicus Sentinel-2,"Copernicus Sentinel data terms (free, attribution)",2022-03-14,2022,Sentinel-2B / Planetary Computer sentinel-2-l2a,10 m,"4 km window centred 81.604798,29.243312",EPSG:32644,NA (streamed; not stored),NA,chip cloud/shadow fraction 0.0; chip no-data fraction 0.0; scene cloud cover 0.000892; sun elevation None,displayed in figure,epoch 2022; true colour; figure outputs/figures/karnali_79/imagery_timeseries/KAR-SET-064_sanni_tribeni_timeseries_1972_2026.png
KAR-SET-064_2026,S2B_MSIL2A_20260422T050649_R019_T44RNT_20260422T085212,ESA Copernicus Sentinel-2,"Copernicus Sentinel data terms (free, attribution)",2026-04-22,2026,Sentinel-2B / Planetary Computer sentinel-2-l2a,10 m,"4 km window centred 81.604798,29.243312",EPSG:32644,NA (streamed; not stored),NA,chip cloud/shadow fraction 0.0; chip no-data fraction 0.0; scene cloud cover 0.0; sun elevation None,displayed in figure,epoch 2026; true colour; figure outputs/figures/karnali_79/imagery_timeseries/KAR-SET-064_sanni_tribeni_timeseries_1972_2026.png
KAR-SET-065_1972,LM01_L1TP_154040_19721217_02_T2,USGS Landsat Collection 2,Public domain (USGS),1972-12-17,1972,landsat-1 / Planetary Computer landsat-c2-l1,60 m,"4 km window centred 81.764894,29.279627",EPSG:32644,NA (streamed; not stored),NA,chip cloud/shadow fraction 0.0; chip no-data fraction 0.0; scene cloud cover 6.0; sun elevation 31.42157915,displayed in figure,"epoch 1972; false colour (NIR-red-green): vegetation red, water dark; figure outputs/figures/karnali_79/imagery_timeseries/KAR-SET-065_pachal_jharana_timeseries_1972_2026.png"
KAR-SET-065_1977,LM02_L1TP_154040_19770323_02_T2,USGS Landsat Collection 2,Public domain (USGS),1977-03-23,1977,landsat-2 / Planetary Computer landsat-c2-l1,60 m,"4 km window centred 81.764894,29.279627",EPSG:32644,NA (streamed; not stored),NA,chip cloud/shadow fraction 0.0; chip no-data fraction 0.0; scene cloud cover 2.0; sun elevation 44.22210613,displayed in figure,"epoch 1977; false colour (NIR-red-green): vegetation red, water dark; figure outputs/figures/karnali_79/imagery_timeseries/KAR-SET-065_pachal_jharana_timeseries_1972_2026.png"
KAR-SET-065_1987,LT05_L2SP_143040_19871227_02_T1,USGS Landsat Collection 2,Public domain (USGS),1987-12-27,1987,landsat-5 / Planetary Computer landsat-c2-l2,30 m,"4 km window centred 81.764894,29.279627",EPSG:32644,NA (streamed; not stored),NA,chip cloud/shadow fraction 0.0; chip no-data fraction 0.0; scene cloud cover 8.0; sun elevation 30.1816121,displayed in figure,epoch 1987; true colour; figure outputs/figures/karnali_79/imagery_timeseries/KAR-SET-065_pachal_jharana_timeseries_1972_2026.png
KAR-SET-065_1992,LT05_L2SP_144040_19921028_02_T1,USGS Landsat Collection 2,Public domain (USGS),1992-10-28,1992,landsat-5 / Planetary Computer landsat-c2-l2,30 m,"4 km window centred 81.764894,29.279627",EPSG:32644,NA (streamed; not stored),NA,chip cloud/shadow fraction 0.0001; chip no-data fraction 0.0; scene cloud cover 1.0; sun elevation 39.94137675,displayed in figure,epoch 1992; true colour; figure outputs/figures/karnali_79/imagery_timeseries/KAR-SET-065_pachal_jharana_timeseries_1972_2026.png
KAR-SET-065_1997,LT05_L2SP_144040_19970212_02_T2,USGS Landsat Collection 2,Public domain (USGS),1997-02-12,1997,landsat-5 / Planetary Computer landsat-c2-l2,30 m,"4 km window centred 81.764894,29.279627",EPSG:32644,NA (streamed; not stored),NA,chip cloud/shadow fraction 0.0361; chip no-data fraction 0.0; scene cloud cover 1.0; sun elevation 35.85105137,displayed in figure,epoch 1997; true colour; figure outputs/figures/karnali_79/imagery_timeseries/KAR-SET-065_pachal_jharana_timeseries_1972_2026.png
KAR-SET-065_2002,LE07_L2SP_144040_20021101_02_T1,USGS Landsat Collection 2,Public domain (USGS),2002-11-01,2002,landsat-7 / Planetary Computer landsat-c2-l2,30 m,"4 km window centred 81.764894,29.279627",EPSG:32644,NA (streamed; not stored),NA,chip cloud/shadow fraction 0.0001; chip no-data fraction 0.0; scene cloud cover 1.0; sun elevation 42.08208763,displayed in figure,epoch 2002; true colour; figure outputs/figures/karnali_79/imagery_timeseries/KAR-SET-065_pachal_jharana_timeseries_1972_2026.png
KAR-SET-065_2007,LT05_L2SP_143040_20081102_02_T1,USGS Landsat Collection 2,Public domain (USGS),2008-11-02,2008,landsat-5 / Planetary Computer landsat-c2-l2,30 m,"4 km window centred 81.764894,29.279627",EPSG:32644,NA (streamed; not stored),NA,chip cloud/shadow fraction 0.0; chip no-data fraction 0.0; scene cloud cover 1.0; sun elevation 41.15988239,displayed in figure,epoch 2007; true colour; figure outputs/figures/karnali_79/imagery_timeseries/KAR-SET-065_pachal_jharana_timeseries_1972_2026.png
KAR-SET-065_2012,LC08_L2SP_144040_20130413_02_T1,USGS Landsat Collection 2,Public domain (USGS),2013-04-13,2013,landsat-8 / Planetary Computer landsat-c2-l2,30 m,"4 km window centred 81.764894,29.279627",EPSG:32644,NA (streamed; not stored),NA,chip cloud/shadow fraction 0.0001; chip no-data fraction 0.0; scene cloud cover 0.86; sun elevation 61.38406934,displayed in figure,epoch 2012; true colour; figure outputs/figures/karnali_79/imagery_timeseries/KAR-SET-065_pachal_jharana_timeseries_1972_2026.png
KAR-SET-065_2017,S2B_MSIL2A_20181031T050929_R019_T44RNT_20201009T171020,ESA Copernicus Sentinel-2,"Copernicus Sentinel data terms (free, attribution)",2018-10-31,2018,Sentinel-2B / Planetary Computer sentinel-2-l2a,10 m,"4 km window centred 81.764894,29.279627",EPSG:32644,NA (streamed; not stored),NA,chip cloud/shadow fraction 0.0; chip no-data fraction 0.0; scene cloud cover 1.026304; sun elevation None,displayed in figure,epoch 2017; true colour; figure outputs/figures/karnali_79/imagery_timeseries/KAR-SET-065_pachal_jharana_timeseries_1972_2026.png
KAR-SET-065_2022,S2B_MSIL2A_20220314T050649_R019_T44RNT_20220314T143917,ESA Copernicus Sentinel-2,"Copernicus Sentinel data terms (free, attribution)",2022-03-14,2022,Sentinel-2B / Planetary Computer sentinel-2-l2a,10 m,"4 km window centred 81.764894,29.279627",EPSG:32644,NA (streamed; not stored),NA,chip cloud/shadow fraction 0.0; chip no-data fraction 0.0; scene cloud cover 0.000892; sun elevation None,displayed in figure,epoch 2022; true colour; figure outputs/figures/karnali_79/imagery_timeseries/KAR-SET-065_pachal_jharana_timeseries_1972_2026.png
KAR-SET-065_2026,S2B_MSIL2A_20260422T050649_R019_T44RNT_20260422T085212,ESA Copernicus Sentinel-2,"Copernicus Sentinel data terms (free, attribution)",2026-04-22,2026,Sentinel-2B / Planetary Computer sentinel-2-l2a,10 m,"4 km window centred 81.764894,29.279627",EPSG:32644,NA (streamed; not stored),NA,chip cloud/shadow fraction 0.0; chip no-data fraction 0.0; scene cloud cover 0.0; sun elevation None,displayed in figure,epoch 2026; true colour; figure outputs/figures/karnali_79/imagery_timeseries/KAR-SET-065_pachal_jharana_timeseries_1972_2026.png
KAR-SET-066_1972,LM01_L1TP_154040_19730209_02_T2,USGS Landsat Collection 2,Public domain (USGS),1973-02-09,1973,landsat-1 / Planetary Computer landsat-c2-l1,60 m,"4 km window centred 81.775296,29.344224",EPSG:32644,NA (streamed; not stored),NA,chip cloud/shadow fraction 0.0; chip no-data fraction 0.0; scene cloud cover 13.0; sun elevation 36.11236311,displayed in figure,"epoch 1972; false colour (NIR-red-green): vegetation red, water dark; figure outputs/figures/karnali_79/imagery_timeseries/KAR-SET-066_palata_timeseries_1972_2026.png"
KAR-SET-066_1977,LM02_L1TP_154040_19770323_02_T2,USGS Landsat Collection 2,Public domain (USGS),1977-03-23,1977,landsat-2 / Planetary Computer landsat-c2-l1,60 m,"4 km window centred 81.775296,29.344224",EPSG:32644,NA (streamed; not stored),NA,chip cloud/shadow fraction 0.0; chip no-data fraction 0.0; scene cloud cover 2.0; sun elevation 44.22210613,displayed in figure,"epoch 1977; false colour (NIR-red-green): vegetation red, water dark; figure outputs/figures/karnali_79/imagery_timeseries/KAR-SET-066_palata_timeseries_1972_2026.png"
KAR-SET-066_1987,LT05_L2SP_143040_19871227_02_T1,USGS Landsat Collection 2,Public domain (USGS),1987-12-27,1987,landsat-5 / Planetary Computer landsat-c2-l2,30 m,"4 km window centred 81.775296,29.344224",EPSG:32644,NA (streamed; not stored),NA,chip cloud/shadow fraction 0.0; chip no-data fraction 0.0074; scene cloud cover 8.0; sun elevation 30.1816121,displayed in figure,epoch 1987; true colour; figure outputs/figures/karnali_79/imagery_timeseries/KAR-SET-066_palata_timeseries_1972_2026.png
KAR-SET-066_1992,LT05_L2SP_144040_19921028_02_T1,USGS Landsat Collection 2,Public domain (USGS),1992-10-28,1992,landsat-5 / Planetary Computer landsat-c2-l2,30 m,"4 km window centred 81.775296,29.344224",EPSG:32644,NA (streamed; not stored),NA,chip cloud/shadow fraction 0.0; chip no-data fraction 0.0; scene cloud cover 1.0; sun elevation 39.94137675,displayed in figure,epoch 1992; true colour; figure outputs/figures/karnali_79/imagery_timeseries/KAR-SET-066_palata_timeseries_1972_2026.png
KAR-SET-066_1997,LT05_L2SP_144040_19970228_02_T1,USGS Landsat Collection 2,Public domain (USGS),1997-02-28,1997,landsat-5 / Planetary Computer landsat-c2-l2,30 m,"4 km window centred 81.775296,29.344224",EPSG:32644,NA (streamed; not stored),NA,chip cloud/shadow fraction 0.0; chip no-data fraction 0.0; scene cloud cover 1.0; sun elevation 40.65361466,displayed in figure,epoch 1997; true colour; figure outputs/figures/karnali_79/imagery_timeseries/KAR-SET-066_palata_timeseries_1972_2026.png
KAR-SET-066_2002,LE07_L2SP_144040_20021101_02_T1,USGS Landsat Collection 2,Public domain (USGS),2002-11-01,2002,landsat-7 / Planetary Computer landsat-c2-l2,30 m,"4 km window centred 81.775296,29.344224",EPSG:32644,NA (streamed; not stored),NA,chip cloud/shadow fraction 0.0; chip no-data fraction 0.0; scene cloud cover 1.0; sun elevation 42.08208763,displayed in figure,epoch 2002; true colour; figure outputs/figures/karnali_79/imagery_timeseries/KAR-SET-066_palata_timeseries_1972_2026.png
KAR-SET-066_2007,LT05_L2SP_143040_20081102_02_T1,USGS Landsat Collection 2,Public domain (USGS),2008-11-02,2008,landsat-5 / Planetary Computer landsat-c2-l2,30 m,"4 km window centred 81.775296,29.344224",EPSG:32644,NA (streamed; not stored),NA,chip cloud/shadow fraction 0.0; chip no-data fraction 0.0; scene cloud cover 1.0; sun elevation 41.15988239,displayed in figure,epoch 2007; true colour; figure outputs/figures/karnali_79/imagery_timeseries/KAR-SET-066_palata_timeseries_1972_2026.png
KAR-SET-066_2012,LC08_L2SP_144040_20130413_02_T1,USGS Landsat Collection 2,Public domain (USGS),2013-04-13,2013,landsat-8 / Planetary Computer landsat-c2-l2,30 m,"4 km window centred 81.775296,29.344224",EPSG:32644,NA (streamed; not stored),NA,chip cloud/shadow fraction 0.0; chip no-data fraction 0.0; scene cloud cover 0.86; sun elevation 61.38406934,displayed in figure,epoch 2012; true colour; figure outputs/figures/karnali_79/imagery_timeseries/KAR-SET-066_palata_timeseries_1972_2026.png
KAR-SET-066_2017,S2A_MSIL2A_20170124T051101_R019_T44RNT_20210207T175513,ESA Copernicus Sentinel-2,"Copernicus Sentinel data terms (free, attribution)",2017-01-24,2017,Sentinel-2A / Planetary Computer sentinel-2-l2a,10 m,"4 km window centred 81.775296,29.344224",EPSG:32644,NA (streamed; not stored),NA,chip cloud/shadow fraction 0.0; chip no-data fraction 0.0; scene cloud cover 1.793391; sun elevation None,displayed in figure,epoch 2017; true colour; figure outputs/figures/karnali_79/imagery_timeseries/KAR-SET-066_palata_timeseries_1972_2026.png
KAR-SET-066_2022,S2B_MSIL2A_20220314T050649_R019_T44RNT_20220314T143917,ESA Copernicus Sentinel-2,"Copernicus Sentinel data terms (free, attribution)",2022-03-14,2022,Sentinel-2B / Planetary Computer sentinel-2-l2a,10 m,"4 km window centred 81.775296,29.344224",EPSG:32644,NA (streamed; not stored),NA,chip cloud/shadow fraction 0.0; chip no-data fraction 0.0; scene cloud cover 0.000892; sun elevation None,displayed in figure,epoch 2022; true colour; figure outputs/figures/karnali_79/imagery_timeseries/KAR-SET-066_palata_timeseries_1972_2026.png
KAR-SET-066_2026,S2B_MSIL2A_20260422T050649_R019_T44RNT_20260422T085212,ESA Copernicus Sentinel-2,"Copernicus Sentinel data terms (free, attribution)",2026-04-22,2026,Sentinel-2B / Planetary Computer sentinel-2-l2a,10 m,"4 km window centred 81.775296,29.344224",EPSG:32644,NA (streamed; not stored),NA,chip cloud/shadow fraction 0.0; chip no-data fraction 0.0; scene cloud cover 0.0; sun elevation None,displayed in figure,epoch 2026; true colour; figure outputs/figures/karnali_79/imagery_timeseries/KAR-SET-066_palata_timeseries_1972_2026.png
KAR-SET-067_1972,LM01_L1TP_155040_19721130_02_T2,USGS Landsat Collection 2,Public domain (USGS),1972-11-30,1972,landsat-1 / Planetary Computer landsat-c2-l1,60 m,"4 km window centred 81.589132,29.100066",EPSG:32644,NA (streamed; not stored),NA,chip cloud/shadow fraction 0.0; chip no-data fraction 0.0; scene cloud cover 1.0; sun elevation 33.49290941,displayed in figure,"epoch 1972; false colour (NIR-red-green): vegetation red, water dark; figure outputs/figures/karnali_79/imagery_timeseries/KAR-SET-067_shuva_kalika_timeseries_1972_2026.png"
KAR-SET-067_1977,LM02_L1TP_155040_19770324_02_T2,USGS Landsat Collection 2,Public domain (USGS),1977-03-24,1977,landsat-2 / Planetary Computer landsat-c2-l1,60 m,"4 km window centred 81.589132,29.100066",EPSG:32644,NA (streamed; not stored),NA,chip cloud/shadow fraction 0.0; chip no-data fraction 0.0067; scene cloud cover 0.0; sun elevation 44.57905385,displayed in figure,"epoch 1977; false colour (NIR-red-green): vegetation red, water dark; figure outputs/figures/karnali_79/imagery_timeseries/KAR-SET-067_shuva_kalika_timeseries_1972_2026.png"
KAR-SET-067_1987,LT05_L2SP_144040_19890411_02_T1,USGS Landsat Collection 2,Public domain (USGS),1989-04-11,1989,landsat-5 / Planetary Computer landsat-c2-l2,30 m,"4 km window centred 81.589132,29.100066",EPSG:32644,NA (streamed; not stored),NA,chip cloud/shadow fraction 0.0; chip no-data fraction 0.0; scene cloud cover 1.0; sun elevation 54.75653353,displayed in figure,epoch 1987; true colour; figure outputs/figures/karnali_79/imagery_timeseries/KAR-SET-067_shuva_kalika_timeseries_1972_2026.png
KAR-SET-067_1992,LT05_L2SP_144040_19921028_02_T1,USGS Landsat Collection 2,Public domain (USGS),1992-10-28,1992,landsat-5 / Planetary Computer landsat-c2-l2,30 m,"4 km window centred 81.589132,29.100066",EPSG:32644,NA (streamed; not stored),NA,chip cloud/shadow fraction 0.0; chip no-data fraction 0.0; scene cloud cover 1.0; sun elevation 39.94137675,displayed in figure,epoch 1992; true colour; figure outputs/figures/karnali_79/imagery_timeseries/KAR-SET-067_shuva_kalika_timeseries_1972_2026.png
KAR-SET-067_1997,LT05_L2SP_144040_19970228_02_T1,USGS Landsat Collection 2,Public domain (USGS),1997-02-28,1997,landsat-5 / Planetary Computer landsat-c2-l2,30 m,"4 km window centred 81.589132,29.100066",EPSG:32644,NA (streamed; not stored),NA,chip cloud/shadow fraction 0.0; chip no-data fraction 0.0; scene cloud cover 1.0; sun elevation 40.65361466,displayed in figure,epoch 1997; true colour; figure outputs/figures/karnali_79/imagery_timeseries/KAR-SET-067_shuva_kalika_timeseries_1972_2026.png
KAR-SET-067_2002,LE07_L2SP_144040_20021101_02_T1,USGS Landsat Collection 2,Public domain (USGS),2002-11-01,2002,landsat-7 / Planetary Computer landsat-c2-l2,30 m,"4 km window centred 81.589132,29.100066",EPSG:32644,NA (streamed; not stored),NA,chip cloud/shadow fraction 0.0; chip no-data fraction 0.0; scene cloud cover 1.0; sun elevation 42.08208763,displayed in figure,epoch 2002; true colour; figure outputs/figures/karnali_79/imagery_timeseries/KAR-SET-067_shuva_kalika_timeseries_1972_2026.png
KAR-SET-067_2007,LT05_L2SP_143040_20081102_02_T1,USGS Landsat Collection 2,Public domain (USGS),2008-11-02,2008,landsat-5 / Planetary Computer landsat-c2-l2,30 m,"4 km window centred 81.589132,29.100066",EPSG:32644,NA (streamed; not stored),NA,chip cloud/shadow fraction 0.0; chip no-data fraction 0.0; scene cloud cover 1.0; sun elevation 41.15988239,displayed in figure,epoch 2007; true colour; figure outputs/figures/karnali_79/imagery_timeseries/KAR-SET-067_shuva_kalika_timeseries_1972_2026.png
KAR-SET-067_2012,LC08_L2SP_144040_20130413_02_T1,USGS Landsat Collection 2,Public domain (USGS),2013-04-13,2013,landsat-8 / Planetary Computer landsat-c2-l2,30 m,"4 km window centred 81.589132,29.100066",EPSG:32644,NA (streamed; not stored),NA,chip cloud/shadow fraction 0.0; chip no-data fraction 0.0; scene cloud cover 0.86; sun elevation 61.38406934,displayed in figure,epoch 2012; true colour; figure outputs/figures/karnali_79/imagery_timeseries/KAR-SET-067_shuva_kalika_timeseries_1972_2026.png
KAR-SET-067_2017,S2A_MSIL2A_20170124T051101_R019_T44RNT_20210207T175513,ESA Copernicus Sentinel-2,"Copernicus Sentinel data terms (free, attribution)",2017-01-24,2017,Sentinel-2A / Planetary Computer sentinel-2-l2a,10 m,"4 km window centred 81.589132,29.100066",EPSG:32644,NA (streamed; not stored),NA,chip cloud/shadow fraction 0.0108; chip no-data fraction 0.0; scene cloud cover 1.793391; sun elevation None,displayed in figure,epoch 2017; true colour; figure outputs/figures/karnali_79/imagery_timeseries/KAR-SET-067_shuva_kalika_timeseries_1972_2026.png
KAR-SET-067_2022,S2B_MSIL2A_20220314T050649_R019_T44RNT_20220314T143917,ESA Copernicus Sentinel-2,"Copernicus Sentinel data terms (free, attribution)",2022-03-14,2022,Sentinel-2B / Planetary Computer sentinel-2-l2a,10 m,"4 km window centred 81.589132,29.100066",EPSG:32644,NA (streamed; not stored),NA,chip cloud/shadow fraction 0.0; chip no-data fraction 0.0; scene cloud cover 0.000892; sun elevation None,displayed in figure,epoch 2022; true colour; figure outputs/figures/karnali_79/imagery_timeseries/KAR-SET-067_shuva_kalika_timeseries_1972_2026.png
KAR-SET-067_2026,S2B_MSIL2A_20260422T050649_R019_T44RNT_20260422T085212,ESA Copernicus Sentinel-2,"Copernicus Sentinel data terms (free, attribution)",2026-04-22,2026,Sentinel-2B / Planetary Computer sentinel-2-l2a,10 m,"4 km window centred 81.589132,29.100066",EPSG:32644,NA (streamed; not stored),NA,chip cloud/shadow fraction 0.0; chip no-data fraction 0.0; scene cloud cover 0.0; sun elevation None,displayed in figure,epoch 2026; true colour; figure outputs/figures/karnali_79/imagery_timeseries/KAR-SET-067_shuva_kalika_timeseries_1972_2026.png
KAR-SET-068_1972,LM01_L1TP_154040_19721217_02_T2,USGS Landsat Collection 2,Public domain (USGS),1972-12-17,1972,landsat-1 / Planetary Computer landsat-c2-l1,60 m,"4 km window centred 81.752522,29.063999",EPSG:32644,NA (streamed; not stored),NA,chip cloud/shadow fraction 0.0065; chip no-data fraction 0.0; scene cloud cover 6.0; sun elevation 31.42157915,displayed in figure,"epoch 1972; false colour (NIR-red-green): vegetation red, water dark; figure outputs/figures/karnali_79/imagery_timeseries/KAR-SET-068_mahawai_timeseries_1972_2026.png"
KAR-SET-068_1977,LM02_L1TP_154040_19770323_02_T2,USGS Landsat Collection 2,Public domain (USGS),1977-03-23,1977,landsat-2 / Planetary Computer landsat-c2-l1,60 m,"4 km window centred 81.752522,29.063999",EPSG:32644,NA (streamed; not stored),NA,chip cloud/shadow fraction 0.0; chip no-data fraction 0.0; scene cloud cover 2.0; sun elevation 44.22210613,displayed in figure,"epoch 1977; false colour (NIR-red-green): vegetation red, water dark; figure outputs/figures/karnali_79/imagery_timeseries/KAR-SET-068_mahawai_timeseries_1972_2026.png"
KAR-SET-068_1987,LT05_L2SP_143040_19871227_02_T1,USGS Landsat Collection 2,Public domain (USGS),1987-12-27,1987,landsat-5 / Planetary Computer landsat-c2-l2,30 m,"4 km window centred 81.752522,29.063999",EPSG:32644,NA (streamed; not stored),NA,chip cloud/shadow fraction 0.0; chip no-data fraction 0.0; scene cloud cover 8.0; sun elevation 30.1816121,displayed in figure,epoch 1987; true colour; figure outputs/figures/karnali_79/imagery_timeseries/KAR-SET-068_mahawai_timeseries_1972_2026.png
KAR-SET-068_1992,LT05_L2SP_144040_19921028_02_T1,USGS Landsat Collection 2,Public domain (USGS),1992-10-28,1992,landsat-5 / Planetary Computer landsat-c2-l2,30 m,"4 km window centred 81.752522,29.063999",EPSG:32644,NA (streamed; not stored),NA,chip cloud/shadow fraction 0.0; chip no-data fraction 0.0; scene cloud cover 1.0; sun elevation 39.94137675,displayed in figure,epoch 1992; true colour; figure outputs/figures/karnali_79/imagery_timeseries/KAR-SET-068_mahawai_timeseries_1972_2026.png
KAR-SET-068_1997,LT05_L2SP_144040_19970111_02_T1,USGS Landsat Collection 2,Public domain (USGS),1997-01-11,1997,landsat-5 / Planetary Computer landsat-c2-l2,30 m,"4 km window centred 81.752522,29.063999",EPSG:32644,NA (streamed; not stored),NA,chip cloud/shadow fraction 0.0; chip no-data fraction 0.0; scene cloud cover 0.0; sun elevation 29.96834575,displayed in figure,epoch 1997; true colour; figure outputs/figures/karnali_79/imagery_timeseries/KAR-SET-068_mahawai_timeseries_1972_2026.png
KAR-SET-068_2002,LE07_L2SP_144040_20021101_02_T1,USGS Landsat Collection 2,Public domain (USGS),2002-11-01,2002,landsat-7 / Planetary Computer landsat-c2-l2,30 m,"4 km window centred 81.752522,29.063999",EPSG:32644,NA (streamed; not stored),NA,chip cloud/shadow fraction 0.0; chip no-data fraction 0.0; scene cloud cover 1.0; sun elevation 42.08208763,displayed in figure,epoch 2002; true colour; figure outputs/figures/karnali_79/imagery_timeseries/KAR-SET-068_mahawai_timeseries_1972_2026.png
KAR-SET-068_2007,LT05_L2SP_143040_20081102_02_T1,USGS Landsat Collection 2,Public domain (USGS),2008-11-02,2008,landsat-5 / Planetary Computer landsat-c2-l2,30 m,"4 km window centred 81.752522,29.063999",EPSG:32644,NA (streamed; not stored),NA,chip cloud/shadow fraction 0.0; chip no-data fraction 0.0; scene cloud cover 1.0; sun elevation 41.15988239,displayed in figure,epoch 2007; true colour; figure outputs/figures/karnali_79/imagery_timeseries/KAR-SET-068_mahawai_timeseries_1972_2026.png
KAR-SET-068_2012,LC08_L2SP_144040_20130413_02_T1,USGS Landsat Collection 2,Public domain (USGS),2013-04-13,2013,landsat-8 / Planetary Computer landsat-c2-l2,30 m,"4 km window centred 81.752522,29.063999",EPSG:32644,NA (streamed; not stored),NA,chip cloud/shadow fraction 0.0; chip no-data fraction 0.0; scene cloud cover 0.86; sun elevation 61.38406934,displayed in figure,epoch 2012; true colour; figure outputs/figures/karnali_79/imagery_timeseries/KAR-SET-068_mahawai_timeseries_1972_2026.png
KAR-SET-068_2017,S2B_MSIL2A_20181031T050929_R019_T44RNT_20201009T171020,ESA Copernicus Sentinel-2,"Copernicus Sentinel data terms (free, attribution)",2018-10-31,2018,Sentinel-2B / Planetary Computer sentinel-2-l2a,10 m,"4 km window centred 81.752522,29.063999",EPSG:32644,NA (streamed; not stored),NA,chip cloud/shadow fraction 0.0; chip no-data fraction 0.0; scene cloud cover 1.026304; sun elevation None,displayed in figure,epoch 2017; true colour; figure outputs/figures/karnali_79/imagery_timeseries/KAR-SET-068_mahawai_timeseries_1972_2026.png
KAR-SET-068_2022,S2B_MSIL2A_20220314T050649_R019_T44RNT_20220314T143917,ESA Copernicus Sentinel-2,"Copernicus Sentinel data terms (free, attribution)",2022-03-14,2022,Sentinel-2B / Planetary Computer sentinel-2-l2a,10 m,"4 km window centred 81.752522,29.063999",EPSG:32644,NA (streamed; not stored),NA,chip cloud/shadow fraction 0.0; chip no-data fraction 0.0; scene cloud cover 0.000892; sun elevation None,displayed in figure,epoch 2022; true colour; figure outputs/figures/karnali_79/imagery_timeseries/KAR-SET-068_mahawai_timeseries_1972_2026.png
KAR-SET-068_2026,S2B_MSIL2A_20260422T050649_R019_T44RNT_20260422T085212,ESA Copernicus Sentinel-2,"Copernicus Sentinel data terms (free, attribution)",2026-04-22,2026,Sentinel-2B / Planetary Computer sentinel-2-l2a,10 m,"4 km window centred 81.752522,29.063999",EPSG:32644,NA (streamed; not stored),NA,chip cloud/shadow fraction 0.0; chip no-data fraction 0.0; scene cloud cover 0.0; sun elevation None,displayed in figure,epoch 2026; true colour; figure outputs/figures/karnali_79/imagery_timeseries/KAR-SET-068_mahawai_timeseries_1972_2026.png
KAR-SET-069_1972,LM01_L1TP_154039_19721111_02_T2,USGS Landsat Collection 2,Public domain (USGS),1972-11-11,1972,landsat-1 / Planetary Computer landsat-c2-l1,60 m,"4 km window centred 82.156497,29.551065",EPSG:32644,NA (streamed; not stored),NA,chip cloud/shadow fraction 0.0; chip no-data fraction 0.0; scene cloud cover 63.0; sun elevation 36.70955405,displayed in figure,"epoch 1972; false colour (NIR-red-green): vegetation red, water dark; figure outputs/figures/karnali_79/imagery_timeseries/KAR-SET-069_chhayanath_rara_timeseries_1972_2026.png"
KAR-SET-069_1977,LM02_L1TP_154040_19770323_02_T2,USGS Landsat Collection 2,Public domain (USGS),1977-03-23,1977,landsat-2 / Planetary Computer landsat-c2-l1,60 m,"4 km window centred 82.156497,29.551065",EPSG:32644,NA (streamed; not stored),NA,chip cloud/shadow fraction 0.0; chip no-data fraction 0.0; scene cloud cover 2.0; sun elevation 44.22210613,displayed in figure,"epoch 1977; false colour (NIR-red-green): vegetation red, water dark; figure outputs/figures/karnali_79/imagery_timeseries/KAR-SET-069_chhayanath_rara_timeseries_1972_2026.png"
KAR-SET-069_1987,LT05_L2SP_143040_19871227_02_T1,USGS Landsat Collection 2,Public domain (USGS),1987-12-27,1987,landsat-5 / Planetary Computer landsat-c2-l2,30 m,"4 km window centred 82.156497,29.551065",EPSG:32644,NA (streamed; not stored),NA,chip cloud/shadow fraction 0.0001; chip no-data fraction 0.0; scene cloud cover 8.0; sun elevation 30.1816121,displayed in figure,epoch 1987; true colour; figure outputs/figures/karnali_79/imagery_timeseries/KAR-SET-069_chhayanath_rara_timeseries_1972_2026.png
KAR-SET-069_1992,LT05_L2SP_143040_19921106_02_T1,USGS Landsat Collection 2,Public domain (USGS),1992-11-06,1992,landsat-5 / Planetary Computer landsat-c2-l2,30 m,"4 km window centred 82.156497,29.551065",EPSG:32644,NA (streamed; not stored),NA,chip cloud/shadow fraction 0.0; chip no-data fraction 0.0; scene cloud cover 3.0; sun elevation 37.5167245,displayed in figure,epoch 1992; true colour; figure outputs/figures/karnali_79/imagery_timeseries/KAR-SET-069_chhayanath_rara_timeseries_1972_2026.png
KAR-SET-069_1997,LT05_L2SP_143040_19970309_02_T1,USGS Landsat Collection 2,Public domain (USGS),1997-03-09,1997,landsat-5 / Planetary Computer landsat-c2-l2,30 m,"4 km window centred 82.156497,29.551065",EPSG:32644,NA (streamed; not stored),NA,chip cloud/shadow fraction 0.0; chip no-data fraction 0.0; scene cloud cover 4.0; sun elevation 43.65029989,displayed in figure,epoch 1997; true colour; figure outputs/figures/karnali_79/imagery_timeseries/KAR-SET-069_chhayanath_rara_timeseries_1972_2026.png
KAR-SET-069_2002,LE07_L2SP_143040_20021025_02_T1,USGS Landsat Collection 2,Public domain (USGS),2002-10-25,2002,landsat-7 / Planetary Computer landsat-c2-l2,30 m,"4 km window centred 82.156497,29.551065",EPSG:32644,NA (streamed; not stored),NA,chip cloud/shadow fraction 0.0; chip no-data fraction 0.0; scene cloud cover 3.0; sun elevation 44.11022116,displayed in figure,epoch 2002; true colour; figure outputs/figures/karnali_79/imagery_timeseries/KAR-SET-069_chhayanath_rara_timeseries_1972_2026.png
KAR-SET-069_2007,LT05_L2SP_143040_20080424_02_T1,USGS Landsat Collection 2,Public domain (USGS),2008-04-24,2008,landsat-5 / Planetary Computer landsat-c2-l2,30 m,"4 km window centred 82.156497,29.551065",EPSG:32644,NA (streamed; not stored),NA,chip cloud/shadow fraction 0.0; chip no-data fraction 0.0; scene cloud cover 3.0; sun elevation 62.11450463,displayed in figure,epoch 2007; true colour; figure outputs/figures/karnali_79/imagery_timeseries/KAR-SET-069_chhayanath_rara_timeseries_1972_2026.png
KAR-SET-069_2012,LT05_L2SP_143040_20101210_02_T1,USGS Landsat Collection 2,Public domain (USGS),2010-12-10,2010,landsat-5 / Planetary Computer landsat-c2-l2,30 m,"4 km window centred 82.156497,29.551065",EPSG:32644,NA (streamed; not stored),NA,chip cloud/shadow fraction 0.0; chip no-data fraction 0.0; scene cloud cover 2.0; sun elevation 33.67355396,displayed in figure,epoch 2012; true colour; figure outputs/figures/karnali_79/imagery_timeseries/KAR-SET-069_chhayanath_rara_timeseries_1972_2026.png
KAR-SET-069_2017,S2A_MSIL2A_20171001T050651_R019_T44RPT_20210202T121726,ESA Copernicus Sentinel-2,"Copernicus Sentinel data terms (free, attribution)",2017-10-01,2017,Sentinel-2A / Planetary Computer sentinel-2-l2a,10 m,"4 km window centred 82.156497,29.551065",EPSG:32644,NA (streamed; not stored),NA,chip cloud/shadow fraction 0.0002; chip no-data fraction 0.0; scene cloud cover 15.83812; sun elevation None,displayed in figure,epoch 2017; true colour; figure outputs/figures/karnali_79/imagery_timeseries/KAR-SET-069_chhayanath_rara_timeseries_1972_2026.png
KAR-SET-069_2022,S2B_MSIL2A_20221129T051149_R019_T44RPT_20221130T153301,ESA Copernicus Sentinel-2,"Copernicus Sentinel data terms (free, attribution)",2022-11-29,2022,Sentinel-2B / Planetary Computer sentinel-2-l2a,10 m,"4 km window centred 82.156497,29.551065",EPSG:32644,NA (streamed; not stored),NA,chip cloud/shadow fraction 0.0; chip no-data fraction 0.0; scene cloud cover 0.000796; sun elevation None,displayed in figure,epoch 2022; true colour; figure outputs/figures/karnali_79/imagery_timeseries/KAR-SET-069_chhayanath_rara_timeseries_1972_2026.png
KAR-SET-069_2026,S2C_MSIL2A_20260216T050911_R019_T44RPT_20260216T100811,ESA Copernicus Sentinel-2,"Copernicus Sentinel data terms (free, attribution)",2026-02-16,2026,Sentinel-2C / Planetary Computer sentinel-2-l2a,10 m,"4 km window centred 82.156497,29.551065",EPSG:32644,NA (streamed; not stored),NA,chip cloud/shadow fraction 0.0; chip no-data fraction 0.0; scene cloud cover 0.00217; sun elevation None,displayed in figure,epoch 2026; true colour; figure outputs/figures/karnali_79/imagery_timeseries/KAR-SET-069_chhayanath_rara_timeseries_1972_2026.png
KAR-SET-070_1972,LM01_L1TP_154039_19721111_02_T2,USGS Landsat Collection 2,Public domain (USGS),1972-11-11,1972,landsat-1 / Planetary Computer landsat-c2-l1,60 m,"4 km window centred 81.832773,29.516361",EPSG:32644,NA (streamed; not stored),NA,chip cloud/shadow fraction 0.0; chip no-data fraction 0.0; scene cloud cover 63.0; sun elevation 36.70955405,displayed in figure,"epoch 1972; false colour (NIR-red-green): vegetation red, water dark; figure outputs/figures/karnali_79/imagery_timeseries/KAR-SET-070_khatyad_timeseries_1972_2026.png"
KAR-SET-070_1977,LM02_L1TP_154040_19770323_02_T2,USGS Landsat Collection 2,Public domain (USGS),1977-03-23,1977,landsat-2 / Planetary Computer landsat-c2-l1,60 m,"4 km window centred 81.832773,29.516361",EPSG:32644,NA (streamed; not stored),NA,chip cloud/shadow fraction 0.0; chip no-data fraction 0.0; scene cloud cover 2.0; sun elevation 44.22210613,displayed in figure,"epoch 1977; false colour (NIR-red-green): vegetation red, water dark; figure outputs/figures/karnali_79/imagery_timeseries/KAR-SET-070_khatyad_timeseries_1972_2026.png"
KAR-SET-070_1987,LT05_L2SP_143040_19871227_02_T1,USGS Landsat Collection 2,Public domain (USGS),1987-12-27,1987,landsat-5 / Planetary Computer landsat-c2-l2,30 m,"4 km window centred 81.832773,29.516361",EPSG:32644,NA (streamed; not stored),NA,chip cloud/shadow fraction 0.0; chip no-data fraction 0.0; scene cloud cover 8.0; sun elevation 30.1816121,displayed in figure,epoch 1987; true colour; figure outputs/figures/karnali_79/imagery_timeseries/KAR-SET-070_khatyad_timeseries_1972_2026.png
KAR-SET-070_1992,LT05_L2SP_144040_19921028_02_T1,USGS Landsat Collection 2,Public domain (USGS),1992-10-28,1992,landsat-5 / Planetary Computer landsat-c2-l2,30 m,"4 km window centred 81.832773,29.516361",EPSG:32644,NA (streamed; not stored),NA,chip cloud/shadow fraction 0.0; chip no-data fraction 0.0; scene cloud cover 1.0; sun elevation 39.94137675,displayed in figure,epoch 1992; true colour; figure outputs/figures/karnali_79/imagery_timeseries/KAR-SET-070_khatyad_timeseries_1972_2026.png
KAR-SET-070_1997,LT05_L2SP_144040_19970228_02_T1,USGS Landsat Collection 2,Public domain (USGS),1997-02-28,1997,landsat-5 / Planetary Computer landsat-c2-l2,30 m,"4 km window centred 81.832773,29.516361",EPSG:32644,NA (streamed; not stored),NA,chip cloud/shadow fraction 0.0; chip no-data fraction 0.0; scene cloud cover 1.0; sun elevation 40.65361466,displayed in figure,epoch 1997; true colour; figure outputs/figures/karnali_79/imagery_timeseries/KAR-SET-070_khatyad_timeseries_1972_2026.png
KAR-SET-070_2002,LE07_L2SP_144040_20021101_02_T1,USGS Landsat Collection 2,Public domain (USGS),2002-11-01,2002,landsat-7 / Planetary Computer landsat-c2-l2,30 m,"4 km window centred 81.832773,29.516361",EPSG:32644,NA (streamed; not stored),NA,chip cloud/shadow fraction 0.0; chip no-data fraction 0.0; scene cloud cover 1.0; sun elevation 42.08208763,displayed in figure,epoch 2002; true colour; figure outputs/figures/karnali_79/imagery_timeseries/KAR-SET-070_khatyad_timeseries_1972_2026.png
KAR-SET-070_2007,LT05_L2SP_143040_20081102_02_T1,USGS Landsat Collection 2,Public domain (USGS),2008-11-02,2008,landsat-5 / Planetary Computer landsat-c2-l2,30 m,"4 km window centred 81.832773,29.516361",EPSG:32644,NA (streamed; not stored),NA,chip cloud/shadow fraction 0.0; chip no-data fraction 0.0; scene cloud cover 1.0; sun elevation 41.15988239,displayed in figure,epoch 2007; true colour; figure outputs/figures/karnali_79/imagery_timeseries/KAR-SET-070_khatyad_timeseries_1972_2026.png
KAR-SET-070_2012,LC08_L2SP_144040_20130413_02_T1,USGS Landsat Collection 2,Public domain (USGS),2013-04-13,2013,landsat-8 / Planetary Computer landsat-c2-l2,30 m,"4 km window centred 81.832773,29.516361",EPSG:32644,NA (streamed; not stored),NA,chip cloud/shadow fraction 0.0; chip no-data fraction 0.0; scene cloud cover 0.86; sun elevation 61.38406934,displayed in figure,epoch 2012; true colour; figure outputs/figures/karnali_79/imagery_timeseries/KAR-SET-070_khatyad_timeseries_1972_2026.png
KAR-SET-070_2017,S2A_MSIL2A_20170124T051101_R019_T44RNT_20210207T175513,ESA Copernicus Sentinel-2,"Copernicus Sentinel data terms (free, attribution)",2017-01-24,2017,Sentinel-2A / Planetary Computer sentinel-2-l2a,10 m,"4 km window centred 81.832773,29.516361",EPSG:32644,NA (streamed; not stored),NA,chip cloud/shadow fraction 0.0094; chip no-data fraction 0.0; scene cloud cover 1.793391; sun elevation None,displayed in figure,epoch 2017; true colour; figure outputs/figures/karnali_79/imagery_timeseries/KAR-SET-070_khatyad_timeseries_1972_2026.png
KAR-SET-070_2022,S2B_MSIL2A_20220314T050649_R019_T44RNT_20220314T143917,ESA Copernicus Sentinel-2,"Copernicus Sentinel data terms (free, attribution)",2022-03-14,2022,Sentinel-2B / Planetary Computer sentinel-2-l2a,10 m,"4 km window centred 81.832773,29.516361",EPSG:32644,NA (streamed; not stored),NA,chip cloud/shadow fraction 0.0; chip no-data fraction 0.0; scene cloud cover 0.000892; sun elevation None,displayed in figure,epoch 2022; true colour; figure outputs/figures/karnali_79/imagery_timeseries/KAR-SET-070_khatyad_timeseries_1972_2026.png
KAR-SET-070_2026,S2B_MSIL2A_20260422T050649_R019_T44RNT_20260422T085212,ESA Copernicus Sentinel-2,"Copernicus Sentinel data terms (free, attribution)",2026-04-22,2026,Sentinel-2B / Planetary Computer sentinel-2-l2a,10 m,"4 km window centred 81.832773,29.516361",EPSG:32644,NA (streamed; not stored),NA,chip cloud/shadow fraction 0.0; chip no-data fraction 0.0; scene cloud cover 0.0; sun elevation None,displayed in figure,epoch 2026; true colour; figure outputs/figures/karnali_79/imagery_timeseries/KAR-SET-070_khatyad_timeseries_1972_2026.png
KAR-SET-071_1972,LM01_L1TP_154039_19721111_02_T2,USGS Landsat Collection 2,Public domain (USGS),1972-11-11,1972,landsat-1 / Planetary Computer landsat-c2-l1,60 m,"4 km window centred 81.882662,29.62595",EPSG:32644,NA (streamed; not stored),NA,chip cloud/shadow fraction 0.0; chip no-data fraction 0.0; scene cloud cover 63.0; sun elevation 36.70955405,displayed in figure,"epoch 1972; false colour (NIR-red-green): vegetation red, water dark; figure outputs/figures/karnali_79/imagery_timeseries/KAR-SET-071_soru_timeseries_1972_2026.png"
KAR-SET-071_1977,LM02_L1TP_154040_19770305_02_T2,USGS Landsat Collection 2,Public domain (USGS),1977-03-05,1977,landsat-2 / Planetary Computer landsat-c2-l1,60 m,"4 km window centred 81.882662,29.62595",EPSG:32644,NA (streamed; not stored),NA,chip cloud/shadow fraction 0.0; chip no-data fraction 0.0; scene cloud cover 4.0; sun elevation 38.64618628,displayed in figure,"epoch 1977; false colour (NIR-red-green): vegetation red, water dark; figure outputs/figures/karnali_79/imagery_timeseries/KAR-SET-071_soru_timeseries_1972_2026.png"
KAR-SET-071_1987,LT05_L2SP_143040_19880401_02_T1,USGS Landsat Collection 2,Public domain (USGS),1988-04-01,1988,landsat-5 / Planetary Computer landsat-c2-l2,30 m,"4 km window centred 81.882662,29.62595",EPSG:32644,NA (streamed; not stored),NA,chip cloud/shadow fraction 0.0; chip no-data fraction 0.0; scene cloud cover 4.0; sun elevation 52.01988744,displayed in figure,epoch 1987; true colour; figure outputs/figures/karnali_79/imagery_timeseries/KAR-SET-071_soru_timeseries_1972_2026.png
KAR-SET-071_1992,LT05_L2SP_143040_19931109_02_T1,USGS Landsat Collection 2,Public domain (USGS),1993-11-09,1993,landsat-5 / Planetary Computer landsat-c2-l2,30 m,"4 km window centred 81.882662,29.62595",EPSG:32644,NA (streamed; not stored),NA,chip cloud/shadow fraction 0.0; chip no-data fraction 0.0; scene cloud cover 1.0; sun elevation 36.95505603,displayed in figure,epoch 1992; true colour; figure outputs/figures/karnali_79/imagery_timeseries/KAR-SET-071_soru_timeseries_1972_2026.png
KAR-SET-071_1997,LT05_L2SP_143039_19981006_02_T1,USGS Landsat Collection 2,Public domain (USGS),1998-10-06,1998,landsat-5 / Planetary Computer landsat-c2-l2,30 m,"4 km window centred 81.882662,29.62595",EPSG:32644,NA (streamed; not stored),NA,chip cloud/shadow fraction 0.0; chip no-data fraction 0.0; scene cloud cover 3.0; sun elevation 47.62365657,displayed in figure,epoch 1997; true colour; figure outputs/figures/karnali_79/imagery_timeseries/KAR-SET-071_soru_timeseries_1972_2026.png
KAR-SET-071_2002,LE07_L2SP_143040_20021025_02_T1,USGS Landsat Collection 2,Public domain (USGS),2002-10-25,2002,landsat-7 / Planetary Computer landsat-c2-l2,30 m,"4 km window centred 81.882662,29.62595",EPSG:32644,NA (streamed; not stored),NA,chip cloud/shadow fraction 0.0; chip no-data fraction 0.0; scene cloud cover 3.0; sun elevation 44.11022116,displayed in figure,epoch 2002; true colour; figure outputs/figures/karnali_79/imagery_timeseries/KAR-SET-071_soru_timeseries_1972_2026.png
KAR-SET-071_2007,LT05_L2SP_143040_20081102_02_T1,USGS Landsat Collection 2,Public domain (USGS),2008-11-02,2008,landsat-5 / Planetary Computer landsat-c2-l2,30 m,"4 km window centred 81.882662,29.62595",EPSG:32644,NA (streamed; not stored),NA,chip cloud/shadow fraction 0.0; chip no-data fraction 0.0; scene cloud cover 1.0; sun elevation 41.15988239,displayed in figure,epoch 2007; true colour; figure outputs/figures/karnali_79/imagery_timeseries/KAR-SET-071_soru_timeseries_1972_2026.png
KAR-SET-071_2012,LC08_L2SP_143039_20131218_02_T1,USGS Landsat Collection 2,Public domain (USGS),2013-12-18,2013,landsat-8 / Planetary Computer landsat-c2-l2,30 m,"4 km window centred 81.882662,29.62595",EPSG:32644,NA (streamed; not stored),NA,chip cloud/shadow fraction 0.0; chip no-data fraction 0.0; scene cloud cover 2.55; sun elevation 32.68821874,displayed in figure,epoch 2012; true colour; figure outputs/figures/karnali_79/imagery_timeseries/KAR-SET-071_soru_timeseries_1972_2026.png
KAR-SET-071_2017,S2A_MSIL2A_20170124T051101_R019_T44RNT_20210207T175513,ESA Copernicus Sentinel-2,"Copernicus Sentinel data terms (free, attribution)",2017-01-24,2017,Sentinel-2A / Planetary Computer sentinel-2-l2a,10 m,"4 km window centred 81.882662,29.62595",EPSG:32644,NA (streamed; not stored),NA,chip cloud/shadow fraction 0.0001; chip no-data fraction 0.0; scene cloud cover 1.793391; sun elevation None,displayed in figure,epoch 2017; true colour; figure outputs/figures/karnali_79/imagery_timeseries/KAR-SET-071_soru_timeseries_1972_2026.png
KAR-SET-071_2022,S2B_MSIL2A_20220314T050649_R019_T44RNT_20220314T143917,ESA Copernicus Sentinel-2,"Copernicus Sentinel data terms (free, attribution)",2022-03-14,2022,Sentinel-2B / Planetary Computer sentinel-2-l2a,10 m,"4 km window centred 81.882662,29.62595",EPSG:32644,NA (streamed; not stored),NA,chip cloud/shadow fraction 0.0; chip no-data fraction 0.0; scene cloud cover 0.000892; sun elevation None,displayed in figure,epoch 2022; true colour; figure outputs/figures/karnali_79/imagery_timeseries/KAR-SET-071_soru_timeseries_1972_2026.png
KAR-SET-071_2026,S2B_MSIL2A_20260422T050649_R019_T44RNT_20260422T085212,ESA Copernicus Sentinel-2,"Copernicus Sentinel data terms (free, attribution)",2026-04-22,2026,Sentinel-2B / Planetary Computer sentinel-2-l2a,10 m,"4 km window centred 81.882662,29.62595",EPSG:32644,NA (streamed; not stored),NA,chip cloud/shadow fraction 0.0; chip no-data fraction 0.0; scene cloud cover 0.0; sun elevation None,displayed in figure,epoch 2026; true colour; figure outputs/figures/karnali_79/imagery_timeseries/KAR-SET-071_soru_timeseries_1972_2026.png
KAR-SET-072_1972,LM01_L1TP_154039_19721111_02_T2,USGS Landsat Collection 2,Public domain (USGS),1972-11-11,1972,landsat-1 / Planetary Computer landsat-c2-l1,60 m,"4 km window centred 82.308392,29.598217",EPSG:32644,NA (streamed; not stored),NA,chip cloud/shadow fraction 0.0; chip no-data fraction 0.0; scene cloud cover 63.0; sun elevation 36.70955405,displayed in figure,"epoch 1972; false colour (NIR-red-green): vegetation red, water dark; figure outputs/figures/karnali_79/imagery_timeseries/KAR-SET-072_mugumakarmarog_timeseries_1972_2026.png"
KAR-SET-072_1977,LM02_L1TP_154040_19770305_02_T2,USGS Landsat Collection 2,Public domain (USGS),1977-03-05,1977,landsat-2 / Planetary Computer landsat-c2-l1,60 m,"4 km window centred 82.308392,29.598217",EPSG:32644,NA (streamed; not stored),NA,chip cloud/shadow fraction 0.0; chip no-data fraction 0.0; scene cloud cover 4.0; sun elevation 38.64618628,displayed in figure,"epoch 1977; false colour (NIR-red-green): vegetation red, water dark; figure outputs/figures/karnali_79/imagery_timeseries/KAR-SET-072_mugumakarmarog_timeseries_1972_2026.png"
KAR-SET-072_1987,LT05_L2SP_143039_19871227_02_T1,USGS Landsat Collection 2,Public domain (USGS),1987-12-27,1987,landsat-5 / Planetary Computer landsat-c2-l2,30 m,"4 km window centred 82.308392,29.598217",EPSG:32644,NA (streamed; not stored),NA,chip cloud/shadow fraction 0.0006; chip no-data fraction 0.0; scene cloud cover 4.0; sun elevation 29.0954728,displayed in figure,epoch 1987; true colour; figure outputs/figures/karnali_79/imagery_timeseries/KAR-SET-072_mugumakarmarog_timeseries_1972_2026.png
KAR-SET-072_1992,LT05_L2SP_143040_19931109_02_T1,USGS Landsat Collection 2,Public domain (USGS),1993-11-09,1993,landsat-5 / Planetary Computer landsat-c2-l2,30 m,"4 km window centred 82.308392,29.598217",EPSG:32644,NA (streamed; not stored),NA,chip cloud/shadow fraction 0.0; chip no-data fraction 0.0; scene cloud cover 1.0; sun elevation 36.95505603,displayed in figure,epoch 1992; true colour; figure outputs/figures/karnali_79/imagery_timeseries/KAR-SET-072_mugumakarmarog_timeseries_1972_2026.png
KAR-SET-072_1997,LT05_L2SP_143040_19970309_02_T1,USGS Landsat Collection 2,Public domain (USGS),1997-03-09,1997,landsat-5 / Planetary Computer landsat-c2-l2,30 m,"4 km window centred 82.308392,29.598217",EPSG:32644,NA (streamed; not stored),NA,chip cloud/shadow fraction 0.0052; chip no-data fraction 0.0; scene cloud cover 4.0; sun elevation 43.65029989,displayed in figure,epoch 1997; true colour; figure outputs/figures/karnali_79/imagery_timeseries/KAR-SET-072_mugumakarmarog_timeseries_1972_2026.png
KAR-SET-072_2002,LE07_L2SP_143040_20021025_02_T1,USGS Landsat Collection 2,Public domain (USGS),2002-10-25,2002,landsat-7 / Planetary Computer landsat-c2-l2,30 m,"4 km window centred 82.308392,29.598217",EPSG:32644,NA (streamed; not stored),NA,chip cloud/shadow fraction 0.0006; chip no-data fraction 0.0; scene cloud cover 3.0; sun elevation 44.11022116,displayed in figure,epoch 2002; true colour; figure outputs/figures/karnali_79/imagery_timeseries/KAR-SET-072_mugumakarmarog_timeseries_1972_2026.png
KAR-SET-072_2007,LT05_L2SP_143040_20081102_02_T1,USGS Landsat Collection 2,Public domain (USGS),2008-11-02,2008,landsat-5 / Planetary Computer landsat-c2-l2,30 m,"4 km window centred 82.308392,29.598217",EPSG:32644,NA (streamed; not stored),NA,chip cloud/shadow fraction 0.0001; chip no-data fraction 0.0; scene cloud cover 1.0; sun elevation 41.15988239,displayed in figure,epoch 2007; true colour; figure outputs/figures/karnali_79/imagery_timeseries/KAR-SET-072_mugumakarmarog_timeseries_1972_2026.png
KAR-SET-072_2012,LC08_L2SP_143039_20131202_02_T1,USGS Landsat Collection 2,Public domain (USGS),2013-12-02,2013,landsat-8 / Planetary Computer landsat-c2-l2,30 m,"4 km window centred 82.308392,29.598217",EPSG:32644,NA (streamed; not stored),NA,chip cloud/shadow fraction 0.0001; chip no-data fraction 0.0; scene cloud cover 3.66; sun elevation 34.6084885,displayed in figure,epoch 2012; true colour; figure outputs/figures/karnali_79/imagery_timeseries/KAR-SET-072_mugumakarmarog_timeseries_1972_2026.png
KAR-SET-072_2017,S2A_MSIL2A_20171001T050651_R019_T44RPT_20210202T121726,ESA Copernicus Sentinel-2,"Copernicus Sentinel data terms (free, attribution)",2017-10-01,2017,Sentinel-2A / Planetary Computer sentinel-2-l2a,10 m,"4 km window centred 82.308392,29.598217",EPSG:32644,NA (streamed; not stored),NA,chip cloud/shadow fraction 0.0096; chip no-data fraction 0.0; scene cloud cover 15.83812; sun elevation None,displayed in figure,epoch 2017; true colour; figure outputs/figures/karnali_79/imagery_timeseries/KAR-SET-072_mugumakarmarog_timeseries_1972_2026.png
KAR-SET-072_2022,S2B_MSIL2A_20221129T051149_R019_T44RPT_20221130T153301,ESA Copernicus Sentinel-2,"Copernicus Sentinel data terms (free, attribution)",2022-11-29,2022,Sentinel-2B / Planetary Computer sentinel-2-l2a,10 m,"4 km window centred 82.308392,29.598217",EPSG:32644,NA (streamed; not stored),NA,chip cloud/shadow fraction 0.0; chip no-data fraction 0.0; scene cloud cover 0.000796; sun elevation None,displayed in figure,epoch 2022; true colour; figure outputs/figures/karnali_79/imagery_timeseries/KAR-SET-072_mugumakarmarog_timeseries_1972_2026.png
KAR-SET-072_2026,S2C_MSIL2A_20260216T050911_R019_T44RPT_20260216T100811,ESA Copernicus Sentinel-2,"Copernicus Sentinel data terms (free, attribution)",2026-02-16,2026,Sentinel-2C / Planetary Computer sentinel-2-l2a,10 m,"4 km window centred 82.308392,29.598217",EPSG:32644,NA (streamed; not stored),NA,chip cloud/shadow fraction 0.0079; chip no-data fraction 0.0; scene cloud cover 0.00217; sun elevation None,displayed in figure,epoch 2026; true colour; figure outputs/figures/karnali_79/imagery_timeseries/KAR-SET-072_mugumakarmarog_timeseries_1972_2026.png
KAR-SET-073_1972,LM01_L1TP_154039_19721111_02_T2,USGS Landsat Collection 2,Public domain (USGS),1972-11-11,1972,landsat-1 / Planetary Computer landsat-c2-l1,60 m,"4 km window centred 81.619399,30.060704",EPSG:32644,NA (streamed; not stored),NA,chip cloud/shadow fraction 0.0; chip no-data fraction 0.0; scene cloud cover 63.0; sun elevation 36.70955405,displayed in figure,"epoch 1972; false colour (NIR-red-green): vegetation red, water dark; figure outputs/figures/karnali_79/imagery_timeseries/KAR-SET-073_namkha_timeseries_1972_2026.png"
KAR-SET-073_1977,LM02_L1TP_155039_19770324_02_T2,USGS Landsat Collection 2,Public domain (USGS),1977-03-24,1977,landsat-2 / Planetary Computer landsat-c2-l1,60 m,"4 km window centred 81.619399,30.060704",EPSG:32644,NA (streamed; not stored),NA,chip cloud/shadow fraction 0.0; chip no-data fraction 0.0; scene cloud cover 14.0; sun elevation 43.99612212,displayed in figure,"epoch 1977; false colour (NIR-red-green): vegetation red, water dark; figure outputs/figures/karnali_79/imagery_timeseries/KAR-SET-073_namkha_timeseries_1972_2026.png"
KAR-SET-073_1987,LT05_L2SP_144039_19890411_02_T1,USGS Landsat Collection 2,Public domain (USGS),1989-04-11,1989,landsat-5 / Planetary Computer landsat-c2-l2,30 m,"4 km window centred 81.619399,30.060704",EPSG:32644,NA (streamed; not stored),NA,chip cloud/shadow fraction 0.4038; chip no-data fraction 0.0; scene cloud cover 15.0; sun elevation 54.22734715,displayed in figure,epoch 1987; true colour; figure outputs/figures/karnali_79/imagery_timeseries/KAR-SET-073_namkha_timeseries_1972_2026.png
KAR-SET-073_1992,LT05_L2SP_144039_19931015_02_T1,USGS Landsat Collection 2,Public domain (USGS),1993-10-15,1993,landsat-5 / Planetary Computer landsat-c2-l2,30 m,"4 km window centred 81.619399,30.060704",EPSG:32644,NA (streamed; not stored),NA,chip cloud/shadow fraction 0.0; chip no-data fraction 0.0; scene cloud cover 3.0; sun elevation 42.77295993,displayed in figure,epoch 1992; true colour; figure outputs/figures/karnali_79/imagery_timeseries/KAR-SET-073_namkha_timeseries_1972_2026.png
KAR-SET-073_1997,LT05_L2SP_144039_19970111_02_T1,USGS Landsat Collection 2,Public domain (USGS),1997-01-11,1997,landsat-5 / Planetary Computer landsat-c2-l2,30 m,"4 km window centred 81.619399,30.060704",EPSG:32644,NA (streamed; not stored),NA,chip cloud/shadow fraction 0.0005; chip no-data fraction 0.0; scene cloud cover 4.0; sun elevation 28.94983287,displayed in figure,epoch 1997; true colour; figure outputs/figures/karnali_79/imagery_timeseries/KAR-SET-073_namkha_timeseries_1972_2026.png
KAR-SET-073_2002,LE07_L2SP_144039_20011013_02_T1,USGS Landsat Collection 2,Public domain (USGS),2001-10-13,2001,landsat-7 / Planetary Computer landsat-c2-l2,30 m,"4 km window centred 81.619399,30.060704",EPSG:32644,NA (streamed; not stored),NA,chip cloud/shadow fraction 0.0; chip no-data fraction 0.0; scene cloud cover 2.0; sun elevation 46.59204884,displayed in figure,epoch 2002; true colour; figure outputs/figures/karnali_79/imagery_timeseries/KAR-SET-073_namkha_timeseries_1972_2026.png
KAR-SET-073_2007,LT05_L2SP_144039_20081109_02_T1,USGS Landsat Collection 2,Public domain (USGS),2008-11-09,2008,landsat-5 / Planetary Computer landsat-c2-l2,30 m,"4 km window centred 81.619399,30.060704",EPSG:32644,NA (streamed; not stored),NA,chip cloud/shadow fraction 0.0; chip no-data fraction 0.0; scene cloud cover 5.0; sun elevation 38.13852549,displayed in figure,epoch 2007; true colour; figure outputs/figures/karnali_79/imagery_timeseries/KAR-SET-073_namkha_timeseries_1972_2026.png
KAR-SET-073_2012,LC08_L2SP_144039_20131209_02_T1,USGS Landsat Collection 2,Public domain (USGS),2013-12-09,2013,landsat-8 / Planetary Computer landsat-c2-l2,30 m,"4 km window centred 81.619399,30.060704",EPSG:32644,NA (streamed; not stored),NA,chip cloud/shadow fraction 0.0; chip no-data fraction 0.0; scene cloud cover 3.07; sun elevation 33.56551734,displayed in figure,epoch 2012; true colour; figure outputs/figures/karnali_79/imagery_timeseries/KAR-SET-073_namkha_timeseries_1972_2026.png
KAR-SET-073_2017,S2A_MSIL2A_20171001T050651_R019_T44RNU_20210202T121734,ESA Copernicus Sentinel-2,"Copernicus Sentinel data terms (free, attribution)",2017-10-01,2017,Sentinel-2A / Planetary Computer sentinel-2-l2a,10 m,"4 km window centred 81.619399,30.060704",EPSG:32644,NA (streamed; not stored),NA,chip cloud/shadow fraction 0.0001; chip no-data fraction 0.0; scene cloud cover 34.09636; sun elevation None,displayed in figure,epoch 2017; true colour; figure outputs/figures/karnali_79/imagery_timeseries/KAR-SET-073_namkha_timeseries_1972_2026.png
KAR-SET-073_2022,S2B_MSIL2A_20230108T051209_R019_T44RNU_20230108T174623,ESA Copernicus Sentinel-2,"Copernicus Sentinel data terms (free, attribution)",2023-01-08,2023,Sentinel-2B / Planetary Computer sentinel-2-l2a,10 m,"4 km window centred 81.619399,30.060704",EPSG:32644,NA (streamed; not stored),NA,chip cloud/shadow fraction 0.0; chip no-data fraction 0.0; scene cloud cover 0.004815; sun elevation None,displayed in figure,epoch 2022; true colour; figure outputs/figures/karnali_79/imagery_timeseries/KAR-SET-073_namkha_timeseries_1972_2026.png
KAR-SET-073_2026,S2B_MSIL2A_20260112T051059_R019_T44RNU_20260112T073848,ESA Copernicus Sentinel-2,"Copernicus Sentinel data terms (free, attribution)",2026-01-12,2026,Sentinel-2B / Planetary Computer sentinel-2-l2a,10 m,"4 km window centred 81.619399,30.060704",EPSG:32644,NA (streamed; not stored),NA,chip cloud/shadow fraction 0.0; chip no-data fraction 0.0; scene cloud cover 0.006536; sun elevation None,displayed in figure,epoch 2026; true colour; figure outputs/figures/karnali_79/imagery_timeseries/KAR-SET-073_namkha_timeseries_1972_2026.png
KAR-SET-074_1972,LM01_L1TP_154039_19721111_02_T2,USGS Landsat Collection 2,Public domain (USGS),1972-11-11,1972,landsat-1 / Planetary Computer landsat-c2-l1,60 m,"4 km window centred 81.82016,29.972864",EPSG:32644,NA (streamed; not stored),NA,chip cloud/shadow fraction 0.012; chip no-data fraction 0.0; scene cloud cover 63.0; sun elevation 36.70955405,displayed in figure,"epoch 1972; false colour (NIR-red-green): vegetation red, water dark; figure outputs/figures/karnali_79/imagery_timeseries/KAR-SET-074_simkot_timeseries_1972_2026.png"
KAR-SET-074_1977,LM02_L1TP_155039_19770324_02_T2,USGS Landsat Collection 2,Public domain (USGS),1977-03-24,1977,landsat-2 / Planetary Computer landsat-c2-l1,60 m,"4 km window centred 81.82016,29.972864",EPSG:32644,NA (streamed; not stored),NA,chip cloud/shadow fraction 0.0; chip no-data fraction 0.0; scene cloud cover 14.0; sun elevation 43.99612212,displayed in figure,"epoch 1977; false colour (NIR-red-green): vegetation red, water dark; figure outputs/figures/karnali_79/imagery_timeseries/KAR-SET-074_simkot_timeseries_1972_2026.png"
KAR-SET-074_1987,LT05_L2SP_144039_19890411_02_T1,USGS Landsat Collection 2,Public domain (USGS),1989-04-11,1989,landsat-5 / Planetary Computer landsat-c2-l2,30 m,"4 km window centred 81.82016,29.972864",EPSG:32644,NA (streamed; not stored),NA,chip cloud/shadow fraction 0.2087; chip no-data fraction 0.0; scene cloud cover 15.0; sun elevation 54.22734715,displayed in figure,epoch 1987; true colour; figure outputs/figures/karnali_79/imagery_timeseries/KAR-SET-074_simkot_timeseries_1972_2026.png
KAR-SET-074_1992,LT05_L2SP_144039_19931031_02_T1,USGS Landsat Collection 2,Public domain (USGS),1993-10-31,1993,landsat-5 / Planetary Computer landsat-c2-l2,30 m,"4 km window centred 81.82016,29.972864",EPSG:32644,NA (streamed; not stored),NA,chip cloud/shadow fraction 0.0; chip no-data fraction 0.0; scene cloud cover 2.0; sun elevation 38.3001608,displayed in figure,epoch 1992; true colour; figure outputs/figures/karnali_79/imagery_timeseries/KAR-SET-074_simkot_timeseries_1972_2026.png
KAR-SET-074_1997,LT05_L2SP_144039_19970111_02_T1,USGS Landsat Collection 2,Public domain (USGS),1997-01-11,1997,landsat-5 / Planetary Computer landsat-c2-l2,30 m,"4 km window centred 81.82016,29.972864",EPSG:32644,NA (streamed; not stored),NA,chip cloud/shadow fraction 0.0004; chip no-data fraction 0.0; scene cloud cover 4.0; sun elevation 28.94983287,displayed in figure,epoch 1997; true colour; figure outputs/figures/karnali_79/imagery_timeseries/KAR-SET-074_simkot_timeseries_1972_2026.png
KAR-SET-074_2002,LE07_L2SP_144039_20011013_02_T1,USGS Landsat Collection 2,Public domain (USGS),2001-10-13,2001,landsat-7 / Planetary Computer landsat-c2-l2,30 m,"4 km window centred 81.82016,29.972864",EPSG:32644,NA (streamed; not stored),NA,chip cloud/shadow fraction 0.0; chip no-data fraction 0.0; scene cloud cover 2.0; sun elevation 46.59204884,displayed in figure,epoch 2002; true colour; figure outputs/figures/karnali_79/imagery_timeseries/KAR-SET-074_simkot_timeseries_1972_2026.png
KAR-SET-074_2007,LT05_L2SP_143039_20081102_02_T1,USGS Landsat Collection 2,Public domain (USGS),2008-11-02,2008,landsat-5 / Planetary Computer landsat-c2-l2,30 m,"4 km window centred 81.82016,29.972864",EPSG:32644,NA (streamed; not stored),NA,chip cloud/shadow fraction 0.0; chip no-data fraction 0.0; scene cloud cover 4.0; sun elevation 40.0181908,displayed in figure,epoch 2007; true colour; figure outputs/figures/karnali_79/imagery_timeseries/KAR-SET-074_simkot_timeseries_1972_2026.png
KAR-SET-074_2012,LC08_L2SP_144039_20131209_02_T1,USGS Landsat Collection 2,Public domain (USGS),2013-12-09,2013,landsat-8 / Planetary Computer landsat-c2-l2,30 m,"4 km window centred 81.82016,29.972864",EPSG:32644,NA (streamed; not stored),NA,chip cloud/shadow fraction 0.0; chip no-data fraction 0.0; scene cloud cover 3.07; sun elevation 33.56551734,displayed in figure,epoch 2012; true colour; figure outputs/figures/karnali_79/imagery_timeseries/KAR-SET-074_simkot_timeseries_1972_2026.png
KAR-SET-074_2017,S2A_MSIL2A_20171001T050651_R019_T44RNU_20210202T121734,ESA Copernicus Sentinel-2,"Copernicus Sentinel data terms (free, attribution)",2017-10-01,2017,Sentinel-2A / Planetary Computer sentinel-2-l2a,10 m,"4 km window centred 81.82016,29.972864",EPSG:32644,NA (streamed; not stored),NA,chip cloud/shadow fraction 0.0016; chip no-data fraction 0.0; scene cloud cover 34.09636; sun elevation None,displayed in figure,epoch 2017; true colour; figure outputs/figures/karnali_79/imagery_timeseries/KAR-SET-074_simkot_timeseries_1972_2026.png
KAR-SET-074_2022,S2B_MSIL2A_20230108T051209_R019_T44RNU_20230108T174623,ESA Copernicus Sentinel-2,"Copernicus Sentinel data terms (free, attribution)",2023-01-08,2023,Sentinel-2B / Planetary Computer sentinel-2-l2a,10 m,"4 km window centred 81.82016,29.972864",EPSG:32644,NA (streamed; not stored),NA,chip cloud/shadow fraction 0.0; chip no-data fraction 0.0; scene cloud cover 0.004815; sun elevation None,displayed in figure,epoch 2022; true colour; figure outputs/figures/karnali_79/imagery_timeseries/KAR-SET-074_simkot_timeseries_1972_2026.png
KAR-SET-074_2026,S2B_MSIL2A_20260112T051059_R019_T44RNU_20260112T073848,ESA Copernicus Sentinel-2,"Copernicus Sentinel data terms (free, attribution)",2026-01-12,2026,Sentinel-2B / Planetary Computer sentinel-2-l2a,10 m,"4 km window centred 81.82016,29.972864",EPSG:32644,NA (streamed; not stored),NA,chip cloud/shadow fraction 0.0; chip no-data fraction 0.0; scene cloud cover 0.006536; sun elevation None,displayed in figure,epoch 2026; true colour; figure outputs/figures/karnali_79/imagery_timeseries/KAR-SET-074_simkot_timeseries_1972_2026.png
KAR-SET-075_1972,LM01_L1TP_154039_19721111_02_T2,USGS Landsat Collection 2,Public domain (USGS),1972-11-11,1972,landsat-1 / Planetary Computer landsat-c2-l1,60 m,"4 km window centred 81.874535,29.849594",EPSG:32644,NA (streamed; not stored),NA,chip cloud/shadow fraction 0.0; chip no-data fraction 0.0; scene cloud cover 63.0; sun elevation 36.70955405,displayed in figure,"epoch 1972; false colour (NIR-red-green): vegetation red, water dark; figure outputs/figures/karnali_79/imagery_timeseries/KAR-SET-075_kharpunath_timeseries_1972_2026.png"
KAR-SET-075_1977,LM02_L1TP_154039_19770323_02_T2,USGS Landsat Collection 2,Public domain (USGS),1977-03-23,1977,landsat-2 / Planetary Computer landsat-c2-l1,60 m,"4 km window centred 81.874535,29.849594",EPSG:32644,NA (streamed; not stored),NA,chip cloud/shadow fraction 0.0; chip no-data fraction 0.0; scene cloud cover 22.0; sun elevation 43.69820666,displayed in figure,"epoch 1977; false colour (NIR-red-green): vegetation red, water dark; figure outputs/figures/karnali_79/imagery_timeseries/KAR-SET-075_kharpunath_timeseries_1972_2026.png"
KAR-SET-075_1987,LT05_L2SP_143039_19881010_02_T1,USGS Landsat Collection 2,Public domain (USGS),1988-10-10,1988,landsat-5 / Planetary Computer landsat-c2-l2,30 m,"4 km window centred 81.874535,29.849594",EPSG:32644,NA (streamed; not stored),NA,chip cloud/shadow fraction 0.0; chip no-data fraction 0.0; scene cloud cover 4.0; sun elevation 45.25445016,displayed in figure,epoch 1987; true colour; figure outputs/figures/karnali_79/imagery_timeseries/KAR-SET-075_kharpunath_timeseries_1972_2026.png
KAR-SET-075_1992,LT05_L2SP_144039_19931031_02_T1,USGS Landsat Collection 2,Public domain (USGS),1993-10-31,1993,landsat-5 / Planetary Computer landsat-c2-l2,30 m,"4 km window centred 81.874535,29.849594",EPSG:32644,NA (streamed; not stored),NA,chip cloud/shadow fraction 0.0; chip no-data fraction 0.0; scene cloud cover 2.0; sun elevation 38.3001608,displayed in figure,epoch 1992; true colour; figure outputs/figures/karnali_79/imagery_timeseries/KAR-SET-075_kharpunath_timeseries_1972_2026.png
KAR-SET-075_1997,LT05_L2SP_144039_19970111_02_T1,USGS Landsat Collection 2,Public domain (USGS),1997-01-11,1997,landsat-5 / Planetary Computer landsat-c2-l2,30 m,"4 km window centred 81.874535,29.849594",EPSG:32644,NA (streamed; not stored),NA,chip cloud/shadow fraction 0.0; chip no-data fraction 0.0; scene cloud cover 4.0; sun elevation 28.94983287,displayed in figure,epoch 1997; true colour; figure outputs/figures/karnali_79/imagery_timeseries/KAR-SET-075_kharpunath_timeseries_1972_2026.png
KAR-SET-075_2002,LE07_L2SP_143039_20021228_02_T1,USGS Landsat Collection 2,Public domain (USGS),2002-12-28,2002,landsat-7 / Planetary Computer landsat-c2-l2,30 m,"4 km window centred 81.874535,29.849594",EPSG:32644,NA (streamed; not stored),NA,chip cloud/shadow fraction 0.0005; chip no-data fraction 0.0; scene cloud cover 3.0; sun elevation 31.11957418,displayed in figure,epoch 2002; true colour; figure outputs/figures/karnali_79/imagery_timeseries/KAR-SET-075_kharpunath_timeseries_1972_2026.png
KAR-SET-075_2007,LT05_L2SP_143039_20081102_02_T1,USGS Landsat Collection 2,Public domain (USGS),2008-11-02,2008,landsat-5 / Planetary Computer landsat-c2-l2,30 m,"4 km window centred 81.874535,29.849594",EPSG:32644,NA (streamed; not stored),NA,chip cloud/shadow fraction 0.0; chip no-data fraction 0.0; scene cloud cover 4.0; sun elevation 40.0181908,displayed in figure,epoch 2007; true colour; figure outputs/figures/karnali_79/imagery_timeseries/KAR-SET-075_kharpunath_timeseries_1972_2026.png
KAR-SET-075_2012,LC08_L2SP_144039_20131209_02_T1,USGS Landsat Collection 2,Public domain (USGS),2013-12-09,2013,landsat-8 / Planetary Computer landsat-c2-l2,30 m,"4 km window centred 81.874535,29.849594",EPSG:32644,NA (streamed; not stored),NA,chip cloud/shadow fraction 0.0; chip no-data fraction 0.0; scene cloud cover 3.07; sun elevation 33.56551734,displayed in figure,epoch 2012; true colour; figure outputs/figures/karnali_79/imagery_timeseries/KAR-SET-075_kharpunath_timeseries_1972_2026.png
KAR-SET-075_2017,S2A_MSIL2A_20171001T050651_R019_T44RNU_20210202T121734,ESA Copernicus Sentinel-2,"Copernicus Sentinel data terms (free, attribution)",2017-10-01,2017,Sentinel-2A / Planetary Computer sentinel-2-l2a,10 m,"4 km window centred 81.874535,29.849594",EPSG:32644,NA (streamed; not stored),NA,chip cloud/shadow fraction 0.0003; chip no-data fraction 0.0; scene cloud cover 34.09636; sun elevation None,displayed in figure,epoch 2017; true colour; figure outputs/figures/karnali_79/imagery_timeseries/KAR-SET-075_kharpunath_timeseries_1972_2026.png
KAR-SET-075_2022,S2B_MSIL2A_20230108T051209_R019_T44RNU_20230108T174623,ESA Copernicus Sentinel-2,"Copernicus Sentinel data terms (free, attribution)",2023-01-08,2023,Sentinel-2B / Planetary Computer sentinel-2-l2a,10 m,"4 km window centred 81.874535,29.849594",EPSG:32644,NA (streamed; not stored),NA,chip cloud/shadow fraction 0.0; chip no-data fraction 0.0; scene cloud cover 0.004815; sun elevation None,displayed in figure,epoch 2022; true colour; figure outputs/figures/karnali_79/imagery_timeseries/KAR-SET-075_kharpunath_timeseries_1972_2026.png
KAR-SET-075_2026,S2B_MSIL2A_20260112T051059_R019_T44RNU_20260112T073848,ESA Copernicus Sentinel-2,"Copernicus Sentinel data terms (free, attribution)",2026-01-12,2026,Sentinel-2B / Planetary Computer sentinel-2-l2a,10 m,"4 km window centred 81.874535,29.849594",EPSG:32644,NA (streamed; not stored),NA,chip cloud/shadow fraction 0.0; chip no-data fraction 0.0; scene cloud cover 0.006536; sun elevation None,displayed in figure,epoch 2026; true colour; figure outputs/figures/karnali_79/imagery_timeseries/KAR-SET-075_kharpunath_timeseries_1972_2026.png
KAR-SET-076_1972,LM01_L1TP_154039_19721111_02_T2,USGS Landsat Collection 2,Public domain (USGS),1972-11-11,1972,landsat-1 / Planetary Computer landsat-c2-l1,60 m,"4 km window centred 81.983646,29.720272",EPSG:32644,NA (streamed; not stored),NA,chip cloud/shadow fraction 0.0; chip no-data fraction 0.0; scene cloud cover 63.0; sun elevation 36.70955405,displayed in figure,"epoch 1972; false colour (NIR-red-green): vegetation red, water dark; figure outputs/figures/karnali_79/imagery_timeseries/KAR-SET-076_sarkegad_timeseries_1972_2026.png"
KAR-SET-076_1977,LM02_L1TP_154039_19770323_02_T2,USGS Landsat Collection 2,Public domain (USGS),1977-03-23,1977,landsat-2 / Planetary Computer landsat-c2-l1,60 m,"4 km window centred 81.983646,29.720272",EPSG:32644,NA (streamed; not stored),NA,chip cloud/shadow fraction 0.0; chip no-data fraction 0.0; scene cloud cover 22.0; sun elevation 43.69820666,displayed in figure,"epoch 1977; false colour (NIR-red-green): vegetation red, water dark; figure outputs/figures/karnali_79/imagery_timeseries/KAR-SET-076_sarkegad_timeseries_1972_2026.png"
KAR-SET-076_1987,LT05_L2SP_143039_19871227_02_T1,USGS Landsat Collection 2,Public domain (USGS),1987-12-27,1987,landsat-5 / Planetary Computer landsat-c2-l2,30 m,"4 km window centred 81.983646,29.720272",EPSG:32644,NA (streamed; not stored),NA,chip cloud/shadow fraction 0.0; chip no-data fraction 0.0; scene cloud cover 4.0; sun elevation 29.0954728,displayed in figure,epoch 1987; true colour; figure outputs/figures/karnali_79/imagery_timeseries/KAR-SET-076_sarkegad_timeseries_1972_2026.png
KAR-SET-076_1992,LT05_L2SP_143040_19931109_02_T1,USGS Landsat Collection 2,Public domain (USGS),1993-11-09,1993,landsat-5 / Planetary Computer landsat-c2-l2,30 m,"4 km window centred 81.983646,29.720272",EPSG:32644,NA (streamed; not stored),NA,chip cloud/shadow fraction 0.0; chip no-data fraction 0.0; scene cloud cover 1.0; sun elevation 36.95505603,displayed in figure,epoch 1992; true colour; figure outputs/figures/karnali_79/imagery_timeseries/KAR-SET-076_sarkegad_timeseries_1972_2026.png
KAR-SET-076_1997,LT05_L2SP_143039_19981006_02_T1,USGS Landsat Collection 2,Public domain (USGS),1998-10-06,1998,landsat-5 / Planetary Computer landsat-c2-l2,30 m,"4 km window centred 81.983646,29.720272",EPSG:32644,NA (streamed; not stored),NA,chip cloud/shadow fraction 0.0233; chip no-data fraction 0.0; scene cloud cover 3.0; sun elevation 47.62365657,displayed in figure,epoch 1997; true colour; figure outputs/figures/karnali_79/imagery_timeseries/KAR-SET-076_sarkegad_timeseries_1972_2026.png
KAR-SET-076_2002,LE07_L2SP_143040_20021025_02_T1,USGS Landsat Collection 2,Public domain (USGS),2002-10-25,2002,landsat-7 / Planetary Computer landsat-c2-l2,30 m,"4 km window centred 81.983646,29.720272",EPSG:32644,NA (streamed; not stored),NA,chip cloud/shadow fraction 0.0; chip no-data fraction 0.0; scene cloud cover 3.0; sun elevation 44.11022116,displayed in figure,epoch 2002; true colour; figure outputs/figures/karnali_79/imagery_timeseries/KAR-SET-076_sarkegad_timeseries_1972_2026.png
KAR-SET-076_2007,LT05_L2SP_143040_20081102_02_T1,USGS Landsat Collection 2,Public domain (USGS),2008-11-02,2008,landsat-5 / Planetary Computer landsat-c2-l2,30 m,"4 km window centred 81.983646,29.720272",EPSG:32644,NA (streamed; not stored),NA,chip cloud/shadow fraction 0.0; chip no-data fraction 0.0; scene cloud cover 1.0; sun elevation 41.15988239,displayed in figure,epoch 2007; true colour; figure outputs/figures/karnali_79/imagery_timeseries/KAR-SET-076_sarkegad_timeseries_1972_2026.png
KAR-SET-076_2012,LC08_L2SP_143039_20131218_02_T1,USGS Landsat Collection 2,Public domain (USGS),2013-12-18,2013,landsat-8 / Planetary Computer landsat-c2-l2,30 m,"4 km window centred 81.983646,29.720272",EPSG:32644,NA (streamed; not stored),NA,chip cloud/shadow fraction 0.0; chip no-data fraction 0.0; scene cloud cover 2.55; sun elevation 32.68821874,displayed in figure,epoch 2012; true colour; figure outputs/figures/karnali_79/imagery_timeseries/KAR-SET-076_sarkegad_timeseries_1972_2026.png
KAR-SET-076_2017,S2A_MSIL2A_20170124T051101_R019_T44RNT_20210207T175513,ESA Copernicus Sentinel-2,"Copernicus Sentinel data terms (free, attribution)",2017-01-24,2017,Sentinel-2A / Planetary Computer sentinel-2-l2a,10 m,"4 km window centred 81.983646,29.720272",EPSG:32644,NA (streamed; not stored),NA,chip cloud/shadow fraction 0.0011; chip no-data fraction 0.0; scene cloud cover 1.793391; sun elevation None,displayed in figure,epoch 2017; true colour; figure outputs/figures/karnali_79/imagery_timeseries/KAR-SET-076_sarkegad_timeseries_1972_2026.png
KAR-SET-076_2022,S2B_MSIL2A_20220314T050649_R019_T44RNT_20220314T143917,ESA Copernicus Sentinel-2,"Copernicus Sentinel data terms (free, attribution)",2022-03-14,2022,Sentinel-2B / Planetary Computer sentinel-2-l2a,10 m,"4 km window centred 81.983646,29.720272",EPSG:32644,NA (streamed; not stored),NA,chip cloud/shadow fraction 0.0053; chip no-data fraction 0.0; scene cloud cover 0.000892; sun elevation None,displayed in figure,epoch 2022; true colour; figure outputs/figures/karnali_79/imagery_timeseries/KAR-SET-076_sarkegad_timeseries_1972_2026.png
KAR-SET-076_2026,S2B_MSIL2A_20260422T050649_R019_T44RNT_20260422T085212,ESA Copernicus Sentinel-2,"Copernicus Sentinel data terms (free, attribution)",2026-04-22,2026,Sentinel-2B / Planetary Computer sentinel-2-l2a,10 m,"4 km window centred 81.983646,29.720272",EPSG:32644,NA (streamed; not stored),NA,chip cloud/shadow fraction 0.0; chip no-data fraction 0.0; scene cloud cover 0.0; sun elevation None,displayed in figure,epoch 2026; true colour; figure outputs/figures/karnali_79/imagery_timeseries/KAR-SET-076_sarkegad_timeseries_1972_2026.png
KAR-SET-077_1972,LM01_L1TP_154039_19721111_02_T2,USGS Landsat Collection 2,Public domain (USGS),1972-11-11,1972,landsat-1 / Planetary Computer landsat-c2-l1,60 m,"4 km window centred 82.077602,29.732567",EPSG:32644,NA (streamed; not stored),NA,chip cloud/shadow fraction 0.0; chip no-data fraction 0.0; scene cloud cover 63.0; sun elevation 36.70955405,displayed in figure,"epoch 1972; false colour (NIR-red-green): vegetation red, water dark; figure outputs/figures/karnali_79/imagery_timeseries/KAR-SET-077_chankheli_timeseries_1972_2026.png"
KAR-SET-077_1977,LM02_L1TP_154039_19770323_02_T2,USGS Landsat Collection 2,Public domain (USGS),1977-03-23,1977,landsat-2 / Planetary Computer landsat-c2-l1,60 m,"4 km window centred 82.077602,29.732567",EPSG:32644,NA (streamed; not stored),NA,chip cloud/shadow fraction 0.0; chip no-data fraction 0.0; scene cloud cover 22.0; sun elevation 43.69820666,displayed in figure,"epoch 1977; false colour (NIR-red-green): vegetation red, water dark; figure outputs/figures/karnali_79/imagery_timeseries/KAR-SET-077_chankheli_timeseries_1972_2026.png"
KAR-SET-077_1987,LT05_L2SP_143039_19871227_02_T1,USGS Landsat Collection 2,Public domain (USGS),1987-12-27,1987,landsat-5 / Planetary Computer landsat-c2-l2,30 m,"4 km window centred 82.077602,29.732567",EPSG:32644,NA (streamed; not stored),NA,chip cloud/shadow fraction 0.0; chip no-data fraction 0.0; scene cloud cover 4.0; sun elevation 29.0954728,displayed in figure,epoch 1987; true colour; figure outputs/figures/karnali_79/imagery_timeseries/KAR-SET-077_chankheli_timeseries_1972_2026.png
KAR-SET-077_1992,LT05_L2SP_143040_19931109_02_T1,USGS Landsat Collection 2,Public domain (USGS),1993-11-09,1993,landsat-5 / Planetary Computer landsat-c2-l2,30 m,"4 km window centred 82.077602,29.732567",EPSG:32644,NA (streamed; not stored),NA,chip cloud/shadow fraction 0.0; chip no-data fraction 0.0; scene cloud cover 1.0; sun elevation 36.95505603,displayed in figure,epoch 1992; true colour; figure outputs/figures/karnali_79/imagery_timeseries/KAR-SET-077_chankheli_timeseries_1972_2026.png
KAR-SET-077_1997,LT05_L2SP_143039_19981006_02_T1,USGS Landsat Collection 2,Public domain (USGS),1998-10-06,1998,landsat-5 / Planetary Computer landsat-c2-l2,30 m,"4 km window centred 82.077602,29.732567",EPSG:32644,NA (streamed; not stored),NA,chip cloud/shadow fraction 0.0; chip no-data fraction 0.0; scene cloud cover 3.0; sun elevation 47.62365657,displayed in figure,epoch 1997; true colour; figure outputs/figures/karnali_79/imagery_timeseries/KAR-SET-077_chankheli_timeseries_1972_2026.png
KAR-SET-077_2002,LE07_L2SP_143040_20021025_02_T1,USGS Landsat Collection 2,Public domain (USGS),2002-10-25,2002,landsat-7 / Planetary Computer landsat-c2-l2,30 m,"4 km window centred 82.077602,29.732567",EPSG:32644,NA (streamed; not stored),NA,chip cloud/shadow fraction 0.0; chip no-data fraction 0.0; scene cloud cover 3.0; sun elevation 44.11022116,displayed in figure,epoch 2002; true colour; figure outputs/figures/karnali_79/imagery_timeseries/KAR-SET-077_chankheli_timeseries_1972_2026.png
KAR-SET-077_2007,LT05_L2SP_143040_20081102_02_T1,USGS Landsat Collection 2,Public domain (USGS),2008-11-02,2008,landsat-5 / Planetary Computer landsat-c2-l2,30 m,"4 km window centred 82.077602,29.732567",EPSG:32644,NA (streamed; not stored),NA,chip cloud/shadow fraction 0.0; chip no-data fraction 0.0012; scene cloud cover 1.0; sun elevation 41.15988239,displayed in figure,epoch 2007; true colour; figure outputs/figures/karnali_79/imagery_timeseries/KAR-SET-077_chankheli_timeseries_1972_2026.png
KAR-SET-077_2012,LC08_L2SP_143039_20131218_02_T1,USGS Landsat Collection 2,Public domain (USGS),2013-12-18,2013,landsat-8 / Planetary Computer landsat-c2-l2,30 m,"4 km window centred 82.077602,29.732567",EPSG:32644,NA (streamed; not stored),NA,chip cloud/shadow fraction 0.0; chip no-data fraction 0.0; scene cloud cover 2.55; sun elevation 32.68821874,displayed in figure,epoch 2012; true colour; figure outputs/figures/karnali_79/imagery_timeseries/KAR-SET-077_chankheli_timeseries_1972_2026.png
KAR-SET-077_2017,S2A_MSIL2A_20170124T051101_R019_T44RNT_20210207T175513,ESA Copernicus Sentinel-2,"Copernicus Sentinel data terms (free, attribution)",2017-01-24,2017,Sentinel-2A / Planetary Computer sentinel-2-l2a,10 m,"4 km window centred 82.077602,29.732567",EPSG:32644,NA (streamed; not stored),NA,chip cloud/shadow fraction 0.0; chip no-data fraction 0.0; scene cloud cover 1.793391; sun elevation None,displayed in figure,epoch 2017; true colour; figure outputs/figures/karnali_79/imagery_timeseries/KAR-SET-077_chankheli_timeseries_1972_2026.png
KAR-SET-077_2022,S2B_MSIL2A_20221129T051149_R019_T44RPT_20221130T153301,ESA Copernicus Sentinel-2,"Copernicus Sentinel data terms (free, attribution)",2022-11-29,2022,Sentinel-2B / Planetary Computer sentinel-2-l2a,10 m,"4 km window centred 82.077602,29.732567",EPSG:32644,NA (streamed; not stored),NA,chip cloud/shadow fraction 0.0; chip no-data fraction 0.0; scene cloud cover 0.000796; sun elevation None,displayed in figure,epoch 2022; true colour; figure outputs/figures/karnali_79/imagery_timeseries/KAR-SET-077_chankheli_timeseries_1972_2026.png
KAR-SET-077_2026,S2B_MSIL2A_20260422T050649_R019_T44RNT_20260422T085212,ESA Copernicus Sentinel-2,"Copernicus Sentinel data terms (free, attribution)",2026-04-22,2026,Sentinel-2B / Planetary Computer sentinel-2-l2a,10 m,"4 km window centred 82.077602,29.732567",EPSG:32644,NA (streamed; not stored),NA,chip cloud/shadow fraction 0.0; chip no-data fraction 0.0; scene cloud cover 0.0; sun elevation None,displayed in figure,epoch 2026; true colour; figure outputs/figures/karnali_79/imagery_timeseries/KAR-SET-077_chankheli_timeseries_1972_2026.png
KAR-SET-078_1972,LM01_L1TP_154039_19721111_02_T2,USGS Landsat Collection 2,Public domain (USGS),1972-11-11,1972,landsat-1 / Planetary Computer landsat-c2-l1,60 m,"4 km window centred 81.752051,29.637849",EPSG:32644,NA (streamed; not stored),NA,chip cloud/shadow fraction 0.0; chip no-data fraction 0.0; scene cloud cover 63.0; sun elevation 36.70955405,displayed in figure,"epoch 1972; false colour (NIR-red-green): vegetation red, water dark; figure outputs/figures/karnali_79/imagery_timeseries/KAR-SET-078_tanjakot_timeseries_1972_2026.png"
KAR-SET-078_1977,LM02_L1TP_154040_19770323_02_T2,USGS Landsat Collection 2,Public domain (USGS),1977-03-23,1977,landsat-2 / Planetary Computer landsat-c2-l1,60 m,"4 km window centred 81.752051,29.637849",EPSG:32644,NA (streamed; not stored),NA,chip cloud/shadow fraction 0.0; chip no-data fraction 0.0; scene cloud cover 2.0; sun elevation 44.22210613,displayed in figure,"epoch 1977; false colour (NIR-red-green): vegetation red, water dark; figure outputs/figures/karnali_79/imagery_timeseries/KAR-SET-078_tanjakot_timeseries_1972_2026.png"
KAR-SET-078_1987,LT05_L2SP_143040_19891216_02_T1,USGS Landsat Collection 2,Public domain (USGS),1989-12-16,1989,landsat-5 / Planetary Computer landsat-c2-l2,30 m,"4 km window centred 81.752051,29.637849",EPSG:32644,NA (streamed; not stored),NA,chip cloud/shadow fraction 0.0; chip no-data fraction 0.0; scene cloud cover 3.0; sun elevation 30.12336886,displayed in figure,epoch 1987; true colour; figure outputs/figures/karnali_79/imagery_timeseries/KAR-SET-078_tanjakot_timeseries_1972_2026.png
KAR-SET-078_1992,LT05_L2SP_144039_19931031_02_T1,USGS Landsat Collection 2,Public domain (USGS),1993-10-31,1993,landsat-5 / Planetary Computer landsat-c2-l2,30 m,"4 km window centred 81.752051,29.637849",EPSG:32644,NA (streamed; not stored),NA,chip cloud/shadow fraction 0.0; chip no-data fraction 0.0; scene cloud cover 2.0; sun elevation 38.3001608,displayed in figure,epoch 1992; true colour; figure outputs/figures/karnali_79/imagery_timeseries/KAR-SET-078_tanjakot_timeseries_1972_2026.png
KAR-SET-078_1997,LT05_L2SP_144039_19970212_02_T1,USGS Landsat Collection 2,Public domain (USGS),1997-02-12,1997,landsat-5 / Planetary Computer landsat-c2-l2,30 m,"4 km window centred 81.752051,29.637849",EPSG:32644,NA (streamed; not stored),NA,chip cloud/shadow fraction 0.0008; chip no-data fraction 0.0; scene cloud cover 4.0; sun elevation 34.95886945,displayed in figure,epoch 1997; true colour; figure outputs/figures/karnali_79/imagery_timeseries/KAR-SET-078_tanjakot_timeseries_1972_2026.png
KAR-SET-078_2002,LE07_L2SP_144039_20011013_02_T1,USGS Landsat Collection 2,Public domain (USGS),2001-10-13,2001,landsat-7 / Planetary Computer landsat-c2-l2,30 m,"4 km window centred 81.752051,29.637849",EPSG:32644,NA (streamed; not stored),NA,chip cloud/shadow fraction 0.0; chip no-data fraction 0.0; scene cloud cover 2.0; sun elevation 46.59204884,displayed in figure,epoch 2002; true colour; figure outputs/figures/karnali_79/imagery_timeseries/KAR-SET-078_tanjakot_timeseries_1972_2026.png
KAR-SET-078_2007,LT05_L2SP_143040_20070305_02_T1,USGS Landsat Collection 2,Public domain (USGS),2007-03-05,2007,landsat-5 / Planetary Computer landsat-c2-l2,30 m,"4 km window centred 81.752051,29.637849",EPSG:32644,NA (streamed; not stored),NA,chip cloud/shadow fraction 0.0341; chip no-data fraction 0.0; scene cloud cover 4.0; sun elevation 46.51475575,displayed in figure,epoch 2007; true colour; figure outputs/figures/karnali_79/imagery_timeseries/KAR-SET-078_tanjakot_timeseries_1972_2026.png
KAR-SET-078_2012,LT05_L2SP_144039_20101115_02_T1,USGS Landsat Collection 2,Public domain (USGS),2010-11-15,2010,landsat-5 / Planetary Computer landsat-c2-l2,30 m,"4 km window centred 81.752051,29.637849",EPSG:32644,NA (streamed; not stored),NA,chip cloud/shadow fraction 0.0; chip no-data fraction 0.0; scene cloud cover 2.0; sun elevation 37.29259237,displayed in figure,epoch 2012; true colour; figure outputs/figures/karnali_79/imagery_timeseries/KAR-SET-078_tanjakot_timeseries_1972_2026.png
KAR-SET-078_2017,S2A_MSIL2A_20170124T051101_R019_T44RNT_20210207T175513,ESA Copernicus Sentinel-2,"Copernicus Sentinel data terms (free, attribution)",2017-01-24,2017,Sentinel-2A / Planetary Computer sentinel-2-l2a,10 m,"4 km window centred 81.752051,29.637849",EPSG:32644,NA (streamed; not stored),NA,chip cloud/shadow fraction 0.0; chip no-data fraction 0.0; scene cloud cover 1.793391; sun elevation None,displayed in figure,epoch 2017; true colour; figure outputs/figures/karnali_79/imagery_timeseries/KAR-SET-078_tanjakot_timeseries_1972_2026.png
KAR-SET-078_2022,S2B_MSIL2A_20220314T050649_R019_T44RNT_20220314T143917,ESA Copernicus Sentinel-2,"Copernicus Sentinel data terms (free, attribution)",2022-03-14,2022,Sentinel-2B / Planetary Computer sentinel-2-l2a,10 m,"4 km window centred 81.752051,29.637849",EPSG:32644,NA (streamed; not stored),NA,chip cloud/shadow fraction 0.0; chip no-data fraction 0.0; scene cloud cover 0.000892; sun elevation None,displayed in figure,epoch 2022; true colour; figure outputs/figures/karnali_79/imagery_timeseries/KAR-SET-078_tanjakot_timeseries_1972_2026.png
KAR-SET-078_2026,S2B_MSIL2A_20260422T050649_R019_T44RNT_20260422T085212,ESA Copernicus Sentinel-2,"Copernicus Sentinel data terms (free, attribution)",2026-04-22,2026,Sentinel-2B / Planetary Computer sentinel-2-l2a,10 m,"4 km window centred 81.752051,29.637849",EPSG:32644,NA (streamed; not stored),NA,chip cloud/shadow fraction 0.0; chip no-data fraction 0.0; scene cloud cover 0.0; sun elevation None,displayed in figure,epoch 2026; true colour; figure outputs/figures/karnali_79/imagery_timeseries/KAR-SET-078_tanjakot_timeseries_1972_2026.png
KAR-SET-079_1972,LM01_L1TP_154039_19721111_02_T2,USGS Landsat Collection 2,Public domain (USGS),1972-11-11,1972,landsat-1 / Planetary Computer landsat-c2-l1,60 m,"4 km window centred 81.863622,29.658131",EPSG:32644,NA (streamed; not stored),NA,chip cloud/shadow fraction 0.0; chip no-data fraction 0.0; scene cloud cover 63.0; sun elevation 36.70955405,displayed in figure,"epoch 1972; false colour (NIR-red-green): vegetation red, water dark; figure outputs/figures/karnali_79/imagery_timeseries/KAR-SET-079_adanchuli_timeseries_1972_2026.png"
KAR-SET-079_1977,LM02_L1TP_154040_19770305_02_T2,USGS Landsat Collection 2,Public domain (USGS),1977-03-05,1977,landsat-2 / Planetary Computer landsat-c2-l1,60 m,"4 km window centred 81.863622,29.658131",EPSG:32644,NA (streamed; not stored),NA,chip cloud/shadow fraction 0.0; chip no-data fraction 0.0; scene cloud cover 4.0; sun elevation 38.64618628,displayed in figure,"epoch 1977; false colour (NIR-red-green): vegetation red, water dark; figure outputs/figures/karnali_79/imagery_timeseries/KAR-SET-079_adanchuli_timeseries_1972_2026.png"
KAR-SET-079_1987,LT05_L2SP_143039_19871227_02_T1,USGS Landsat Collection 2,Public domain (USGS),1987-12-27,1987,landsat-5 / Planetary Computer landsat-c2-l2,30 m,"4 km window centred 81.863622,29.658131",EPSG:32644,NA (streamed; not stored),NA,chip cloud/shadow fraction 0.0; chip no-data fraction 0.0; scene cloud cover 4.0; sun elevation 29.0954728,displayed in figure,epoch 1987; true colour; figure outputs/figures/karnali_79/imagery_timeseries/KAR-SET-079_adanchuli_timeseries_1972_2026.png
KAR-SET-079_1992,LT05_L2SP_143040_19931109_02_T1,USGS Landsat Collection 2,Public domain (USGS),1993-11-09,1993,landsat-5 / Planetary Computer landsat-c2-l2,30 m,"4 km window centred 81.863622,29.658131",EPSG:32644,NA (streamed; not stored),NA,chip cloud/shadow fraction 0.0; chip no-data fraction 0.0; scene cloud cover 1.0; sun elevation 36.95505603,displayed in figure,epoch 1992; true colour; figure outputs/figures/karnali_79/imagery_timeseries/KAR-SET-079_adanchuli_timeseries_1972_2026.png
KAR-SET-079_1997,LT05_L2SP_143040_19970309_02_T1,USGS Landsat Collection 2,Public domain (USGS),1997-03-09,1997,landsat-5 / Planetary Computer landsat-c2-l2,30 m,"4 km window centred 81.863622,29.658131",EPSG:32644,NA (streamed; not stored),NA,chip cloud/shadow fraction 0.0003; chip no-data fraction 0.0; scene cloud cover 4.0; sun elevation 43.65029989,displayed in figure,epoch 1997; true colour; figure outputs/figures/karnali_79/imagery_timeseries/KAR-SET-079_adanchuli_timeseries_1972_2026.png
KAR-SET-079_2002,LE07_L2SP_143040_20021025_02_T1,USGS Landsat Collection 2,Public domain (USGS),2002-10-25,2002,landsat-7 / Planetary Computer landsat-c2-l2,30 m,"4 km window centred 81.863622,29.658131",EPSG:32644,NA (streamed; not stored),NA,chip cloud/shadow fraction 0.0; chip no-data fraction 0.0; scene cloud cover 3.0; sun elevation 44.11022116,displayed in figure,epoch 2002; true colour; figure outputs/figures/karnali_79/imagery_timeseries/KAR-SET-079_adanchuli_timeseries_1972_2026.png
KAR-SET-079_2007,LT05_L2SP_143040_20081102_02_T1,USGS Landsat Collection 2,Public domain (USGS),2008-11-02,2008,landsat-5 / Planetary Computer landsat-c2-l2,30 m,"4 km window centred 81.863622,29.658131",EPSG:32644,NA (streamed; not stored),NA,chip cloud/shadow fraction 0.0; chip no-data fraction 0.0; scene cloud cover 1.0; sun elevation 41.15988239,displayed in figure,epoch 2007; true colour; figure outputs/figures/karnali_79/imagery_timeseries/KAR-SET-079_adanchuli_timeseries_1972_2026.png
KAR-SET-079_2012,LC08_L2SP_143039_20131218_02_T1,USGS Landsat Collection 2,Public domain (USGS),2013-12-18,2013,landsat-8 / Planetary Computer landsat-c2-l2,30 m,"4 km window centred 81.863622,29.658131",EPSG:32644,NA (streamed; not stored),NA,chip cloud/shadow fraction 0.0; chip no-data fraction 0.0; scene cloud cover 2.55; sun elevation 32.68821874,displayed in figure,epoch 2012; true colour; figure outputs/figures/karnali_79/imagery_timeseries/KAR-SET-079_adanchuli_timeseries_1972_2026.png
KAR-SET-079_2017,S2A_MSIL2A_20170124T051101_R019_T44RNT_20210207T175513,ESA Copernicus Sentinel-2,"Copernicus Sentinel data terms (free, attribution)",2017-01-24,2017,Sentinel-2A / Planetary Computer sentinel-2-l2a,10 m,"4 km window centred 81.863622,29.658131",EPSG:32644,NA (streamed; not stored),NA,chip cloud/shadow fraction 0.0009; chip no-data fraction 0.0; scene cloud cover 1.793391; sun elevation None,displayed in figure,epoch 2017; true colour; figure outputs/figures/karnali_79/imagery_timeseries/KAR-SET-079_adanchuli_timeseries_1972_2026.png
KAR-SET-079_2022,S2B_MSIL2A_20220314T050649_R019_T44RNT_20220314T143917,ESA Copernicus Sentinel-2,"Copernicus Sentinel data terms (free, attribution)",2022-03-14,2022,Sentinel-2B / Planetary Computer sentinel-2-l2a,10 m,"4 km window centred 81.863622,29.658131",EPSG:32644,NA (streamed; not stored),NA,chip cloud/shadow fraction 0.0033; chip no-data fraction 0.0; scene cloud cover 0.000892; sun elevation None,displayed in figure,epoch 2022; true colour; figure outputs/figures/karnali_79/imagery_timeseries/KAR-SET-079_adanchuli_timeseries_1972_2026.png
KAR-SET-079_2026,S2B_MSIL2A_20260422T050649_R019_T44RNT_20260422T085212,ESA Copernicus Sentinel-2,"Copernicus Sentinel data terms (free, attribution)",2026-04-22,2026,Sentinel-2B / Planetary Computer sentinel-2-l2a,10 m,"4 km window centred 81.863622,29.658131",EPSG:32644,NA (streamed; not stored),NA,chip cloud/shadow fraction 0.0; chip no-data fraction 0.0; scene cloud cover 0.0; sun elevation None,displayed in figure,epoch 2026; true colour; figure outputs/figures/karnali_79/imagery_timeseries/KAR-SET-079_adanchuli_timeseries_1972_2026.png
