{
"type": "FeatureCollection",
"name": "karnali_79_local_levels",
"crs": { "type": "name", "properties": { "name": "urn:ogc:def:crs:OGC:1.3:CRS84" } },
"features": [
{"type":"Feature","properties":{"adm3_pcode":"NP0652301","adm3_name":"Aathabisakot","adm2_name":"Rukum West","local_level_type":"urban municipality"},"geometry":{"type":"Polygon","coordinates":[[[82.583369167,28.987510411000017],[82.588527855,28.986797804999981],[82.591106962000026,28.982604856000023],[82.593392186000017,28.980853739],[82.599319099000013,28.982476428999973],[82.612604455,28.977566395],[82.614799330999972,28.978222804999973],[82.629630647,28.97100832000001],[82.637515021000013,28.964254251],[82.640396908000014,28.962799303],[82.647450699999979,28.962827531000016],[82.652819060000013,28.96472418899998],[82.655542524,28.963625955],[82.661583469,28.962923736999983],[82.666127717999984,28.963327581999977],[82.666956372000016,28.962480922],[82.66680115600002,28.958658583999977],[82.670691638,28.945407553],[82.675575660999982,28.939126707000014],[82.67808293600001,28.933253162000028],[82.684623392,28.925226625999983],[82.684740463000026,28.920802411000011],[82.686380311999983,28.917186957000013],[82.690061254999989,28.913769515000013],[82.694821138,28.912304658999972],[82.699631873999977,28.908394905000023],[82.700152699,28.901028779],[82.693230147,28.894127497999989],[82.690830899,28.888278125999989],[82.691629825,28.886488241],[82.694820585,28.886230437],[82.697378024999978,28.887585977000015],[82.698120183000015,28.887054099000011],[82.699639585999989,28.881529132000026],[82.69817038399998,28.876480513],[82.69822727899998,28.871913559],[82.696678212999984,28.869992649999972],[82.695559719000016,28.864658750999979],[82.692373308000015,28.863010603000021],[82.685326609000015,28.861322652000013],[82.67990045099998,28.85587426],[82.673529441000028,28.85250285],[82.669315579,28.8523553],[82.66544095,28.85378311],[82.657054996999989,28.861670942999979],[82.655593572999976,28.864732952],[82.655961736,28.866608722000024],[82.648476701,28.869150311],[82.642099447000021,28.865635165000015],[82.637859318999972,28.85995137499998],[82.63664713999998,28.855164172],[82.629808039000011,28.853339987000027],[82.628274116999989,28.850408046999974],[82.624614996999981,28.846759640000016],[82.624408570000014,28.844465911999976],[82.626335795999978,28.841846619000023],[82.625937841,28.839135864000013],[82.617561056999989,28.828494405000015],[82.613566075,28.826509153000018],[82.613829015000022,28.824497655000016],[82.61900231300001,28.814899240999978],[82.619973629000015,28.811156039000025],[82.619617716999983,28.809009606000018],[82.618944698,28.808249353],[82.613156627000023,28.807319351999979],[82.612368762000017,28.805854163],[82.60524763,28.801179487000013],[82.60301324400001,28.798025682],[82.596117107999987,28.7919432],[82.591543985999976,28.79154816800002],[82.589583151,28.790275881000014],[82.589377706,28.785640993000015],[82.588076960000024,28.784817549000024],[82.586866927000017,28.782086968999977],[82.581335390999982,28.780657642999984],[82.577033555000014,28.776446404000012],[82.572009279999975,28.774180725],[82.569652217999987,28.771216837999987],[82.566940284999987,28.770610728],[82.567233602999977,28.768301883],[82.566643198,28.767506196999989],[82.565831694,28.766972045999978],[82.561808408,28.767917149000027],[82.564591091000011,28.764798040000016],[82.564772898,28.763791761],[82.56315792800001,28.760643964],[82.56359540699998,28.758625407000011],[82.567026038999984,28.75685962],[82.566708317,28.751145267000027],[82.565247283000019,28.746977317000017],[82.566000585999973,28.745390660999988],[82.565479698,28.743217540999979],[82.560553868,28.739806718000011],[82.553581818999987,28.739497705000019],[82.54823152,28.740705702000014],[82.531634009000015,28.741232406],[82.527646761000028,28.743200914999989],[82.520642496,28.744583745999989],[82.513874542999986,28.747613116000025],[82.510663169,28.747433398],[82.508098985,28.74579694800002],[82.501654379,28.748021772000016],[82.490427458,28.744981385000017],[82.485170778999986,28.745797106999987],[82.482741944999987,28.74456518300002],[82.480203702999972,28.745829029],[82.473190687,28.747292791],[82.462747931000024,28.756286182],[82.461628895,28.762819002000015],[82.459877907000021,28.76482954],[82.458561829000018,28.765215921999982],[82.454726549999975,28.770977211],[82.449289304999979,28.773291229],[82.446685718000026,28.779963824999982],[82.443961917000024,28.77909530300002],[82.441591656000014,28.776842537],[82.441535250000015,28.775625212000023],[82.438712751000025,28.775950765],[82.436007596000024,28.773809734],[82.438691423000023,28.773650350000025],[82.440696865,28.772273383000027],[82.445700208,28.771112501],[82.442584623000016,28.768258718000027],[82.438703595999982,28.761238119999973],[82.438400538999986,28.759813559],[82.439324173999978,28.759269185999983],[82.44000932900002,28.756086114000027],[82.433057868999981,28.750988106000023],[82.430246706,28.750043463],[82.424769038000022,28.745335378],[82.421613972999978,28.744951367999988],[82.420386431999987,28.746015312999987],[82.416929446999973,28.746820749999983],[82.408920723999984,28.746685706999983],[82.407886210000015,28.744883045],[82.405331507000028,28.744174322],[82.405718287000013,28.743148486],[82.404434913999978,28.742343103999985],[82.403527957,28.73992331300002],[82.404285485,28.736383213000011],[82.40383351700001,28.734637616999976],[82.399760042000025,28.729444722999972],[82.387726604000022,28.733073897999986],[82.379118702000028,28.730153101999974],[82.373076906999984,28.729607814000019],[82.370771771000022,28.730183851999982],[82.365975467,28.727760253999975],[82.353286602000026,28.725736128],[82.350885399,28.723818021],[82.349035072999982,28.718008027999986],[82.346057066000014,28.716587365],[82.344420844000012,28.716941996],[82.337642916999982,28.72201211700002],[82.334848367,28.721584053000015],[82.326316374999976,28.72281837700001],[82.324227891000021,28.720443376999981],[82.320789822999984,28.718886844999986],[82.315268388999982,28.712061080000012],[82.31027075999998,28.708405844000026],[82.304899342999988,28.70949310200001],[82.302984738000021,28.708909316000017],[82.299931131999983,28.709994358000017],[82.294319866000023,28.714733027000023],[82.288031041000011,28.710949533000019],[82.280816753000011,28.705081217999975],[82.279746676,28.700295894000021],[82.277680541999985,28.702374796000015],[82.275972231000026,28.704646562999983],[82.276104925000027,28.706673127999977],[82.281527369,28.710433860000023],[82.283727015000011,28.713415242999986],[82.285455142999979,28.717377715999987],[82.285690515999988,28.722443813999973],[82.288906441,28.726471053000012],[82.288469964,28.72839249499998],[82.284548593000011,28.729871113],[82.282981697000025,28.732270181999979],[82.285434999000017,28.735129641000015],[82.288966249999987,28.736192158],[82.290013696000017,28.738130995],[82.288796280999975,28.742362836999973],[82.284571015999973,28.747027032],[82.283809209000026,28.748931283],[82.287213814999973,28.751955241000019],[82.289684576000013,28.756803768999987],[82.284877240000014,28.759448016000022],[82.283320775,28.762155995],[82.284207346000017,28.765307654000026],[82.287284506,28.767784345999985],[82.288225829999988,28.770373808999977],[82.29350111399998,28.77699996299998],[82.293265457000018,28.783678781],[82.294178494999983,28.784998546999987],[82.303886282,28.786098338999977],[82.306934652,28.787609431000021],[82.312589361999983,28.785562954],[82.31665248500002,28.786269947999983],[82.324439821,28.785307401000011],[82.329687595,28.786094906000017],[82.335730749999982,28.78409093],[82.340311207000013,28.786551519999989],[82.345105185000023,28.786379795000016],[82.347086570999977,28.791385424],[82.349207755,28.792859695],[82.351067809000028,28.793244812000012],[82.35600942100001,28.791451737999978],[82.357516958000019,28.791903467999987],[82.358955601,28.79385130999998],[82.361708345000011,28.794304058000023],[82.364076808999982,28.795728274],[82.364395688,28.799866147999978],[82.36840414400001,28.803078160999974],[82.36876171,28.810154576],[82.373891592,28.815939806000017],[82.375410896,28.821978209],[82.379251515000021,28.824413290999985],[82.382097365999982,28.825114956],[82.383729272999972,28.828242440999986],[82.386953811000012,28.829531182999972],[82.388138934999972,28.830919572000028],[82.388968190000014,28.834632678999981],[82.393647161999979,28.835572349000017],[82.39832435400001,28.838101998000013],[82.400189716,28.841874115999985],[82.405667806,28.84405912],[82.411760279000021,28.844773643999986],[82.416901869000014,28.849320987999988],[82.420902572999978,28.849488657],[82.424298259000011,28.848406308],[82.430671839000013,28.851291260999972],[82.434415500999989,28.855363254],[82.435477864,28.858232192],[82.437966507999988,28.859274758000026],[82.443223177999982,28.865339964999976],[82.452020774,28.869776748],[82.455437053000026,28.873411839000028],[82.46198444800001,28.874908548],[82.463457131999974,28.871198100000015],[82.466268607000018,28.86891429100001],[82.468057257,28.867965592000019],[82.471109151,28.86821199000002],[82.473780522000027,28.869087262],[82.476473049,28.871405713],[82.482540909000022,28.871697776000019],[82.487384787,28.87307434600001],[82.496696228000019,28.878639222],[82.49830971,28.881204196999988],[82.498571605999985,28.884732312999972],[82.500897380000026,28.886571678],[82.501169989,28.88869261100001],[82.507366967,28.894860073000018],[82.506824379000022,28.900043897999979],[82.50806554899998,28.905148196000027],[82.507632457,28.909710706],[82.504286689000025,28.921253028000024],[82.507650794000028,28.924477281],[82.512586823999982,28.927053492000027],[82.515984046000028,28.930568904999973],[82.515454647000013,28.938682648999986],[82.514344827,28.940449968],[82.513152556000023,28.949898390999977],[82.51713966,28.952060189],[82.520248239000011,28.958468332],[82.52781878899998,28.964099799999985],[82.528446106,28.965917766000018],[82.530860999000026,28.96746441],[82.532486823,28.971526122],[82.535669229,28.97345311700002],[82.53563195800001,28.974778931],[82.541906794999989,28.981153312],[82.54623061,28.983029327999986],[82.551895686000023,28.987698357],[82.555641967999975,28.988823559000025],[82.562181893,28.98879666],[82.567101374,28.987570286],[82.573246563999987,28.989496449],[82.574721129000011,28.991986305000012],[82.583369167,28.987510411000017]]]}},
{"type":"Feature","properties":{"adm3_pcode":"NP0652302","adm3_name":"Chaurjahari","adm2_name":"Rukum West","local_level_type":"urban municipality"},"geometry":{"type":"Polygon","coordinates":[[[82.233523671,28.691492903999972],[82.237151004999987,28.690834955000014],[82.240357302,28.688480030999983],[82.241399874000024,28.68372236099998],[82.244218166,28.681192696999972],[82.249862980999978,28.680195559000026],[82.254875572,28.682438676],[82.256187317000013,28.67988218],[82.261113885999976,28.677233307999984],[82.267083464999985,28.67653021000001],[82.270746175,28.672189850999985],[82.275360477,28.676078061],[82.27821408,28.676590241999975],[82.278385911999976,28.670994635],[82.284103156000015,28.669979624],[82.289372346999983,28.665073216],[82.292144155000017,28.665245304],[82.293927004000011,28.663762091000024],[82.297940723000011,28.663078588000019],[82.298914455999977,28.660279047000017],[82.30370923800001,28.657269080999981],[82.304765692999979,28.655386645000021],[82.308791688999975,28.653150911000012],[82.311437032000015,28.64909001],[82.320187971,28.645783943000026],[82.32084304,28.644040738],[82.320009339000023,28.640812085],[82.312160746000018,28.632556043000022],[82.312119221999978,28.630760957],[82.319116043,28.633120093],[82.319825671,28.627771844999984],[82.319096632000026,28.625178198000015],[82.321989909000024,28.619468078000011],[82.327525031999983,28.616326072999982],[82.332523783999989,28.616784542],[82.335240930999987,28.615970532],[82.336431421999976,28.614449814000011],[82.337276932,28.607895679000023],[82.340382279999972,28.606872507],[82.351624687000026,28.607318067999984],[82.353803399000014,28.606942195999977],[82.355359653,28.605478542000014],[82.356252908999977,28.602088429],[82.355937123999979,28.599590092000028],[82.354416744,28.597471513000016],[82.355440476000012,28.59440487400002],[82.355453598999986,28.591088991999982],[82.352317621,28.579287342999976],[82.349980390999974,28.581757956999979],[82.346785604,28.583465628],[82.344641147,28.586642555000026],[82.339871239,28.589509283999973],[82.338303908,28.588437546000023],[82.337329705,28.589656170000012],[82.328689171,28.590562148],[82.327714089999972,28.5918732],[82.325470511,28.59230112900002],[82.32239301300001,28.591088319999983],[82.320022083000026,28.591190400000016],[82.318551888,28.592212973000017],[82.314565494000021,28.591985498999975],[82.312162587999978,28.594356870000013],[82.307276091,28.592809316],[82.305696528999988,28.594193728],[82.305038003999982,28.596897781999985],[82.297445528000026,28.597212018],[82.292353602999981,28.593281678999972],[82.28642634800002,28.596378684],[82.279866482999978,28.596546696000019],[82.277000698999984,28.595689546000017],[82.272398813999985,28.592856803000018],[82.264048871999989,28.596713138999974],[82.259365507999973,28.596668761999979],[82.256778804000021,28.599494277000019],[82.249582573,28.600503641999978],[82.237235638000016,28.609653057],[82.227543143,28.609405063999986],[82.221023694,28.607129365999981],[82.219967884000027,28.608000521],[82.219812440999988,28.609371142999976],[82.213530719,28.613309501],[82.20717498099998,28.618642293],[82.204340218000027,28.619899136000015],[82.20196468,28.622417244000019],[82.192508004,28.623457198999972],[82.188638793999985,28.62266334100002],[82.184618644000011,28.623052685],[82.189939080999977,28.627963997999984],[82.191179854999973,28.631095351],[82.190623655000024,28.632440094],[82.18680875299998,28.634796885000014],[82.18639887400002,28.638021644],[82.187882208000019,28.639418412999987],[82.190850888999989,28.638300620999985],[82.191962663000027,28.639055505999977],[82.192382366,28.648525764],[82.19369031399998,28.651911222000024],[82.193903396999985,28.655944728],[82.198061371999984,28.663854747000016],[82.194433522999987,28.668747806],[82.195175646,28.673521001999973],[82.197496159000025,28.676051615],[82.198705691999976,28.678892121],[82.19638970699998,28.68149084800001],[82.196568533,28.682820102999983],[82.199447249,28.683811928000011],[82.203030722999983,28.682625214999973],[82.204614355999979,28.680750223000018],[82.206294771999978,28.676444957],[82.208573162,28.675781801000028],[82.210422943000026,28.677443488],[82.212126126999976,28.681916973999989],[82.216482192,28.686948637],[82.22169788399998,28.689040020999983],[82.227146108,28.68768916099998],[82.228691635000018,28.688387933],[82.230564398000013,28.690818299],[82.233523671,28.691492903999972]]]}},
{"type":"Feature","properties":{"adm3_pcode":"NP0652303","adm3_name":"Musikot","adm2_name":"Rukum West","local_level_type":"urban municipality"},"geometry":{"type":"Polygon","coordinates":[[[82.484359644,28.673600302000011],[82.495492413000022,28.668912587000023],[82.500637540000014,28.668336903000011],[82.501282278000019,28.66768541],[82.500678172,28.664381142000025],[82.500008544000025,28.662736221999978],[82.498370847999979,28.661666982999975],[82.494610591000026,28.66259334199998],[82.489958779,28.659507182000027],[82.489346625,28.655546475],[82.490926329,28.653291579999973],[82.490928232999977,28.651755534000017],[82.485696905,28.640571485],[82.488960355000017,28.639655993000019],[82.494212522,28.636232885000027],[82.506802049999976,28.630552718999979],[82.508239472000014,28.627701753],[82.517647945000022,28.624613426],[82.528025666000019,28.624618267000017],[82.534674793000022,28.623230993999982],[82.539965188,28.620682930999976],[82.543699828,28.622861349],[82.543441550000011,28.626178789999983],[82.547853937000014,28.627033652000023],[82.549229592000017,28.625503251],[82.551374183,28.625167626],[82.546846038000012,28.622256826000012],[82.54566945900001,28.618387164000012],[82.550835372999984,28.615769668999974],[82.553313670000023,28.615414988],[82.560734516000025,28.610112148999974],[82.565263023999989,28.610379003999981],[82.568624022,28.60963856],[82.57436670300001,28.611767449000013],[82.577632271000027,28.614481373999979],[82.579826937,28.613230021],[82.580492239000023,28.612368548],[82.580197107,28.608246797],[82.578579817,28.602128522999976],[82.580899550000026,28.599750589],[82.580376338,28.598150415000021],[82.581087049000018,28.591905374000021],[82.579031181,28.589759104],[82.580600491999974,28.588530427000023],[82.580875794,28.587155119999977],[82.579899894,28.585518630000024],[82.577223908,28.584080847],[82.575003732000027,28.57956673000001],[82.56674376,28.577733836999982],[82.56108886200002,28.579649889],[82.556780385000025,28.579574770000022],[82.553301504,28.581574472],[82.547029133000024,28.576696328000025],[82.54408035199998,28.572967813999981],[82.539957693000019,28.571304030000022],[82.537440904,28.571446106],[82.53487514699998,28.57042359899998],[82.53291636900002,28.566074094999976],[82.530238517999976,28.564096297999981],[82.528939181999988,28.558181634],[82.52584241,28.557981953000024],[82.522368299999982,28.555971989999989],[82.521200756999974,28.553900623],[82.516535803000011,28.554530224000018],[82.514400092000017,28.552843947999975],[82.50826642200002,28.551270526],[82.499677846,28.553938904],[82.494985983999982,28.553763974999981],[82.49348355,28.557675844000016],[82.485810862,28.562974931999975],[82.484528263000016,28.567520370000011],[82.482632955999975,28.567554588],[82.481734427,28.56888845200001],[82.479568463000021,28.56930007],[82.47916618,28.570587882999973],[82.476974153000015,28.571153048999975],[82.477434615,28.57320286800001],[82.476037921,28.576930753999989],[82.473409872,28.578438952999988],[82.470485334999978,28.578204492999987],[82.468871103000026,28.578894155],[82.463614172,28.576528420999978],[82.45948079599998,28.576363249999986],[82.456065530999979,28.575184245],[82.452078117999974,28.575966801999982],[82.449124972999982,28.578296795000028],[82.445544407999989,28.577637988999982],[82.440715969999985,28.579207398999984],[82.434693356000025,28.578790786000013],[82.429461797999977,28.576306188],[82.428326927,28.577563242],[82.433897295,28.581045754],[82.434633860000019,28.585562663000019],[82.433346257999972,28.586952140999983],[82.433245246000013,28.588265955999987],[82.429992562999985,28.588205539],[82.424536036,28.592284709000012],[82.426111390000017,28.595349263],[82.42445260300002,28.599271128],[82.424588982999978,28.601374125],[82.412179658000014,28.601594171999977],[82.411977232000027,28.605809717999989],[82.413676373999976,28.609299422],[82.412800593999975,28.610465676999979],[82.409321692,28.610359824],[82.407870936,28.611207160999982],[82.405125823,28.61035145],[82.40393459400002,28.611205166],[82.402654466,28.610568768],[82.40012873500001,28.611167801000022],[82.398931217999973,28.610683952999977],[82.396358411999984,28.612217212000019],[82.393609966999975,28.609164389],[82.389876992999973,28.608056810999983],[82.38641394299998,28.609055419000015],[82.383674574,28.611882617999981],[82.38277158,28.614711407000016],[82.379747268000017,28.613215125000011],[82.377848998,28.614608094],[82.374454784000022,28.613945543],[82.374327531,28.611632566000026],[82.37063060700001,28.611020444000019],[82.367323746000011,28.614139482999974],[82.368632209,28.616582653000023],[82.36799628,28.620716825999978],[82.371580434,28.626583464000021],[82.372764817000018,28.630866148999985],[82.37437236300002,28.630139364],[82.378191094999977,28.630231349999974],[82.383013791,28.631578422000018],[82.386084116,28.638672503],[82.390894697000022,28.642944866999983],[82.391665951999983,28.646990255999981],[82.400317178000023,28.645874799000012],[82.405532128,28.644208030000016],[82.411123738000015,28.644623573],[82.416051214999982,28.643606802000022],[82.42021596,28.640497837],[82.421569858999987,28.642730213999982],[82.431031624000013,28.646852974000012],[82.434321468,28.654676553],[82.441510413,28.658955703],[82.449146276000022,28.6709459],[82.451237735,28.671327209000026],[82.460317050000015,28.668992119999984],[82.462400891000016,28.672368715],[82.465136249000011,28.670214392],[82.46772715100002,28.670046507999984],[82.470311596999977,28.670972522999989],[82.473411997000028,28.670526048],[82.479252407,28.673155517999987],[82.484359644,28.673600302000011]]]}},
{"type":"Feature","properties":{"adm3_pcode":"NP0652401","adm3_name":"Sanibheri","adm2_name":"Rukum West","local_level_type":"rural municipality"},"geometry":{"type":"Polygon","coordinates":[[[82.387357093,28.73304389499998],[82.400264729000014,28.729250060000027],[82.405426735999981,28.724899725],[82.402851895000026,28.721732541],[82.40018683400001,28.720957198],[82.399477274,28.719313463999981],[82.402504465999982,28.717222763],[82.403061161999972,28.712780306000013],[82.406865362000019,28.708024425000019],[82.406700624,28.705274363],[82.407808154,28.702344149],[82.410814354000024,28.699976099000025],[82.410088413999972,28.698734079000019],[82.410698163,28.694509851000021],[82.416744729000015,28.690609987000016],[82.416807748999986,28.685791430999984],[82.41533388900001,28.685703106],[82.409413382000025,28.682237212000018],[82.40085545300002,28.673714307000012],[82.400154277000013,28.671472752999989],[82.40063356600001,28.669293397999979],[82.399327039000013,28.666864101999977],[82.399294371,28.66271873300002],[82.40712647700002,28.663848808000012],[82.40649304599998,28.661466706],[82.411914716000013,28.659862995000026],[82.41480637,28.654202934000011],[82.418770833,28.654179494],[82.420060025999987,28.651314964],[82.420013923999988,28.64376603300002],[82.420987632999982,28.642309994000016],[82.42021596,28.640497837],[82.416051214999982,28.643606802000022],[82.411123738000015,28.644623573],[82.405532128,28.644208030000016],[82.400317178000023,28.645874799000012],[82.391665951999983,28.646990255999981],[82.390894697000022,28.642944866999983],[82.386084116,28.638672503],[82.383013791,28.631578422000018],[82.378191094999977,28.630231349999974],[82.37437236300002,28.630139364],[82.372764817000018,28.630866148999985],[82.371580434,28.626583464000021],[82.36799628,28.620716825999978],[82.368568727000024,28.616123131999984],[82.362829311999974,28.609727636],[82.36335756699998,28.605610397000021],[82.35076174,28.607392048],[82.339864788,28.606929493],[82.336843101999989,28.608655602999988],[82.336585039999989,28.613762568000027],[82.335240930999987,28.615970532],[82.332523783999989,28.616784542],[82.327956475,28.616231588],[82.322835562000023,28.618611731999977],[82.319096632000026,28.625178198000015],[82.319825671,28.627771844999984],[82.319116043,28.633120093],[82.312119221999978,28.630760957],[82.312160746000018,28.632556043000022],[82.320009339000023,28.640812085],[82.32084304,28.644040738],[82.320187971,28.645783943000026],[82.311437032000015,28.64909001],[82.308791688999975,28.653150911000012],[82.304765692999979,28.655386645000021],[82.30370923800001,28.657269080999981],[82.298914455999977,28.660279047000017],[82.297940723000011,28.663078588000019],[82.293927004000011,28.663762091000024],[82.292144155000017,28.665245304],[82.289372346999983,28.665073216],[82.284103156000015,28.669979624],[82.278385911999976,28.670994635],[82.27821408,28.676590241999975],[82.275360477,28.676078061],[82.270746175,28.672189850999985],[82.267083464999985,28.67653021000001],[82.261113885999976,28.677233307999984],[82.256187317000013,28.67988218],[82.254875572,28.682438676],[82.249862980999978,28.680195559000026],[82.244218166,28.681192696999972],[82.241399874000024,28.68372236099998],[82.240970484,28.687655615999972],[82.238555829,28.690057422999985],[82.233523671,28.691492903999972],[82.230564398000013,28.690818299],[82.232207884,28.696388308999985],[82.231749061000016,28.700238384999977],[82.232446990000028,28.702323015],[82.238361684999973,28.709090041000024],[82.245327751,28.711886260000028],[82.248024375999989,28.712359881],[82.251093168000011,28.711271400999976],[82.254312782999989,28.708503265],[82.259910600000012,28.707794850000028],[82.260997917,28.706397494999976],[82.261034038,28.703015994],[82.262004429,28.701800182999989],[82.268666328,28.698938606000013],[82.270658847999982,28.696894324000027],[82.272012913000026,28.693626769],[82.276252807,28.691978608],[82.280236837000018,28.694852965],[82.280769774000021,28.697759954999981],[82.279746676,28.700295894000021],[82.280816753000011,28.705081217999975],[82.288031041000011,28.710949533000019],[82.294156889000021,28.714696278000019],[82.299931131999983,28.709994358000017],[82.302984738000021,28.708909316000017],[82.304899342999988,28.70949310200001],[82.31027075999998,28.708405844000026],[82.315268388999982,28.712061080000012],[82.320789822999984,28.718886844999986],[82.324227891000021,28.720443376999981],[82.326316374999976,28.72281837700001],[82.334848367,28.721584053000015],[82.337642916999982,28.72201211700002],[82.344420844000012,28.716941996],[82.346057066000014,28.716587365],[82.349035072999982,28.718008027999986],[82.35101931600002,28.72403319],[82.354847565,28.726331660000028],[82.365975467,28.727760253999975],[82.371266139999989,28.730271287999983],[82.373076906999984,28.729607814000019],[82.382512355000017,28.730822154],[82.387357093,28.73304389499998]]]}},
{"type":"Feature","properties":{"adm3_pcode":"NP0652402","adm3_name":"Banphikot","adm2_name":"Rukum West","local_level_type":"rural municipality"},"geometry":{"type":"Polygon","coordinates":[[[82.446685718000026,28.779963824999982],[82.450118895,28.772468066999977],[82.454726549999975,28.770977211],[82.458561829000018,28.765215921999982],[82.461199754,28.763432626],[82.462747931000024,28.756286182],[82.468028041000025,28.752333686999975],[82.471438969000019,28.748261488000026],[82.482741944999987,28.74456518300002],[82.485170778999986,28.745797106999987],[82.490427458,28.744981385000017],[82.501654379,28.748021772000016],[82.508098985,28.74579694800002],[82.510663169,28.747433398],[82.512732320999987,28.747713340000018],[82.520642496,28.744583745999989],[82.527646761000028,28.743200914999989],[82.531634009000015,28.741232406],[82.54823152,28.740705702000014],[82.553581818999987,28.739497705000019],[82.560553868,28.739806718000011],[82.567186876,28.744753675000027],[82.574411853000015,28.740481363000015],[82.58153525,28.741151783000021],[82.590153419999979,28.739933711999981],[82.594078788,28.741853468999977],[82.595482686000025,28.743778500000019],[82.601300041,28.742832861000011],[82.602280776999976,28.736667318],[82.601521992000016,28.734072297000012],[82.603067909,28.730806557],[82.605163856,28.715589551999983],[82.607282348000012,28.714073097999972],[82.612536975000012,28.712717425999983],[82.615207729000019,28.709974906000014],[82.614544411,28.705197585],[82.612986751,28.701701383],[82.613493109999979,28.699022324999987],[82.612323392,28.695796167000026],[82.615128443,28.692852042000027],[82.615784916,28.689719027000024],[82.613353958,28.688424235000014],[82.603856455000027,28.687140148000026],[82.600541885999974,28.684796252000012],[82.599654301999976,28.682391646999974],[82.600926863999973,28.676736561999974],[82.59984792,28.674905151000019],[82.599727273999974,28.670322821000013],[82.598800176,28.669025300999976],[82.595359671999972,28.667446832],[82.591945506,28.667546710000011],[82.589189866000027,28.664991778],[82.586588677,28.663830096000027],[82.581028904999982,28.665095958999984],[82.578829586999973,28.664624033],[82.574849052,28.658715455],[82.569644466,28.654316404999975],[82.566170967,28.652721063],[82.560574968000026,28.646490491],[82.554544519999979,28.643976755999972],[82.551769991000015,28.645469640999977],[82.539094616999989,28.646901132999972],[82.536474224000017,28.650118548000023],[82.533420515999978,28.649934394000013],[82.52774744200002,28.654706496000017],[82.524393009999983,28.655287956],[82.521428583999977,28.659308854000017],[82.519128621999982,28.660612201],[82.517150316000027,28.661134186000027],[82.513234693000015,28.659383788000014],[82.506010251000021,28.661713154999973],[82.504268901999978,28.662920955],[82.500637540000014,28.668336903000011],[82.495492413000022,28.668912587000023],[82.488020727,28.672739122999985],[82.483074629999976,28.673609844999987],[82.476407621000021,28.672277555999983],[82.473411997000028,28.670526048],[82.470311596999977,28.670972522999989],[82.46772715100002,28.670046507999984],[82.465136249000011,28.670214392],[82.462400891000016,28.672368715],[82.460317050000015,28.668992119999984],[82.451237735,28.671327209000026],[82.449146276000022,28.6709459],[82.441510413,28.658955703],[82.434321468,28.654676553],[82.431031624000013,28.646852974000012],[82.420987632999982,28.642309994000016],[82.420013923999988,28.64376603300002],[82.420060025999987,28.651314964],[82.418770833,28.654179494],[82.41480637,28.654202934000011],[82.411914716000013,28.659862995000026],[82.40649304599998,28.661466706],[82.40712647700002,28.663848808000012],[82.399235626,28.662917839999977],[82.399327039000013,28.666864101999977],[82.40063356600001,28.669293397999979],[82.400154277000013,28.671472752999989],[82.40108304,28.67404803],[82.411379775,28.683723416000021],[82.416807748999986,28.685791430999984],[82.416744729000015,28.690609987000016],[82.410698163,28.694509851000021],[82.410088413999972,28.698734079000019],[82.410814354000024,28.699976099000025],[82.407808154,28.702344149],[82.406700624,28.705274363],[82.406865362000019,28.708024425000019],[82.403061161999972,28.712780306000013],[82.402504465999982,28.717222763],[82.399477274,28.719313463999981],[82.40018683400001,28.720957198],[82.402851895000026,28.721732541],[82.405519728,28.724628000999985],[82.399760042000025,28.729444722999972],[82.40383351700001,28.734637616999976],[82.404285485,28.736383213000011],[82.403527957,28.73992331300002],[82.404434913999978,28.742343103999985],[82.405718287000013,28.743148486],[82.405331507000028,28.744174322],[82.407886210000015,28.744883045],[82.408920723999984,28.746685706999983],[82.416929446999973,28.746820749999983],[82.420386431999987,28.746015312999987],[82.421613972999978,28.744951367999988],[82.424769038000022,28.745335378],[82.430246706,28.750043463],[82.433057868999981,28.750988106000023],[82.44000932900002,28.756086114000027],[82.439324173999978,28.759269185999983],[82.438400538999986,28.759813559],[82.438703595999982,28.761238119999973],[82.442584623000016,28.768258718000027],[82.445700208,28.771112501],[82.440696865,28.772273383000027],[82.438691423000023,28.773650350000025],[82.436007596000024,28.773809734],[82.438712751000025,28.775950765],[82.441535250000015,28.775625212000023],[82.441591656000014,28.776842537],[82.443961917000024,28.77909530300002],[82.446685718000026,28.779963824999982]]]}},
{"type":"Feature","properties":{"adm3_pcode":"NP0652403","adm3_name":"Tribeni","adm2_name":"Rukum West","local_level_type":"rural municipality"},"geometry":{"type":"Polygon","coordinates":[[[82.382510489000026,28.614781648000019],[82.383674574,28.611882617999981],[82.38641394299998,28.609055419000015],[82.389876992999973,28.608056810999983],[82.393609966999975,28.609164389],[82.396358411999984,28.612217212000019],[82.398931217999973,28.610683952999977],[82.40012873500001,28.611167801000022],[82.402654466,28.610568768],[82.40393459400002,28.611205166],[82.405125823,28.61035145],[82.407870936,28.611207160999982],[82.409321692,28.610359824],[82.412647925999977,28.610521358000028],[82.413676373999976,28.609299422],[82.411977232000027,28.605809717999989],[82.412179658000014,28.601594171999977],[82.424588982999978,28.601374125],[82.42445260300002,28.599271128],[82.426111390000017,28.595349263],[82.424536036,28.592284709000012],[82.429992562999985,28.588205539],[82.433245246000013,28.588265955999987],[82.434730291999983,28.585182698999972],[82.433709511000018,28.580813148],[82.428326927,28.577563242],[82.429461797999977,28.576306188],[82.434693356000025,28.578790786000013],[82.440457816999981,28.579203333],[82.445544407999989,28.577637988999982],[82.449124972999982,28.578296795000028],[82.452078117999974,28.575966801999982],[82.455117971999982,28.575165046],[82.463614172,28.576528420999978],[82.468871103000026,28.578894155],[82.470485334999978,28.578204492999987],[82.473409872,28.578438952999988],[82.475749515000018,28.577229285999977],[82.477434615,28.57320286800001],[82.476974153000015,28.571153048999975],[82.47916618,28.570587882999973],[82.479568463000021,28.56930007],[82.481734427,28.56888845200001],[82.482632955999975,28.567554588],[82.484461958,28.567575238000018],[82.486055710000016,28.562674587],[82.493772579999984,28.557338878999985],[82.494985983999982,28.553763974999981],[82.492070748,28.552556407999987],[82.491564617,28.551344571000016],[82.491728683000019,28.548396083],[82.49400806,28.543527776000019],[82.492854024999986,28.540012166],[82.490310009999973,28.537704448],[82.484451632,28.535379445],[82.480139865000012,28.530741745],[82.474809343,28.528942664],[82.472649344999979,28.529219463],[82.469984445000023,28.5267379],[82.466464626,28.525474401999986],[82.463532344999976,28.521612901000026],[82.461354653,28.520973239999989],[82.447689962000027,28.523050285000011],[82.444162068000026,28.522837503],[82.437969791,28.525585098000022],[82.433468823999988,28.526277718000017],[82.429096510000022,28.524582559],[82.420794396000019,28.527207196],[82.415118708000023,28.531507031],[82.410301776999972,28.532574361],[82.40683314,28.53160208700001],[82.402123352999979,28.534256025],[82.401398739,28.535522147],[82.396906464999972,28.53252110699998],[82.39275439,28.526525472],[82.389131460999977,28.528856517],[82.386158178000017,28.528738047],[82.38341759399998,28.529654736],[82.38093412,28.532871715999988],[82.380732723999984,28.535447412999986],[82.378038673999981,28.540897310999981],[82.380860058,28.543347563999987],[82.381959978,28.546352117000026],[82.380606436,28.548386911000023],[82.375887633,28.551879145999976],[82.375843429999975,28.556388605],[82.377435155,28.559537089],[82.374883996,28.566401983999981],[82.372177399,28.567757944],[82.372887484999978,28.568093611],[82.365153297,28.573923461999982],[82.359723138999982,28.574884794000013],[82.357542658999989,28.576156207],[82.353386216999979,28.576432308999983],[82.352317621,28.579287342999976],[82.355202791000011,28.589316338],[82.355440476000012,28.59440487400002],[82.354415802,28.597699305999981],[82.355937123999979,28.599590092000028],[82.356252908999977,28.602088429],[82.355359653,28.605478542000014],[82.353803399000014,28.606942195999977],[82.36335756699998,28.605610397000021],[82.362829311999974,28.609727636],[82.367323746000011,28.614139482999974],[82.37063060700001,28.611020444000019],[82.374327531,28.611632566000026],[82.374242751999986,28.613807866],[82.37578591,28.61424109799998],[82.377936362000014,28.61459141],[82.379747268000017,28.613215125000011],[82.382510489000026,28.614781648000019]]]}},
{"type":"Feature","properties":{"adm3_pcode":"NP0653301","adm3_name":"Banagad Kupinde","adm2_name":"Salyan","local_level_type":"urban municipality"},"geometry":{"type":"Polygon","coordinates":[[[82.054032222999979,28.63659411499998],[82.054693174000022,28.634421197999984],[82.060159458999976,28.633007094999982],[82.064019721000022,28.631063955],[82.069604670999979,28.630038754999987],[82.072177225000019,28.628452938],[82.082199870000011,28.61810741],[82.090885146,28.620636489],[82.093655360000014,28.619125293000025],[82.096106158,28.618925035000018],[82.100380841,28.621534107],[82.108490534999987,28.619221311999979],[82.109862153999984,28.619593609],[82.108840339999972,28.617107136000016],[82.110847278999984,28.615791410999975],[82.10955580000001,28.61404249200001],[82.110176256999978,28.611790708],[82.108329775000016,28.610849391999977],[82.107664896000017,28.609176600000012],[82.108826755999985,28.608210642000017],[82.106452909999973,28.603772704999983],[82.104996433999986,28.603026689999979],[82.108375119000016,28.602015581999979],[82.107053044999986,28.598850353999978],[82.107985515999985,28.596920857999976],[82.112028432999978,28.595417054],[82.110676963,28.593587391000028],[82.108640305,28.593369569],[82.10990110900002,28.591383145],[82.111744109000028,28.591413106],[82.110007369000016,28.590001711000014],[82.109939211999972,28.588928622000026],[82.112211736,28.587881375999984],[82.11299018699998,28.584753050000018],[82.114335505999975,28.584733009999979],[82.113149314,28.583542664],[82.111270729000012,28.57822550100002],[82.112474491,28.572179324999979],[82.117557108000028,28.572498430999985],[82.120119596,28.571250146000011],[82.121575549999989,28.569875731000025],[82.122831688000019,28.566707291],[82.125573541999984,28.564686016],[82.123762576,28.559212806],[82.123649151,28.552617973999986],[82.124371140999983,28.551199928000017],[82.131534478999981,28.548013949],[82.137190831,28.548406555999975],[82.143981597,28.54513283],[82.144294878999972,28.541092332],[82.142078076000018,28.536516157999984],[82.144619461,28.527516897999988],[82.143593984,28.527042801999983],[82.141468185,28.528398333999974],[82.139933650999978,28.527910481],[82.140735393999989,28.525754004000021],[82.134317569000018,28.519374374],[82.132208575999982,28.514174508],[82.129306021,28.511345102],[82.130103517,28.505721630999972],[82.129164649000018,28.505447455000024],[82.127034853999987,28.506581757],[82.123251757999981,28.502261725999972],[82.120237417,28.502214437000021],[82.117549338,28.499143867999976],[82.114564089999988,28.49723975],[82.112878944999977,28.49372329900001],[82.110218703999976,28.482231629000012],[82.112489091999976,28.475053259999981],[82.115036197,28.470967485000017],[82.113514705999989,28.468108350000023],[82.108620858999984,28.465213608999989],[82.104884874999982,28.457838294999988],[82.101397431,28.453273788999979],[82.101720324999974,28.449887542999988],[82.111282916999983,28.445891422999978],[82.114647341000023,28.445584248999978],[82.120360232999985,28.446832153],[82.125764335999975,28.445666400999983],[82.128145924000023,28.447137737],[82.130904444,28.446140367999988],[82.131438673,28.443338760000017],[82.124170962999983,28.440276998],[82.122398982999982,28.438626874000022],[82.124889304000021,28.433399953],[82.129297592,28.432844629999977],[82.133902958000021,28.430074638],[82.135204692,28.428189203999978],[82.13506845,28.425287157000014],[82.133931319,28.423819088000016],[82.132009031,28.423074940999982],[82.123351835999983,28.422587175],[82.121840621999979,28.421559747],[82.123789336000016,28.419314918999987],[82.125525617,28.415089081000019],[82.130259807000016,28.410698427999989],[82.131063101,28.409216512],[82.130327403000024,28.408349644],[82.127437741,28.407843462000017],[82.125233400000013,28.408626420000019],[82.12173562800001,28.408391328999983],[82.116500958000017,28.411980426000014],[82.114374865,28.412268555000026],[82.113133113,28.411308626],[82.115072578000024,28.409158850999972],[82.108752121,28.405714014000012],[82.100937225,28.40320807],[82.094398021000018,28.408061093000015],[82.088034639,28.411082975],[82.086168231999977,28.406074095],[82.083869667999977,28.406090248999988],[82.078693427000019,28.402907778999975],[82.076455609,28.399271145],[82.067560373999981,28.392451831000017],[82.062259459000018,28.386052905999975],[82.066274491,28.38191821700002],[82.066553855999985,28.380395610999983],[82.064866084000016,28.377020585000025],[82.060576068999978,28.375364425999976],[82.057775451,28.375160591],[82.056704683000021,28.373856009],[82.062093043,28.365510476999987],[82.058835391,28.360342904],[82.055476379000027,28.358498838],[82.050951263,28.357286322999983],[82.046385,28.35414298500001],[82.043049325000027,28.354242989999989],[82.041716475999976,28.352374081],[82.032081131999973,28.35367901],[82.028991062999978,28.352883476999978],[82.027531365000016,28.347205288999987],[82.028561974000013,28.34380924200002],[82.024716537000018,28.341455965000023],[82.021877737000011,28.341294565],[82.016563426,28.342965274],[82.013417627000024,28.341499801],[82.004710317,28.340898732000028],[81.998370013,28.342907895],[81.992466617,28.346749833],[81.99110084,28.348092942],[81.989556855999979,28.351803765999989],[81.986105415999987,28.353604177000022],[81.984189061,28.359891510000011],[81.981273274999978,28.363052676999985],[81.981428478999987,28.364335187999984],[81.97932777,28.367467869],[81.97776208099998,28.372363023],[81.975505397,28.375140360999978],[81.977744208,28.382724258],[81.976709093000011,28.386392969999974],[81.981628464999972,28.391176099],[81.988264275,28.393530602999988],[81.989738166999985,28.395315521999976],[81.98234025,28.397753506000015],[81.979957972000022,28.399814471000013],[81.979967567000017,28.401418321999984],[81.978597723,28.403032092999979],[81.973974446,28.404515703000015],[81.972603989,28.409014645000013],[81.973643869999989,28.411197647],[81.972295212,28.412775044999989],[81.971884774999978,28.415751203000013],[81.965849397999989,28.419656133999979],[81.965164808,28.422807896],[81.961792226,28.424873284],[81.961235865999981,28.428256526999974],[81.962155403999986,28.42961929],[81.96029162100001,28.431579270999976],[81.964970352000023,28.435622465],[81.965605601999982,28.437770027],[81.964812083000027,28.441303753999989],[81.965957109999977,28.445001992000016],[81.9650459,28.446125127000016],[81.963408,28.445983303999981],[81.961073856999974,28.447175098],[81.961789700999987,28.450411685],[81.96305651,28.451490041],[81.964630178,28.451151784],[81.967187127999978,28.448564245],[81.971913649999976,28.446558996000022],[81.980272671000023,28.445062002999975],[81.985683156999983,28.446685555999977],[81.986859289999984,28.447798157000022],[81.986779072,28.450088382999979],[81.983578900999987,28.452349317000028],[81.983285406,28.45435237800001],[81.987927641,28.458322829],[81.990101040000013,28.46146063499998],[81.996827597999982,28.463128202],[81.998984283000027,28.464380181000024],[82.001575252,28.464040811000018],[82.004645159,28.466903340999977],[82.008293353999989,28.466806401999975],[82.010760799000025,28.468563400999983],[82.011315519999982,28.472863387000018],[82.008990768,28.476593698999977],[82.008800512999983,28.47826448],[82.014203706999979,28.485715746999972],[82.019397291000018,28.490531379],[82.025109860999976,28.499062736999974],[82.020335037,28.507657128],[82.020426203,28.511554459000024],[82.021574881,28.513819641999987],[82.026548108999975,28.515812403999973],[82.027500825,28.517465453],[82.025733547000016,28.521827964000011],[82.023309270000027,28.524228397],[82.019772035000017,28.525581346000024],[82.018244515999982,28.527695256000015],[82.018563600999983,28.541155396000022],[82.017303401999982,28.544331961000012],[82.014886424,28.547363771],[82.008440459999974,28.552076745000022],[82.006366800000023,28.559157250999988],[82.003975374999982,28.562522532],[81.99806081700001,28.565076837999982],[81.993977094,28.569907146999981],[81.995474468999987,28.572557986999982],[81.995614336000017,28.575324796000018],[82.001133933,28.576944476999984],[82.002700571999981,28.578241255000023],[82.003163534,28.580240951],[82.000740112000017,28.587170528],[82.002929334999976,28.589428165000015],[82.009926754999981,28.593220101999975],[82.011398513000017,28.595510037999986],[82.01033333700002,28.599316671999986],[82.00814727300002,28.601922587999979],[82.005693698000016,28.607111013],[82.003933325999981,28.613178553000012],[82.006498070000021,28.614946178000025],[82.011730414999988,28.615349277],[82.015033847999973,28.615017792],[82.021508832,28.612352505999979],[82.023202291000018,28.612276474999987],[82.025384842,28.613802991],[82.026852397000027,28.61691385],[82.024401494000017,28.619621253],[82.021627043000024,28.627138146],[82.022208251,28.628548086000023],[82.025913627000023,28.631779591999987],[82.026909932000024,28.638455866000015],[82.028585290000024,28.640550010000027],[82.031747929,28.640187588],[82.038594687999989,28.636801247999983],[82.043951215,28.636602219],[82.046131526000011,28.637627593],[82.045497683,28.640555939000023],[82.046652935999987,28.642049317999977],[82.051878214,28.642764452],[82.056310642000028,28.64460447099998],[82.057652658999984,28.643919617],[82.058762054999988,28.641407114],[82.054032222999979,28.63659411499998]]]}},
{"type":"Feature","properties":{"adm3_pcode":"NP0653302","adm3_name":"Bagachour","adm2_name":"Salyan","local_level_type":"urban municipality"},"geometry":{"type":"Polygon","coordinates":[[[82.378038673999981,28.540897310999981],[82.38093412,28.532871715999988],[82.38341759399998,28.529654736],[82.386158178000017,28.528738047],[82.389131460999977,28.528856517],[82.392559854000012,28.526538717999983],[82.393894155,28.527447591],[82.395250348,28.530744933],[82.396906464999972,28.53252110699998],[82.401398739,28.535522147],[82.402123352999979,28.534256025],[82.40683314,28.53160208700001],[82.410301776999972,28.532574361],[82.416187259000026,28.531051525],[82.418184044999975,28.528109637999989],[82.416441030999977,28.523311830000011],[82.416238951000025,28.519562323],[82.416936981,28.517662788999985],[82.415502753,28.51644957100001],[82.414228993,28.513383051],[82.411761227,28.512910036999983],[82.410480208000024,28.508372087],[82.408385957,28.506855444999985],[82.407400027,28.50366272399998],[82.409373807,28.49917072400001],[82.41163566900002,28.496428241999979],[82.411353505000022,28.491919678999977],[82.409171857,28.488448592],[82.405739126000014,28.486766413999987],[82.405525693000016,28.478142171],[82.401578105999988,28.47332078],[82.400549146,28.470056960000022],[82.395955986,28.468383171000028],[82.396314755999981,28.461549627000011],[82.391679567999972,28.458190855999987],[82.386604577000014,28.457633708],[82.383448784999985,28.455985375000012],[82.373708744999988,28.448254691999978],[82.373532941,28.445975313000019],[82.375512641,28.438514479],[82.376794244999985,28.436378463999972],[82.37650057899998,28.430303068],[82.368343329000027,28.425785986999983],[82.364991525,28.426164842999981],[82.357600745000013,28.424409333000028],[82.350170198,28.42377946900001],[82.347596897000017,28.42508175],[82.344891320999977,28.425315938999972],[82.342764618,28.428152023],[82.338625465,28.429492026999981],[82.331930476000025,28.427153143999988],[82.319060975000014,28.430077813000025],[82.313207034000015,28.425656821000018],[82.313354410999978,28.424572674],[82.315305066,28.422194419999983],[82.32054550700002,28.420875991],[82.321087487999989,28.417983452999977],[82.322399460999975,28.416587976000017],[82.316404504,28.414230229],[82.314576498,28.414392250999981],[82.312743534,28.412285041000018],[82.307826926000018,28.41351210800002],[82.29513608000002,28.413477738999973],[82.292750721,28.409814604000019],[82.288402867,28.406659392],[82.286073552,28.40353927000001],[82.282715597,28.405388989000016],[82.282353251000018,28.406493258000012],[82.281034754000018,28.405790552999974],[82.280461730000013,28.40794116],[82.278674426,28.407021843],[82.274699100000021,28.40980202999998],[82.272206745,28.409980978000021],[82.270579196000028,28.411011234999989],[82.268432134000022,28.40982225],[82.267566806,28.410211451],[82.266753998000013,28.412551474999987],[82.264650632999974,28.413804891999973],[82.264922942999988,28.415412936],[82.263386699000023,28.416139972],[82.262396658,28.418822212],[82.265115633999983,28.420515846],[82.268126420999977,28.420190107],[82.277725133999979,28.426341931000024],[82.266272763000018,28.432092674999978],[82.264502693999987,28.435224299000026],[82.261067846,28.435222311000018],[82.262679747,28.438911245999975],[82.261337119000018,28.442162929],[82.258482044,28.443409648],[82.256294966999974,28.443249443000013],[82.252495974999988,28.446968046999984],[82.244673659999989,28.450247444000013],[82.242326112,28.453131396],[82.238536395999972,28.455372072999978],[82.240743028,28.459089638000023],[82.239532941,28.462515869000015],[82.239878334000025,28.465760951],[82.235965094999983,28.470136554000021],[82.234540842,28.473941309],[82.235310259000016,28.476165241],[82.237917784999979,28.479376233999972],[82.236587364,28.481429776000027],[82.24077786700002,28.480967503999977],[82.243734701,28.481824717999984],[82.248046637000016,28.484146942999985],[82.249164947,28.486214143999973],[82.25128895,28.487387880000028],[82.251956278000023,28.488446416999977],[82.252109028,28.494088776000012],[82.255821308,28.502425438999978],[82.259390229000019,28.504224013],[82.263790630000017,28.504388436],[82.270657971999981,28.506591395999976],[82.279285867999988,28.513250410000012],[82.284173800000019,28.511566699000014],[82.287798496,28.511649681],[82.290887038,28.517085851],[82.29407763,28.519198389999985],[82.292746380999972,28.522073420000027],[82.295119393999983,28.524297563],[82.297441575999983,28.524498702000017],[82.301363878000018,28.523410048000017],[82.303222087,28.525499008],[82.307677174999981,28.52530959],[82.31177627400001,28.523803849999979],[82.317799080999976,28.517269538999983],[82.322032743000022,28.514713398000026],[82.329720205,28.517920339999989],[82.332291008000027,28.519880073000024],[82.335811762,28.520910217999983],[82.339098547999981,28.525301174],[82.346114042000011,28.528335561],[82.348856135,28.530259423000018],[82.350326764999977,28.532671973],[82.353383550999979,28.532077698000023],[82.359617132999972,28.532685296000011],[82.364201888000025,28.535955063000017],[82.367465300999982,28.537020762],[82.370647872,28.537020246999987],[82.374805815,28.539987221999979],[82.378038673999981,28.540897310999981]]]}},
{"type":"Feature","properties":{"adm3_pcode":"NP0653303","adm3_name":"Sharada","adm2_name":"Salyan","local_level_type":"urban municipality"},"geometry":{"type":"Polygon","coordinates":[[[82.148777046000021,28.461965921],[82.152494298000022,28.458266628],[82.151924984,28.455722415000025],[82.153594721,28.454354814999988],[82.159358684999972,28.451256058000013],[82.161122189000025,28.451651546999983],[82.163583384999981,28.450087601],[82.165689021999981,28.450960614],[82.167113883000013,28.447997843999985],[82.171215319999988,28.44504142400001],[82.174389013999985,28.445162959000015],[82.178531599999985,28.444051122000019],[82.182040841,28.439121248999982],[82.182046506,28.436815774000024],[82.184579962999976,28.434120682000014],[82.186063413999989,28.429332394000028],[82.18735885000001,28.430051908999985],[82.187121728000022,28.431673632000013],[82.188162245,28.433214255],[82.192464226000027,28.433228504],[82.193999559000019,28.43445572600001],[82.196501413000021,28.434144978],[82.199306455,28.434979753999983],[82.203935715,28.43437043900002],[82.206119145,28.432370591],[82.208327263,28.433499145999974],[82.210331004000011,28.429400738000027],[82.212620403000017,28.428322432000016],[82.210772005000024,28.422803288000011],[82.212024096999983,28.422122179999974],[82.218746802999988,28.422723097000016],[82.222218925,28.424444677],[82.227065579,28.424646978],[82.231492184999979,28.427086006000025],[82.235126895,28.426356064],[82.240284744,28.43053188],[82.241832097999975,28.430506529000013],[82.248310331000027,28.427997541000025],[82.248696599000027,28.424217955000017],[82.250875314999973,28.423593357000016],[82.251524529999983,28.420754251],[82.253028992999987,28.421920167],[82.258338853999987,28.417607826999983],[82.260282494000023,28.419446312],[82.262396658,28.418822212],[82.263386699000023,28.416139972],[82.264922942999988,28.415412936],[82.264650632999974,28.413804891999973],[82.266753998000013,28.412551474999987],[82.267566806,28.410211451],[82.268432134000022,28.40982225],[82.270579196000028,28.411011234999989],[82.272206745,28.409980978000021],[82.274699100000021,28.40980202999998],[82.275836093,28.408611656],[82.274283653,28.406530637],[82.2739072,28.403432539999983],[82.269479617,28.396354813000016],[82.269356789000028,28.394670965999978],[82.270518095,28.393272862],[82.268865923000021,28.387666976999981],[82.262338536000016,28.381957468999985],[82.260282572999984,28.381509542],[82.260431138,28.380269784],[82.258574628000019,28.38083733000002],[82.258445732999974,28.379478327000015],[82.254343307,28.375045299000021],[82.247843492000015,28.371994298],[82.245970726,28.369694732000028],[82.245440906,28.367184454999972],[82.241027982999981,28.364853854999978],[82.238002075999987,28.365009983999983],[82.237784369999986,28.360807178000016],[82.235174334000021,28.361638502],[82.233197491999988,28.360765367],[82.233341005,28.358952722000026],[82.236406881,28.356757155000025],[82.239086972999985,28.349074524],[82.237065840000014,28.340678953],[82.23425119,28.338872765000019],[82.233498079000015,28.336856188000013],[82.230785057,28.334230140999978],[82.228368011999976,28.333997064000016],[82.226376118000019,28.336099279999985],[82.226485797,28.33921124699998],[82.224544547,28.339844535999987],[82.222137138,28.342358708],[82.222512662999975,28.345037467999987],[82.220626778,28.349243305000016],[82.216922188000012,28.350783235],[82.212743690000025,28.347427794999987],[82.211493178000012,28.343680807999988],[82.203526021000016,28.342729468000016],[82.200337435999984,28.340215339999986],[82.193202400000018,28.340289230999986],[82.190999224999985,28.338835458],[82.187526639,28.338430444999972],[82.188473674000022,28.336360335],[82.191367018999983,28.333693558999983],[82.191243682,28.332523915000024],[82.186615922999977,28.3228373],[82.183334921999972,28.319834027000013],[82.181319464000012,28.318766408999977],[82.175853524,28.318251939999982],[82.16921690700002,28.319075957],[82.165232920999983,28.320386779999978],[82.158858217999978,28.320522301999972],[82.154946789,28.318137213],[82.154607246000012,28.316197886999987],[82.152639829,28.315952819000017],[82.15087666,28.314311944],[82.148973055999988,28.320402856999976],[82.147830753,28.321511052],[82.145909269000015,28.321152745],[82.144274068000016,28.316873676],[82.136574065,28.315880032],[82.132824104,28.317481269999973],[82.132828323000012,28.319143804000021],[82.135153042000013,28.324231558],[82.133285885000021,28.32605399],[82.129250583999976,28.327953008],[82.119514940999977,28.329149884],[82.113566218000017,28.334077910000019],[82.112667392,28.338041907],[82.116637743000013,28.340716407],[82.116949181999985,28.341787625],[82.114062894000028,28.344719003000023],[82.10910194500002,28.344382713000016],[82.101265244,28.341612855],[82.099417508999977,28.337296598000023],[82.095985524000014,28.334608233999973],[82.091874065000013,28.335329234000028],[82.08840648,28.338312036],[82.085979499000018,28.338153266],[82.085043730999985,28.33921409200002],[82.073574813,28.337525022000023],[82.07020293,28.338986213999988],[82.064645858,28.339620640000021],[82.053170019999982,28.336946409],[82.051770861000023,28.338883711],[82.052767798,28.341860452],[82.051812004,28.34449138399998],[82.041716475999976,28.352374081],[82.043049325000027,28.354242989999989],[82.046385,28.35414298500001],[82.052299006,28.357932407000021],[82.058003078000013,28.359668141999975],[82.059877541,28.361478503],[82.062002673,28.36591268799998],[82.059829335000018,28.369714871999975],[82.056758568000021,28.372863038999981],[82.056704683000021,28.373856009],[82.057775451,28.375160591],[82.060576068999978,28.375364425999976],[82.064866084000016,28.377020585000025],[82.066553855999985,28.380395610999983],[82.066274491,28.38191821700002],[82.062259459000018,28.386052905999975],[82.067560373999981,28.392451831000017],[82.076455609,28.399271145],[82.078693427000019,28.402907778999975],[82.083869667999977,28.406090248999988],[82.086168231999977,28.406074095],[82.087274443000013,28.410279162],[82.088419144999989,28.411260339000023],[82.094398021000018,28.408061093000015],[82.100937225,28.40320807],[82.108752121,28.405714014000012],[82.115072578000024,28.409158850999972],[82.113133113,28.411308626],[82.114374865,28.412268555000026],[82.116500958000017,28.411980426000014],[82.12173562800001,28.408391328999983],[82.125233400000013,28.408626420000019],[82.127437741,28.407843462000017],[82.130939066,28.408649126],[82.129275291,28.411990170000024],[82.125388444,28.415270686999975],[82.123789336000016,28.419314918999987],[82.121840621999979,28.421559747],[82.123351835999983,28.422587175],[82.129306406000012,28.42249733],[82.133335530000011,28.423519543],[82.134973661,28.424771390999979],[82.135204692,28.428189203999978],[82.132951756000011,28.431032222999988],[82.129297592,28.432844629999977],[82.124492101999977,28.433723542],[82.122395666999978,28.438856978],[82.131438673,28.443338760000017],[82.130904444,28.446140367999988],[82.138233567999976,28.446537187],[82.14683764199998,28.450669681000022],[82.144177824999986,28.456805142],[82.139963723,28.459425652999983],[82.141641086,28.46129513],[82.14468689,28.459753691],[82.148777046000021,28.461965921]]]}},
{"type":"Feature","properties":{"adm3_pcode":"NP0653401","adm3_name":"Kumakh","adm2_name":"Salyan","local_level_type":"rural municipality"},"geometry":{"type":"Polygon","coordinates":[[[82.144478889000027,28.623463003999973],[82.141381974000012,28.617996399],[82.142684649999978,28.61582899299998],[82.150081598999975,28.615035611],[82.15469919200001,28.613309085000026],[82.156495308999979,28.614155472],[82.15946115700001,28.614157201000012],[82.166153990999987,28.61125537800001],[82.168578465999985,28.611712683],[82.170501278000017,28.614583385],[82.17278600100002,28.616144899],[82.179223466,28.618152995],[82.184618644000011,28.623052685],[82.188638793999985,28.62266334100002],[82.192508004,28.623457198999972],[82.20196468,28.622417244000019],[82.204340218000027,28.619899136000015],[82.20717498099998,28.618642293],[82.213530719,28.613309501],[82.219812440999988,28.609371142999976],[82.219967884000027,28.608000521],[82.221023694,28.607129365999981],[82.227543143,28.609405063999986],[82.237235638000016,28.609653057],[82.249582573,28.600503641999978],[82.256778804000021,28.599494277000019],[82.259365507999973,28.596668761999979],[82.264048871999989,28.596713138999974],[82.272484802,28.592837992999989],[82.278057241,28.595830674000013],[82.278131262999977,28.594131517999983],[82.280974249,28.591003160000014],[82.27743204,28.587718473],[82.276644248000025,28.585652964000019],[82.270549415,28.580765762],[82.268410743,28.575406037],[82.270510573000024,28.565892255999984],[82.26767679400001,28.561233766999976],[82.261178836999989,28.559187485],[82.259853779000025,28.551805708000018],[82.255705492,28.547062084],[82.255317726999976,28.543982111],[82.25607983499998,28.539321613000027],[82.254417498,28.536025643000016],[82.255461135000019,28.534425805000012],[82.255344945,28.532056082999986],[82.258779955000023,28.526703124999983],[82.260254555000017,28.517384752999988],[82.256565996,28.510426214],[82.257136947,28.505544171],[82.252109028,28.494088776000012],[82.251956278000023,28.488446416999977],[82.249164947,28.486214143999973],[82.248046637000016,28.484146942999985],[82.24077786700002,28.480967503999977],[82.236587364,28.481429776000027],[82.234556982000015,28.483119591],[82.223132427,28.48182442],[82.219565074,28.483090252000011],[82.211387931,28.483118319000027],[82.206804214999977,28.484379449000016],[82.202680625000028,28.485593466000012],[82.200771584999984,28.488247257000012],[82.197243733999983,28.489099440000018],[82.186959291,28.483561612000017],[82.183916554,28.488185331000011],[82.181743733000019,28.494484157999977],[82.177228585000023,28.49831974],[82.174676601999977,28.499205809999978],[82.170110108000017,28.505313119999983],[82.164108818999978,28.507383531000016],[82.158252469999979,28.511636054],[82.155141999000023,28.519431231],[82.152572476999978,28.522462227],[82.148834193000027,28.52466384600001],[82.144002257000011,28.5261777],[82.143593984,28.527042801999983],[82.144641266,28.527760376],[82.143794298999978,28.528793830999973],[82.142078076000018,28.536516157999984],[82.144294878999972,28.541092332],[82.143981597,28.54513283],[82.137190831,28.548406555999975],[82.13103142,28.548155741000016],[82.124027244999979,28.551534329999981],[82.123762576,28.559212806],[82.125573541999984,28.564686016],[82.122831688000019,28.566707291],[82.121575549999989,28.569875731000025],[82.120119596,28.571250146000011],[82.117557108000028,28.572498430999985],[82.112474491,28.572179324999979],[82.111270729000012,28.57822550100002],[82.113149314,28.583542664],[82.114335505999975,28.584733009999979],[82.11299018699998,28.584753050000018],[82.112211736,28.587881375999984],[82.109939211999972,28.588928622000026],[82.110007369000016,28.590001711000014],[82.111744109000028,28.591413106],[82.10990110900002,28.591383145],[82.108640305,28.593369569],[82.110676963,28.593587391000028],[82.112028432999978,28.595417054],[82.107985515999985,28.596920857999976],[82.107053044999986,28.598850353999978],[82.108375119000016,28.602015581999979],[82.104996433999986,28.603026689999979],[82.106452909999973,28.603772704999983],[82.108826755999985,28.608210642000017],[82.107664896000017,28.609176600000012],[82.108329775000016,28.610849391999977],[82.110176256999978,28.611790708],[82.10955580000001,28.61404249200001],[82.110847278999984,28.615791410999975],[82.109026383000014,28.616690552000023],[82.108925753999983,28.617638777000025],[82.109862153999984,28.619593609],[82.113130950000027,28.620175852999978],[82.118837434999989,28.623124414000017],[82.128729623000027,28.621546889],[82.132230771000025,28.62501630700001],[82.138157002000014,28.626516317999972],[82.141880319,28.626015793000022],[82.144312576,28.624750131999974],[82.144478889000027,28.623463003999973]]]}},
{"type":"Feature","properties":{"adm3_pcode":"NP0653402","adm3_name":"Darma","adm2_name":"Salyan","local_level_type":"rural municipality"},"geometry":{"type":"Polygon","coordinates":[[[82.301330824,28.59663344],[82.305211107,28.596841977],[82.305696528999988,28.594193728],[82.307276091,28.592809316],[82.312162587999978,28.594356870000013],[82.314565494000021,28.591985498999975],[82.318551888,28.592212973000017],[82.320022083000026,28.591190400000016],[82.32239301300001,28.591088319999983],[82.325470511,28.59230112900002],[82.327714089999972,28.5918732],[82.328689171,28.590562148],[82.337329705,28.589656170000012],[82.338303908,28.588437546000023],[82.339871239,28.589509283999973],[82.344641147,28.586642555000026],[82.346785604,28.583465628],[82.35054226,28.581283257999985],[82.352317621,28.579287342999976],[82.353386216999979,28.576432308999983],[82.357542658999989,28.576156207],[82.359723138999982,28.574884794000013],[82.364030938999974,28.574417462999975],[82.366405391,28.573184547999972],[82.372887484999978,28.568093611],[82.372177399,28.567757944],[82.374883996,28.566401983999981],[82.377435155,28.559537089],[82.375843429999975,28.556388605],[82.375792952999973,28.552164367999978],[82.381588012,28.547260403999985],[82.381541696999989,28.544393979],[82.378038673999981,28.540897310999981],[82.374805815,28.539987221999979],[82.370647872,28.537020246999987],[82.367465300999982,28.537020762],[82.364201888000025,28.535955063000017],[82.359617132999972,28.532685296000011],[82.353383550999979,28.532077698000023],[82.350326764999977,28.532671973],[82.348856135,28.530259423000018],[82.346114042000011,28.528335561],[82.339098547999981,28.525301174],[82.335811762,28.520910217999983],[82.332291008000027,28.519880073000024],[82.329720205,28.517920339999989],[82.322118482,28.514732835000018],[82.317799080999976,28.517269538999983],[82.31177627400001,28.523803849999979],[82.307677174999981,28.52530959],[82.303222087,28.525499008],[82.301363878000018,28.523410048000017],[82.295312927999987,28.524354373],[82.292746380999972,28.522073420000027],[82.29407763,28.519198389999985],[82.290887038,28.517085851],[82.287798496,28.511649681],[82.284173800000019,28.511566699000014],[82.279285867999988,28.513250410000012],[82.270657971999981,28.506591395999976],[82.263790630000017,28.504388436],[82.259390229000019,28.504224013],[82.255821308,28.502425438999978],[82.257136947,28.505544171],[82.256565996,28.510426214],[82.260295478999979,28.517765592999979],[82.258779955000023,28.526703124999983],[82.255344945,28.532056082999986],[82.255461135000019,28.534425805000012],[82.254417498,28.536025643000016],[82.25607983499998,28.539321613000027],[82.255517721,28.546199909999984],[82.259853779000025,28.551805708000018],[82.261178836999989,28.559187485],[82.26767679400001,28.561233766999976],[82.270510573000024,28.565892255999984],[82.269071865,28.570771223],[82.269266474,28.573521286000016],[82.268328326000017,28.574872147],[82.270549415,28.580765762],[82.276644248000025,28.585652964000019],[82.27743204,28.587718473],[82.280974249,28.591003160000014],[82.278131262999977,28.594131517999983],[82.278057241,28.595830674000013],[82.282540053999981,28.596830458999989],[82.28642634800002,28.596378684],[82.292353602999981,28.593281678999972],[82.29474144400001,28.594549098000016],[82.296669948999977,28.59696003],[82.299428063999983,28.59756070200001],[82.301330824,28.59663344]]]}},
{"type":"Feature","properties":{"adm3_pcode":"NP0653403","adm3_name":"Siddha Kumakh","adm2_name":"Salyan","local_level_type":"rural municipality"},"geometry":{"type":"Polygon","coordinates":[[[82.163081072000011,28.507976585999984],[82.170110108000017,28.505313119999983],[82.174676601999977,28.499205809999978],[82.177228585000023,28.49831974],[82.181743733000019,28.494484157999977],[82.183916554,28.488185331000011],[82.186959291,28.483561612000017],[82.197243733999983,28.489099440000018],[82.200771584999984,28.488247257000012],[82.202680625000028,28.485593466000012],[82.211387931,28.483118319000027],[82.219565074,28.483090252000011],[82.224268337000012,28.481753256],[82.235413559,28.482848005],[82.237917784999979,28.479376233999972],[82.235015684000018,28.475640097999985],[82.234615277999978,28.473480478999988],[82.236071708999987,28.469975445999978],[82.239878334000025,28.465760951],[82.239532941,28.462515869000015],[82.240743028,28.459089638000023],[82.238536395999972,28.455372072999978],[82.242326112,28.453131396],[82.244673659999989,28.450247444000013],[82.252495974999988,28.446968046999984],[82.256294966999974,28.443249443000013],[82.258482044,28.443409648],[82.261337119000018,28.442162929],[82.262679747,28.438911245999975],[82.261067846,28.435222311000018],[82.264502693999987,28.435224299000026],[82.266272763000018,28.432092674999978],[82.277725133999979,28.426341931000024],[82.267870394999989,28.420070677000012],[82.265115633999983,28.420515846],[82.262396658,28.418822212],[82.260282494000023,28.419446312],[82.258338853999987,28.417607826999983],[82.253028992999987,28.421920167],[82.251393796,28.42086824],[82.250875314999973,28.423593357000016],[82.248696599000027,28.424217955000017],[82.248310331000027,28.427997541000025],[82.241054201999987,28.430597072000012],[82.235126895,28.426356064],[82.231492184999979,28.427086006000025],[82.227065579,28.424646978],[82.221876098999985,28.424366555],[82.217572153,28.422476476999975],[82.211126154,28.422254217999978],[82.212620403000017,28.428322432000016],[82.210331004000011,28.429400738000027],[82.208327263,28.433499145999974],[82.206119145,28.432370591],[82.203935715,28.43437043900002],[82.199306455,28.434979753999983],[82.196501413000021,28.434144978],[82.193999559000019,28.43445572600001],[82.192464226000027,28.433228504],[82.188162245,28.433214255],[82.187121728000022,28.431673632000013],[82.18735885000001,28.430051908999985],[82.186063413999989,28.429332394000028],[82.184579962999976,28.434120682000014],[82.182046506,28.436815774000024],[82.182040841,28.439121248999982],[82.178531599999985,28.444051122000019],[82.174389013999985,28.445162959000015],[82.171215319999988,28.44504142400001],[82.167113883000013,28.447997843999985],[82.165689021999981,28.450960614],[82.163583384999981,28.450087601],[82.161122189000025,28.451651546999983],[82.159358684999972,28.451256058000013],[82.153594721,28.454354814999988],[82.151924984,28.455722415000025],[82.152494298000022,28.458266628],[82.150355376,28.45962916000002],[82.148777046000021,28.461965921],[82.14468689,28.459753691],[82.14204378,28.461359442],[82.140022144,28.459932669000011],[82.144177824999986,28.456805142],[82.14691587599998,28.450881037999977],[82.137128287,28.446223825],[82.130950250000012,28.446128682],[82.128145924000023,28.447137737],[82.125764335999975,28.445666400999983],[82.120360232999985,28.446832153],[82.114647341000023,28.445584248999978],[82.111729793999984,28.445795313000019],[82.101720324999974,28.449887542999988],[82.101428982000016,28.453672815],[82.104884874999982,28.457838294999988],[82.108620858999984,28.465213608999989],[82.113514705999989,28.468108350000023],[82.115036197,28.470967485000017],[82.112489091999976,28.475053259999981],[82.110218703999976,28.482231629000012],[82.113401915,28.494952880000028],[82.114564089999988,28.49723975],[82.117549338,28.499143867999976],[82.120237417,28.502214437000021],[82.123251757999981,28.502261725999972],[82.127034853999987,28.506581757],[82.129164649000018,28.505447455000024],[82.130103517,28.505721630999972],[82.129306021,28.511345102],[82.132208575999982,28.514174508],[82.134317569000018,28.519374374],[82.140735393999989,28.525754004000021],[82.140120060000015,28.528084842999988],[82.142129909,28.528295791],[82.144414708,28.525763680000011],[82.151844690000019,28.523059412],[82.155141999000023,28.519431231],[82.158252469999979,28.511636054],[82.163081072000011,28.507976585999984]]]}},
{"type":"Feature","properties":{"adm3_pcode":"NP0653404","adm3_name":"Kalimati","adm2_name":"Salyan","local_level_type":"rural municipality"},"geometry":{"type":"Polygon","coordinates":[[[81.793760764000012,28.392172233999986],[81.79825904,28.391595538],[81.800560521000023,28.389188478],[81.802641363000021,28.389259751999987],[81.803597136,28.38770884500002],[81.807356023000011,28.389987625],[81.810137403,28.389671068999974],[81.812548239000023,28.387594794],[81.813132841000026,28.384396970000012],[81.814489847,28.384305374],[81.819601971,28.380595347999986],[81.826804179000021,28.380772933],[81.831997316000013,28.379259207000018],[81.833687643000019,28.379575890000012],[81.834814901000016,28.381103076999977],[81.837910670999975,28.380987069000014],[81.841497721,28.379047485],[81.842368245999978,28.374546098999986],[81.849670984,28.372409522999988],[81.852255306000018,28.373214546999975],[81.855004813,28.372973984],[81.862134850000018,28.369330919],[81.862523203000023,28.367679388],[81.864945901,28.366236055],[81.866086215999985,28.364457985],[81.868767666,28.364427400000011],[81.877811627000028,28.361062274],[81.87975379,28.361694994],[81.884828114000015,28.361064311],[81.887023811,28.357912130999978],[81.88958097,28.357672127],[81.891699662,28.355323435],[81.895144082,28.354691791],[81.902096073999985,28.354957302],[81.907294475000015,28.349102601000027],[81.91382424699998,28.347450531999982],[81.919957776,28.344821798],[81.924067261,28.342574312000011],[81.926715090000016,28.339104793],[81.930681075999985,28.337848339],[81.936911619,28.337228171999982],[81.939358335,28.341538123000021],[81.94604585899998,28.341974677999985],[81.952490273000024,28.346879193],[81.957532050999987,28.349147180999978],[81.958047764000014,28.350776789],[81.960253365000028,28.352884065000012],[81.966545795,28.351075507000019],[81.968811787,28.351880527],[81.970725377,28.353333234],[81.975997027,28.360859554],[81.981273274999978,28.363052676999985],[81.984189061,28.359891510000011],[81.986105415999987,28.353604177000022],[81.989556855999979,28.351803765999989],[81.991557852000028,28.347467005],[81.998370013,28.342907895],[82.004710317,28.340898732000028],[82.013417627000024,28.341499801],[82.016563426,28.342965274],[82.021877737000011,28.341294565],[82.026322746,28.342102617000023],[82.028561974000013,28.34380924200002],[82.027531365000016,28.347205288999987],[82.028607747000024,28.352536752999981],[82.032081131999973,28.35367901],[82.041716475999976,28.352374081],[82.044782863000023,28.349571380999976],[82.049547393000012,28.346843637],[82.052361572999985,28.343521668999983],[82.052711256,28.341229259999977],[82.051770861000023,28.338883711],[82.053494417000024,28.336815301],[82.064645858,28.339620640000021],[82.07020293,28.338986213999988],[82.073574813,28.337525022000023],[82.085043730999985,28.33921409200002],[82.085979499000018,28.338153266],[82.08840648,28.338312036],[82.091874065000013,28.335329234000028],[82.095985524000014,28.334608233999973],[82.099417508999977,28.337296598000023],[82.101265244,28.341612855],[82.10910194500002,28.344382713000016],[82.114364041999977,28.344626264],[82.11693119,28.341462966999984],[82.112667392,28.338041907],[82.113566218000017,28.334077910000019],[82.119514940999977,28.329149884],[82.129250583999976,28.327953008],[82.133285885000021,28.32605399],[82.135153042000013,28.324231558],[82.132828323000012,28.319143804000021],[82.132824104,28.317481269999973],[82.136574065,28.315880032],[82.144274068000016,28.316873676],[82.145909269000015,28.321152745],[82.147830753,28.321511052],[82.148747828000012,28.320858187999988],[82.150904519,28.314945572999989],[82.150597588999972,28.313427771000022],[82.149030286000027,28.310797176999984],[82.143584341,28.307032819000028],[82.142563849,28.30390128],[82.144450096000014,28.300339383],[82.143693618999976,28.297823728000026],[82.148657146,28.293852413000025],[82.148379845000022,28.291937335],[82.149498202000018,28.287980211999979],[82.148264493999989,28.284631690000026],[82.150551345,28.279221093],[82.148055979,28.276654668],[82.146705044999976,28.272808563000012],[82.145158207,28.271962119000023],[82.144342118,28.269153615],[82.142259868999986,28.267429556000025],[82.141448781,28.264483439],[82.139648353999974,28.263551061999976],[82.137059384,28.260572360000026],[82.132894804999978,28.258082715],[82.131350562000023,28.25533207],[82.128584155999988,28.25355707],[82.124409457000013,28.254304316],[82.117597616000012,28.251490789],[82.11152232,28.254493176999972],[82.108229258999984,28.258233038000014],[82.100702450000028,28.258966112999985],[82.093862195999975,28.255016940000019],[82.092204783999989,28.25219230099998],[82.092468973999985,28.250119306999977],[82.091592357000025,28.249275872],[82.08709423099998,28.248416136],[82.081166092999979,28.248535353000022],[82.077736995,28.244973381000023],[82.069574449000015,28.239366280000013],[82.068458455999973,28.236967983999989],[82.061703490000014,28.240609678],[82.055100294,28.24205264],[82.053166499999975,28.241693081999983],[82.046576844000015,28.233900016],[82.04620986499998,28.231985373999976],[82.042096704000016,28.230139859000019],[82.039266807999979,28.221322878000024],[82.038002457,28.21917136899998],[82.035574125999972,28.217529422999974],[82.036759760999985,28.215032231],[82.032297363999987,28.214980235999974],[82.030825956,28.214050612],[82.026829034,28.208409384],[82.026170010999977,28.204279316999987],[82.023263642000018,28.201447347],[82.018816862999984,28.201773817],[82.016895260000013,28.200991736999981],[82.014476157,28.204028112],[82.009087976999979,28.205874929],[82.005745373000025,28.208981097],[82.00257252199998,28.2106399],[81.99897447799998,28.215814186999978],[81.992632499000024,28.220577412000011],[81.988951687,28.220378502000017],[81.983290795000016,28.222142823000013],[81.977666199,28.221125087000019],[81.972355388999972,28.222690182],[81.969944990999977,28.228141773],[81.964617448000013,28.235824743000023],[81.963188156,28.241966347000016],[81.968843355,28.243999552999981],[81.975054342000021,28.243195152],[81.978545313999973,28.249789034],[81.98480244000001,28.251336730999981],[81.985302396,28.253552909],[81.983692210000015,28.255073747999973],[81.984089223000012,28.258355451],[81.982552976000022,28.259268846999987],[81.980226013,28.257372550000014],[81.980192354,28.259466294999982],[81.979435512,28.259875497],[81.975997241000016,28.259106019],[81.971721441,28.255811259999973],[81.969579732999989,28.255706988999975],[81.969037836999973,28.257414013000016],[81.966440786000021,28.258941586],[81.966307245999985,28.262143665999986],[81.965233860000012,28.263904051999987],[81.963949379999974,28.265490012999976],[81.961625176999974,28.266435831000024],[81.959846251999977,28.275627461999989],[81.956461177,28.277437937],[81.953813845000013,28.281124498],[81.949163386,28.282514992000017],[81.943454272,28.283093671000017],[81.942404128000021,28.281612042],[81.936608265000018,28.279328357999987],[81.936067198999979,28.276685906000012],[81.932226534999984,28.269538382],[81.938373117000026,28.263930983000023],[81.940235754000014,28.259661275999974],[81.947878691000028,28.254340996],[81.953138356000011,28.24731784],[81.953004506000013,28.243429631000026],[81.951693474000024,28.241162572],[81.947146955,28.238205029000028],[81.944596435999983,28.237554928],[81.938238397000021,28.231952164],[81.93475748100002,28.232594119],[81.932142533999979,28.231908143999988],[81.927014155999984,28.232389652999984],[81.923103985000012,28.229625538999983],[81.921187229999987,28.226956195000014],[81.918767995999985,28.226791988],[81.913901064000015,28.228347340000028],[81.909192943999983,28.232202482],[81.896388593999973,28.233250269],[81.892289041000026,28.235729296999978],[81.888520469000014,28.236823142999981],[81.886974303999978,28.240289303999987],[81.882783250999978,28.243470203000015],[81.878502621999985,28.241115483999977],[81.876650220999977,28.239117390999979],[81.871244879000017,28.239686575],[81.868091385000014,28.23876592900001],[81.861149828,28.238532352999982],[81.860431665000021,28.239035359000013],[81.864141931,28.245051171999989],[81.864556478,28.249767932999987],[81.861384938000015,28.255037529999981],[81.854080462000013,28.260062216],[81.850196261,28.265692394999974],[81.844737055999985,28.269556839000018],[81.843437314000028,28.271960662000026],[81.831040138,28.274211407],[81.82613025500001,28.276937025999985],[81.821971944999973,28.276756797000019],[81.814413431999981,28.278728635],[81.81149909200002,28.28138091400001],[81.808364864,28.282944851000025],[81.805352723,28.282112134999977],[81.79799174599998,28.273587253000017],[81.793534534,28.273795920999987],[81.791445321000026,28.277031782999984],[81.792089959,28.281925716999979],[81.787045165999984,28.29463554199998],[81.78418403500001,28.295655908000015],[81.780338315,28.295093656],[81.776767999000015,28.297882037000022],[81.773326597,28.297457154000028],[81.770508620999976,28.299988507000023],[81.767330288999972,28.300714772],[81.761111793,28.309152972],[81.753426675000014,28.30749233],[81.749039278999987,28.310422186999972],[81.747951955000019,28.31240886400002],[81.744972468000014,28.313207937000016],[81.744479829,28.314307015999987],[81.743347427,28.317435462999981],[81.743608853000012,28.31955233399998],[81.745614150999984,28.32260727],[81.746462152,28.326676845],[81.750310948999982,28.32989304],[81.751946724999982,28.333543103000011],[81.751157944999989,28.337669087],[81.751539724999986,28.343642981000016],[81.754759175,28.35007043600001],[81.758634077000011,28.354208858999982],[81.760035985,28.359200169000019],[81.765238233,28.365302682],[81.766145973999983,28.369430439999974],[81.769183973999986,28.374432771999977],[81.768089194000027,28.377371674000017],[81.768363470999986,28.384279979999974],[81.770111139,28.386086149999983],[81.774340296,28.387280350000026],[81.779148521000025,28.390639108000016],[81.782363581000027,28.390913940000019],[81.787226076000024,28.389302281000028],[81.791179105000026,28.389168849999976],[81.793430528999977,28.390389767999977],[81.793760764000012,28.392172233999986]]]}},
{"type":"Feature","properties":{"adm3_pcode":"NP0653405","adm3_name":"Chhatreshwori","adm2_name":"Salyan","local_level_type":"rural municipality"},"geometry":{"type":"Polygon","coordinates":[[[82.319320002999973,28.430023385000027],[82.331930476000025,28.427153143999988],[82.338625465,28.429492026999981],[82.342764618,28.428152023],[82.345086045000016,28.425221513],[82.351068763,28.423867536999978],[82.350246726000023,28.421717034999972],[82.351252349999982,28.417874652000023],[82.353792812999984,28.414856154],[82.35310248899998,28.410374180000019],[82.356005315,28.408734747999972],[82.360926661,28.408092441],[82.362351460000014,28.405197664000013],[82.365476139,28.403122774999986],[82.362459457999989,28.394497958999978],[82.363472748999982,28.38826442200002],[82.366435188000025,28.386856468000019],[82.368072644,28.384020502],[82.375042516,28.377275785],[82.382550564999974,28.373899766000022],[82.383473148,28.372769319999975],[82.382709653,28.364634118000026],[82.380324181999981,28.363561993000019],[82.378535358000022,28.36031614],[82.375981177000028,28.358456209999986],[82.378406572000017,28.356561731],[82.379199804,28.351697251000019],[82.372710992,28.348462642000015],[82.370910528000024,28.346105518],[82.365874062999978,28.343898148],[82.363073687,28.340786203],[82.36415596400002,28.334797832999982],[82.363320805,28.332534652999982],[82.364229422999983,28.329769106000015],[82.357810524,28.327234620000013],[82.350774893999983,28.328213491999975],[82.348058831,28.327827549],[82.34622772,28.326857612000026],[82.343424423999977,28.322820503],[82.342364684000017,28.319887193],[82.34266054699998,28.318377462],[82.346169353999983,28.31676166],[82.350856223,28.313223489999984],[82.347498694000024,28.308932520999974],[82.342713708000019,28.305970536000018],[82.340327318999982,28.310636261000013],[82.33545411,28.313560048999989],[82.334859225,28.315065902000015],[82.335750243,28.31773023300002],[82.332757747000016,28.319065567],[82.328691172,28.322378268000023],[82.328201702,28.327708771],[82.325070276000019,28.32969042000002],[82.323917892999987,28.335185212],[82.310299853,28.335436303],[82.307076441,28.333958141999972],[82.303772141000024,28.330337739000015],[82.302797387999988,28.327498048],[82.297871320000013,28.323232055],[82.285245674,28.318609921000018],[82.282703253000022,28.315931504],[82.276505742999973,28.314469237000026],[82.266418105000014,28.317908526],[82.264031137000018,28.316744098000015],[82.261627472999976,28.32290199800002],[82.259259246999989,28.321985486000017],[82.258656100999985,28.32417915100001],[82.257224515000019,28.325737550999975],[82.251467209,28.326898047999975],[82.24818876400002,28.320835245000012],[82.245898177000015,28.318638787999987],[82.24651925500001,28.316645793000021],[82.246111096999982,28.31465315600002],[82.244864569000015,28.311747841999988],[82.243025526999986,28.310492367999984],[82.243783762000021,28.30911394200001],[82.242627250999988,28.308023650999985],[82.246969979000028,28.304478601000028],[82.251011450000021,28.303586677999988],[82.253020580999987,28.302129029000014],[82.255955578999988,28.294274665999978],[82.252261476,28.29302278900002],[82.24787887399998,28.289977005000026],[82.244150707000017,28.289059098],[82.239612437,28.286070869000014],[82.237393807999979,28.285608255],[82.212392774000023,28.291002776000028],[82.209380377,28.290544462000014],[82.205716313999972,28.28686387099998],[82.194156505000024,28.29002879],[82.194036555000025,28.291613394000024],[82.189544593,28.295426541999973],[82.189887865,28.298507201],[82.197026416000028,28.304467821],[82.197030526,28.305288808],[82.19332797200002,28.308219923000024],[82.191112394000015,28.311769566],[82.190983291,28.314879217],[82.18797181399998,28.315417498999977],[82.186586788,28.316771730000028],[82.181319464000012,28.318766408999977],[82.186615922999977,28.3228373],[82.191243682,28.332523915000024],[82.191367018999983,28.333693558999983],[82.188473674000022,28.336360335],[82.187526639,28.338430444999972],[82.190999224999985,28.338835458],[82.193202400000018,28.340289230999986],[82.200337435999984,28.340215339999986],[82.203526021000016,28.342729468000016],[82.211493178000012,28.343680807999988],[82.212743690000025,28.347427794999987],[82.216922188000012,28.350783235],[82.220626778,28.349243305000016],[82.222512662999975,28.345037467999987],[82.221914159999983,28.342814100999988],[82.224544547,28.339844535999987],[82.226485797,28.33921124699998],[82.226141068,28.337163867000015],[82.22699336300002,28.335232056],[82.228627416999984,28.333886453],[82.230785057,28.334230140999978],[82.233498079000015,28.336856188000013],[82.23425119,28.338872765000019],[82.237065840000014,28.340678953],[82.239057302,28.348386837000021],[82.236518309000019,28.356528303],[82.233341005,28.358952722000026],[82.233197491999988,28.360765367],[82.235174334000021,28.361638502],[82.237784369999986,28.360807178000016],[82.238002075999987,28.365009983999983],[82.241027982999981,28.364853854999978],[82.245440906,28.367184454999972],[82.245970726,28.369694732000028],[82.247843492000015,28.371994298],[82.254343307,28.375045299000021],[82.258445732999974,28.379478327000015],[82.258574628000019,28.38083733000002],[82.260431138,28.380269784],[82.260282572999984,28.381509542],[82.262338536000016,28.381957468999985],[82.268865923000021,28.387666976999981],[82.270518095,28.393272862],[82.269356789000028,28.394670965999978],[82.269479617,28.396354813000016],[82.2739072,28.403432539999983],[82.275283984999987,28.408260429999984],[82.27714991900001,28.408339950000027],[82.278804096999977,28.406986786],[82.280461730000013,28.40794116],[82.281034754000018,28.405790552999974],[82.282353251000018,28.406493258000012],[82.282715597,28.405388989000016],[82.286073552,28.40353927000001],[82.288402867,28.406659392],[82.292750721,28.409814604000019],[82.29513608000002,28.413477738999973],[82.307826926000018,28.41351210800002],[82.312743534,28.412285041000018],[82.314576498,28.414392250999981],[82.316404504,28.414230229],[82.322106696,28.416126137999981],[82.32054550700002,28.420875991],[82.315305066,28.422194419999983],[82.313354410999978,28.424572674],[82.313207034000015,28.425656821000018],[82.319320002999973,28.430023385000027]]]}},
{"type":"Feature","properties":{"adm3_pcode":"NP0653406","adm3_name":"Tribeni","adm2_name":"Salyan","local_level_type":"rural municipality"},"geometry":{"type":"Polygon","coordinates":[[[82.310299853,28.335436303],[82.323917892999987,28.335185212],[82.325070276000019,28.32969042000002],[82.328201702,28.327708771],[82.328691172,28.322378268000023],[82.332757747000016,28.319065567],[82.335426596,28.317938647],[82.333593857999972,28.317122007000023],[82.333149900000024,28.314690161999977],[82.330003149,28.310687608000023],[82.322195857,28.309189006],[82.318958264,28.307384125],[82.322935038000026,28.300743166000018],[82.321871333999979,28.295876597000017],[82.322297934,28.294101703000024],[82.323739784999987,28.2916267],[82.326920024,28.289306271999976],[82.320869038000012,28.282036162],[82.313235476999978,28.283612032],[82.308518116000016,28.283456539999975],[82.305184558,28.280544696999982],[82.302027580000015,28.275379874],[82.299106247,28.277530323],[82.298945694,28.274800132999985],[82.297661842000025,28.272725741999977],[82.287010770999984,28.263147090000018],[82.285724228999982,28.257846805999975],[82.287757801,28.252592129999982],[82.286894904,28.249997106000023],[82.283982476,28.247015336],[82.281401489000018,28.248208001000023],[82.275373300000012,28.248433582000018],[82.273023277999982,28.246504287999983],[82.264772757,28.243628057000024],[82.258206143999985,28.243605151999986],[82.255896090000022,28.239663040999972],[82.250168626,28.23900495700002],[82.247882800000014,28.239524377],[82.243886057999987,28.237866659000019],[82.233065606000025,28.239911440000014],[82.227241134999986,28.243731007],[82.223200983000027,28.247690024],[82.217695441999979,28.249604770000019],[82.212234292,28.246896688999982],[82.207533192000028,28.246065322999982],[82.202827868999975,28.243774340000016],[82.198581021,28.242879986],[82.194061186999988,28.246686698000019],[82.189904031000026,28.248315551000019],[82.182293096000024,28.249726064000015],[82.175710749000018,28.248948166],[82.171288989,28.25139994],[82.169333126000026,28.251513650999982],[82.166599898000015,28.250023312],[82.160717594,28.241722363],[82.153357348999975,28.241089878000025],[82.152804104999973,28.238028838],[82.148916483999983,28.239162428999975],[82.146885913,28.237521424000022],[82.143702288999975,28.237074357999973],[82.142547420000028,28.238480400000014],[82.14227701599998,28.242031070999985],[82.137330806000023,28.245695163999983],[82.133140584999978,28.251152978999983],[82.128584155999988,28.25355707],[82.131350562000023,28.25533207],[82.132894804999978,28.258082715],[82.137059384,28.260572360000026],[82.139648353999974,28.263551061999976],[82.141448781,28.264483439],[82.142259868999986,28.267429556000025],[82.144342118,28.269153615],[82.145158207,28.271962119000023],[82.146705044999976,28.272808563000012],[82.148055979,28.276654668],[82.150551345,28.279221093],[82.148264493999989,28.284631690000026],[82.149498202000018,28.287980211999979],[82.148379845000022,28.291937335],[82.148657146,28.293852413000025],[82.143693618999976,28.297823728000026],[82.144450096000014,28.300339383],[82.142619288,28.303366203],[82.142696254999976,28.304667148000021],[82.143584341,28.307032819000028],[82.149030286000027,28.310797176999984],[82.15087666,28.314311944],[82.152639829,28.315952819000017],[82.154607246000012,28.316197886999987],[82.154946789,28.318137213],[82.157836925000026,28.320197128000018],[82.164974518,28.320420585000022],[82.175853524,28.318251939999982],[82.181319464000012,28.318766408999977],[82.186586788,28.316771730000028],[82.18797181399998,28.315417498999977],[82.190983291,28.314879217],[82.191356930999973,28.311352420999981],[82.193505015000028,28.30797469800001],[82.197121016999972,28.305062454],[82.189887865,28.298507201],[82.189544593,28.295426541999973],[82.194036555000025,28.291613394000024],[82.194156505000024,28.29002879],[82.205716313999972,28.28686387099998],[82.209380377,28.290544462000014],[82.212392774000023,28.291002776000028],[82.238165079,28.285641887999986],[82.255955578999988,28.294274665999978],[82.253020580999987,28.302129029000014],[82.251011450000021,28.303586677999988],[82.246969979000028,28.304478601000028],[82.242627250999988,28.308023650999985],[82.243783762000021,28.30911394200001],[82.243025526999986,28.310492367999984],[82.244864569000015,28.311747841999988],[82.246111096999982,28.31465315600002],[82.24651925500001,28.316645793000021],[82.245898177000015,28.318638787999987],[82.24818876400002,28.320835245000012],[82.251722922,28.327071599000021],[82.257224515000019,28.325737550999975],[82.258656100999985,28.32417915100001],[82.259259246999989,28.321985486000017],[82.261627472999976,28.32290199800002],[82.264031137000018,28.316744098000015],[82.266418105000014,28.317908526],[82.276505742999973,28.314469237000026],[82.282703253000022,28.315931504],[82.285245674,28.318609921000018],[82.297871320000013,28.323232055],[82.302797387999988,28.327498048],[82.303772141000024,28.330337739000015],[82.307905315000028,28.334710398000027],[82.310299853,28.335436303]]]}},
{"type":"Feature","properties":{"adm3_pcode":"NP0653407","adm3_name":"Kapurkot","adm2_name":"Salyan","local_level_type":"rural municipality"},"geometry":{"type":"Polygon","coordinates":[[[82.3672487,28.329890013000011],[82.366466232999983,28.327015076],[82.366688458,28.323464656999988],[82.364096276,28.321742401],[82.363389413999982,28.319480286999976],[82.372417542,28.317648335],[82.375972922000017,28.315086184999984],[82.377399637,28.309985174000019],[82.376007322000021,28.306669829999976],[82.376180152000018,28.304599646999975],[82.382371580999973,28.297009807],[82.381485721999979,28.295904459999974],[82.383491906000017,28.291611881],[82.386259296,28.290814682000018],[82.391237916000023,28.285255576],[82.395142057999976,28.28288335000002],[82.395395130999987,28.277031765],[82.399764704,28.271602697999981],[82.400373621000028,28.268287325000017],[82.403385465999975,28.264956360999975],[82.403426072,28.262226549],[82.406001686000025,28.26100457299998],[82.407481335999989,28.259024587],[82.410142303999976,28.258203138999988],[82.413189223000018,28.25381146],[82.41543843300002,28.253122744999985],[82.419632857000011,28.253652194999972],[82.423980127999982,28.251166296],[82.42765917700001,28.252118138000014],[82.429985660999989,28.249542657],[82.435469946000012,28.248249043999976],[82.437208554,28.246590971999979],[82.436267878000024,28.246151935],[82.434990599,28.243460726000023],[82.430499985999973,28.241798061],[82.42676173000001,28.238954267],[82.426744704999976,28.237140934000024],[82.428098064999972,28.234871097999985],[82.428295535000018,28.231625335],[82.427526480999973,28.230002534999983],[82.425126315999989,28.229404993],[82.424056612000015,28.228010792000021],[82.421910806000028,28.229783536000014],[82.418781353999975,28.229739369000015],[82.414759366,28.224635714999977],[82.40673171100002,28.220638027],[82.40562789,28.215594345999989],[82.403623268999979,28.213124607],[82.40433414,28.211499952999986],[82.402193481999973,28.205282614],[82.402955,28.202130351999983],[82.40163923,28.199299404999977],[82.401490106999972,28.193530803999977],[82.400467704,28.192343462],[82.40150988900001,28.188265722999972],[82.403425753000022,28.184954990999984],[82.399123237000026,28.180110934000027],[82.399063516000012,28.178947541000014],[82.401297512999975,28.176323873],[82.398470229999987,28.171694694],[82.398731716999976,28.170417564],[82.396706083000026,28.168845681],[82.394600507,28.171411601999978],[82.393604961999984,28.174383503],[82.393832518000011,28.176424882999981],[82.395131,28.178110248],[82.395040676,28.179387879999979],[82.396213502000023,28.180212821],[82.396760632,28.182695290000026],[82.394592010999986,28.184783630000027],[82.392714120999983,28.189226258000019],[82.386983219,28.188488181000025],[82.37797150900002,28.184489541],[82.371259088999977,28.188554135],[82.367030074000013,28.189789711],[82.365425010000024,28.191407288999983],[82.365410666,28.193234559000018],[82.363697060999982,28.194528416000026],[82.362974993000023,28.196716891999984],[82.358685216000026,28.199067178],[82.354819182000028,28.205502783999975],[82.349300958000015,28.207152115999975],[82.347049047999974,28.208606761999988],[82.346262309,28.210340029],[82.345969299999979,28.216316228999972],[82.340677825,28.219814957999972],[82.339488131,28.222075608000011],[82.33745538,28.223478263],[82.329746093999972,28.224180525],[82.327064625,28.225237451999988],[82.321942706000016,28.224389267999982],[82.319537211000011,28.224854564999987],[82.312476818,28.22324654800002],[82.311945047,28.228288766],[82.310069613999985,28.231602372999987],[82.305421059000025,28.231315145999986],[82.302134979000016,28.232591731000014],[82.301034803999983,28.236592660999975],[82.301364213,28.242483814000025],[82.3007553,28.24562283],[82.297051309999972,28.245082825999987],[82.291593639999974,28.246826338],[82.287161073,28.245650007],[82.283982476,28.247015336],[82.286894904,28.249997106000023],[82.287757801,28.252592129999982],[82.285724228999982,28.257846805999975],[82.287010770999984,28.263147090000018],[82.297661842000025,28.272725741999977],[82.298945694,28.274800132999985],[82.299106247,28.277530323],[82.302027580000015,28.275379874],[82.305184558,28.280544696999982],[82.308518116000016,28.283456539999975],[82.313235476999978,28.283612032],[82.320869038000012,28.282036162],[82.326920024,28.289306271999976],[82.323739784999987,28.2916267],[82.322297934,28.294101703000024],[82.321871333999979,28.295876597000017],[82.322935038000026,28.300743166000018],[82.319041562,28.307577359],[82.323905242000023,28.309682173999988],[82.330003149,28.310687608000023],[82.333149900000024,28.314690161999977],[82.333593857999972,28.317122007000023],[82.335426596,28.317938647],[82.335863174999986,28.317176473000018],[82.335063842000011,28.313997003],[82.340327318999982,28.310636261000013],[82.343057475000023,28.305894986],[82.34682079800001,28.30827826],[82.350858664999976,28.313013759],[82.346169353999983,28.31676166],[82.342572431,28.318567816999973],[82.343277387,28.322533213999975],[82.346375572999989,28.327011787],[82.350774893999983,28.328213491999975],[82.357810524,28.327234620000013],[82.364400336000017,28.329828228],[82.3672487,28.329890013000011]]]}},
{"type":"Feature","properties":{"adm3_pcode":"NP0659301","adm3_name":"Panchapuri","adm2_name":"Surkhet","local_level_type":"urban municipality"},"geometry":{"type":"Polygon","coordinates":[[[81.42549118300002,28.909137285999975],[81.431668001999981,28.910588425000014],[81.434270503,28.90820012],[81.435610452,28.904309063000028],[81.440524041,28.90033181299998],[81.455740347000017,28.896541064000019],[81.458394825000028,28.894957497],[81.463239795999982,28.894577723999987],[81.465156122999986,28.893197316],[81.466475419,28.891009162999978],[81.466837060999978,28.887337633000016],[81.464956893000021,28.883148307999988],[81.46236941799998,28.880524702],[81.46211467400002,28.875084453999989],[81.465778090000015,28.869427778999977],[81.465919637000013,28.865682627000012],[81.467281206999985,28.861858815],[81.466499606000014,28.859551517],[81.46281925,28.855077380000012],[81.462833217000025,28.853304233000017],[81.464041323,28.852149607],[81.474162313000022,28.849019412000018],[81.481188590999977,28.842910513],[81.487880625,28.842342846],[81.490421868,28.840905577],[81.490705900000023,28.837017816000014],[81.493841479000025,28.833164716999988],[81.495614048999983,28.826230509000027],[81.498124233999988,28.82120426],[81.503364719,28.817119836000018],[81.50998096,28.80925365600001],[81.517831369000021,28.806958915999985],[81.522253396,28.803267130999984],[81.522976183000026,28.799149648000025],[81.521630834,28.797444975000019],[81.518363122999972,28.795767897000019],[81.515781925,28.788001892000011],[81.515855387999977,28.786016453],[81.51251815,28.786268257000017],[81.510295725999981,28.785002156000019],[81.504887194999981,28.785983489999978],[81.50245178900002,28.785266148],[81.499737555000024,28.787563647000013],[81.496930965999979,28.792949734999979],[81.490129668,28.79849012699998],[81.476648502999979,28.79154752],[81.470203351,28.782648193],[81.467260196999973,28.782277186999977],[81.460500868,28.785765395],[81.458718252999972,28.784810459000028],[81.457664680999983,28.782790506000026],[81.455131177999988,28.781353040999988],[81.45704795,28.779478679000022],[81.457202015,28.778117931999986],[81.456441464000022,28.776345149],[81.454315783000027,28.774590468999975],[81.450705366000022,28.776474931999985],[81.445586623,28.776674655000022],[81.443748984000024,28.773991691],[81.440867222,28.775652434999984],[81.433331674999977,28.776227215],[81.430237878000014,28.777904203999981],[81.42643048399998,28.773036853],[81.421624856999983,28.771321694999983],[81.419846228999972,28.767530583999985],[81.416945371,28.764115236],[81.412983162999979,28.764023564000013],[81.413535486,28.762708943],[81.412192184999981,28.761770074000026],[81.404208593000021,28.761297946000013],[81.403324322,28.762193912999976],[81.398190452,28.759093690999975],[81.395395819999976,28.759850895999989],[81.393692122,28.759348294],[81.393661459999976,28.75817084],[81.391500458999985,28.757211585999983],[81.389828174,28.757915748000016],[81.387445526000022,28.756375045000027],[81.382687702,28.758270055000025],[81.379572726999982,28.75612221],[81.381749962000015,28.754367716],[81.379916023000021,28.750894324],[81.379389146,28.748006022000027],[81.380498540000019,28.745453774],[81.390920232999974,28.74266736200002],[81.395411978000027,28.743752885999982],[81.40041374499998,28.746650499999987],[81.403652749,28.746237082],[81.410234541000023,28.742668754000022],[81.408985910000013,28.738510371000018],[81.409607498000014,28.735792506999985],[81.410952156,28.734227357],[81.415948844000013,28.734570706],[81.422841006999988,28.732406251999976],[81.423090377,28.730772281999975],[81.422124727999972,28.728993120999974],[81.411658319000026,28.723069838000015],[81.408359286,28.718550021999988],[81.409826305000024,28.71330965300001],[81.418104049000021,28.70292529],[81.418238245,28.701444991000017],[81.415916247999974,28.701429586000017],[81.411571121,28.703238546000023],[81.410308934999989,28.702227247999986],[81.408198427,28.697703762],[81.396786948999988,28.695914958],[81.39065459,28.692722668999977],[81.388094001000013,28.689199522000024],[81.386885800000016,28.688663804999976],[81.380630562000022,28.690211076000026],[81.376240686000017,28.688666782999974],[81.368599126999982,28.690724863000014],[81.363937833000023,28.690187036999987],[81.359976254,28.693383],[81.356141632,28.69446016],[81.352474079,28.693896787000028],[81.35117741900001,28.691743468000027],[81.351031401,28.686692871],[81.352928089999978,28.682618336000019],[81.352133120000019,28.679935823999983],[81.353075956,28.678453537],[81.347702776,28.67343673900001],[81.346997050000027,28.670411135],[81.345038139999986,28.669764167999972],[81.343413329999976,28.668028994],[81.337969290999979,28.666109345999985],[81.33703413,28.664805517],[81.33157296600001,28.663075165],[81.329410788000018,28.66504082900002],[81.326286407999987,28.664594952000016],[81.317874399,28.669817104],[81.308986017999985,28.671421334],[81.307286847,28.672938919999979],[81.303817768999977,28.672315117999972],[81.303724120000027,28.670878313],[81.301979237000012,28.670519010000021],[81.301759974999982,28.673003277000021],[81.300154051999982,28.673850550999987],[81.29452670500001,28.673210908999977],[81.290347811,28.674672717000021],[81.285220783999989,28.673235342],[81.284286123000015,28.68255652900001],[81.282001203999982,28.688573254],[81.281072591,28.695058765],[81.278233612,28.69808301],[81.273309561000019,28.700017388999981],[81.271365915,28.70208992],[81.267663969000012,28.702769557000011],[81.266397056000017,28.704139162999979],[81.273047919000021,28.717262038],[81.273189173,28.723118123],[81.272339408,28.727011251000022],[81.269205053,28.728806479000013],[81.260062611000023,28.728828852],[81.256006830999979,28.729905885],[81.256267647000016,28.734825558000011],[81.259837174999973,28.741184893000025],[81.266349736,28.740504481000016],[81.268758519000016,28.741345686999978],[81.271691804999989,28.745037196999988],[81.274816213,28.747336401999974],[81.278517062,28.748567337999987],[81.285494802000017,28.755543787000022],[81.293266167000013,28.759885553],[81.297985438000012,28.764763728999981],[81.301617861000011,28.76592873300001],[81.305982287,28.775328234000028],[81.315917048000017,28.779438115],[81.320772282,28.778339345],[81.329445163,28.785406433999981],[81.329634151999983,28.788099499999987],[81.327702094000017,28.795674897000026],[81.331278349,28.803135380000015],[81.334188230999985,28.805081800999972],[81.333905876000017,28.80608864200002],[81.331514938999987,28.806881847999989],[81.332341360999976,28.808425028999977],[81.331101364,28.810747046000017],[81.333911076999982,28.812348623999981],[81.335163513,28.816915904999973],[81.332225473,28.81710590900002],[81.330742957999973,28.818717989],[81.3332244,28.820523356000024],[81.331790806000015,28.822805313],[81.333896529000015,28.822233895000011],[81.338140802999987,28.827107250999973],[81.335885538000014,28.82759798799998],[81.33058979499998,28.832666444999973],[81.329654886000014,28.834748551000018],[81.330961495,28.836184624],[81.33096995,28.838645832999987],[81.335443950000013,28.839487379],[81.342739457999983,28.846387777000018],[81.343515721000017,28.850254615999972],[81.346209371999976,28.856273096],[81.346651593,28.861546111999985],[81.347811459000013,28.863740361999987],[81.346428801,28.865643353999985],[81.347722041999987,28.866734082999983],[81.34941769400001,28.866287586],[81.349938796,28.867134452000016],[81.348023262000027,28.869659129000013],[81.345809243000019,28.870095745000015],[81.343906914,28.875115316],[81.346439667000027,28.876649583000017],[81.351203651,28.883176919],[81.352322943,28.889788133000025],[81.36726507100002,28.890984478],[81.374295456000027,28.892769784999984],[81.383420983,28.898559622999983],[81.387341488,28.899865869],[81.389264906999983,28.903683917000023],[81.391322291999984,28.904923204],[81.394281201000013,28.908447231000025],[81.400185629000021,28.90933666799998],[81.403427318000013,28.908977309000022],[81.414053029,28.914090607],[81.415265429999977,28.913870331999988],[81.416933864999976,28.911780798],[81.419002165,28.910668993],[81.42549118300002,28.909137285999975]]]}},
{"type":"Feature","properties":{"adm3_pcode":"NP0659302","adm3_name":"Bheriganga","adm2_name":"Surkhet","local_level_type":"urban municipality"},"geometry":{"type":"Polygon","coordinates":[[[81.56787059200002,28.528641895000021],[81.571750376000011,28.528812871000014],[81.574607827000023,28.527336671],[81.575759388,28.525617345],[81.575483357,28.522408325000015],[81.579299853,28.518162206999989],[81.593666660999986,28.507165795],[81.598496219000026,28.50561731800002],[81.605859939000027,28.507353321999972],[81.61490386700001,28.512636709999981],[81.632260076000023,28.516042449999986],[81.63958295499998,28.516188602],[81.648067269000023,28.514557932],[81.658053094000024,28.518493958000022],[81.661009383000021,28.518362261],[81.675479048999989,28.514539564000017],[81.685016518999987,28.510298089],[81.690253637000012,28.509344375000012],[81.695464161000018,28.510511215],[81.699120056000027,28.516601392999974],[81.701691503,28.517490534],[81.704609737999988,28.517132544999981],[81.711070705999987,28.511862934000021],[81.729012824,28.505440089],[81.730937432000019,28.502237662000027],[81.729886865000026,28.500057347],[81.734727097000018,28.495781184],[81.738820926000017,28.495294349],[81.740771951,28.496495078],[81.743870588,28.496845839],[81.748341585999981,28.494536114000027],[81.749332133,28.49134079800001],[81.748432598000022,28.486166261],[81.749402006000025,28.483963666000022],[81.752951397,28.480596274999982],[81.754472814,28.480732220999982],[81.754821029000027,28.483565903],[81.755498804000013,28.483997623],[81.761222074999978,28.481348821999973],[81.764016173000016,28.479154],[81.765823531000024,28.476905983999984],[81.766647542999976,28.473458812],[81.767974335000019,28.471585753999989],[81.769956404000027,28.470220969000025],[81.776678718000028,28.468005767000022],[81.777393395999979,28.466679774],[81.777756223999972,28.459576183000024],[81.785078763,28.454327518000014],[81.796247312,28.45430774],[81.803965536000021,28.453206573999978],[81.809504086,28.450385475000019],[81.812012422,28.447537147],[81.814568973,28.449739417999979],[81.826393035000024,28.447513727],[81.833251620999988,28.443163159999983],[81.833765503,28.438964054],[81.83584885800002,28.434768905999988],[81.835733343000015,28.433048375999988],[81.82989918200002,28.430320607999988],[81.830092068999988,28.428221490999988],[81.827662855000028,28.427189551000026],[81.826536912999984,28.425470631],[81.825268272000017,28.425507609000022],[81.82793377500002,28.419123109999987],[81.827634335000027,28.418028519000018],[81.820804136,28.418024736],[81.818402772000013,28.414671135],[81.816804605000016,28.415140945000019],[81.817796932000022,28.413781459],[81.817256585,28.412857536999979],[81.817757042999972,28.411412988],[81.816892361999976,28.410615112000016],[81.818855123999981,28.409042221999982],[81.818747991,28.406805051],[81.815970334999975,28.401660235],[81.812021996,28.39109683800001],[81.809759738000025,28.391250168999989],[81.809017991000019,28.389729610000018],[81.807356023000011,28.389987625],[81.803597136,28.38770884500002],[81.802641363000021,28.389259751999987],[81.800560521000023,28.389188478],[81.7973081,28.391923744],[81.793888245,28.392250478],[81.793430528999977,28.390389767999977],[81.791179105000026,28.389168849999976],[81.787226076000024,28.389302281000028],[81.782363581000027,28.390913940000019],[81.778700959999981,28.390479242000026],[81.774340296,28.387280350000026],[81.770111139,28.386086149999983],[81.768363470999986,28.384279979999974],[81.768089194000027,28.377371674000017],[81.769183973999986,28.374432771999977],[81.766593839,28.370097946999977],[81.762760904,28.371062429],[81.757570563,28.369990455],[81.754702365000014,28.371418596000012],[81.752135722999981,28.374297796],[81.732141937,28.377562716],[81.728992774,28.379018914000028],[81.724316649,28.383061601],[81.721153341,28.382288753000012],[81.716528562,28.384066088999987],[81.708911849,28.39081054899998],[81.702430307999975,28.393246673000021],[81.699697486,28.397037223999973],[81.695857468999975,28.399118792000024],[81.692022484,28.402975696],[81.691525805000026,28.406249324999976],[81.687490893000017,28.410923712999988],[81.683015117000025,28.411363610000024],[81.678692265,28.414981153999975],[81.673670209000022,28.417641028999981],[81.672581739,28.417307981000022],[81.671943114999976,28.415077802999974],[81.669997285000022,28.413327749000018],[81.665742522000016,28.414860111999985],[81.658339579000028,28.415374397999983],[81.655732621000027,28.418833982000024],[81.647961726,28.422977054],[81.64289291,28.430244878],[81.631486849,28.436292287000015],[81.626174489,28.444415653000021],[81.620794126000021,28.446057801999984],[81.612052915999982,28.454286422999985],[81.607775697000022,28.45356343200001],[81.60237384200002,28.458530210999982],[81.599957029,28.462924148000013],[81.596602828000016,28.464662440999973],[81.592293212000016,28.468951797999978],[81.590213294000023,28.469662391999975],[81.587292578000017,28.46894860499998],[81.582936333000021,28.473790598999983],[81.574404346,28.478467362],[81.57248302,28.483298577000028],[81.567768683999986,28.485522431999982],[81.563242964999972,28.490242684],[81.559168608999983,28.492127391999986],[81.557230509000021,28.494930481999972],[81.555840069999988,28.495168503],[81.552926872,28.493303509999976],[81.543725966000011,28.495082154999977],[81.538641227000028,28.49461512900001],[81.539545358999987,28.497900651],[81.539287480999974,28.500051637000013],[81.534943982000016,28.505058927],[81.529226740000013,28.509581868999987],[81.537098163999985,28.517033915000013],[81.53627755399998,28.522573206],[81.537217119,28.525770674],[81.535596016,28.529867086000024],[81.536480477,28.532378990999973],[81.535947608000015,28.536114639],[81.540858875000026,28.546885275000022],[81.537150511,28.550024436],[81.537848285,28.553858965000018],[81.537311402,28.558440659999974],[81.541790215,28.562869251],[81.545291507,28.568939428000022],[81.546050337,28.56915748],[81.546659743000021,28.562718895999978],[81.553287848000025,28.555362539999976],[81.552878732000011,28.551028309],[81.555144247999976,28.546868225000026],[81.560729164,28.540596444000016],[81.561379151999972,28.536228479999977],[81.564744061999988,28.529622698000026],[81.56787059200002,28.528641895000021]]]}},
{"type":"Feature","properties":{"adm3_pcode":"NP0659303","adm3_name":"Birendranagar","adm2_name":"Surkhet","local_level_type":"urban municipality"},"geometry":{"type":"Polygon","coordinates":[[[81.629515670999979,28.692169779999972],[81.639137647999974,28.676372061],[81.642212304,28.675737163],[81.646899329,28.67713153699998],[81.654181269,28.677547726],[81.657301199000017,28.678737160000026],[81.660370536000016,28.678498913],[81.663947838000013,28.679803403999983],[81.666664049000019,28.678826781999987],[81.668718678,28.676998355000023],[81.672069592000014,28.677295375000028],[81.675149329000021,28.679078002999972],[81.678520656999979,28.677071485999988],[81.68965387999998,28.67438489],[81.693515279999986,28.671606326000017],[81.699461518000021,28.665618025000015],[81.701510761,28.660996418000025],[81.714592270000026,28.655455362999987],[81.719372357,28.656242169999985],[81.722650430999977,28.655128381999987],[81.727997830999982,28.655011779],[81.732020458000022,28.648915086999978],[81.735157922999974,28.648040899000023],[81.741068056000017,28.644633984],[81.743204764999973,28.644753066000021],[81.745429866,28.646608676000028],[81.747621130000027,28.646666575999973],[81.755098595999982,28.644193284999972],[81.765349501,28.638184857999988],[81.773488639,28.635079760999986],[81.775617881000016,28.633337325000014],[81.776219761999982,28.62852671600001],[81.775345027000014,28.62735418699998],[81.772221585000011,28.626774259],[81.769596729999989,28.624709225],[81.764964082,28.622768463],[81.75575154400002,28.621468892],[81.755020926999975,28.619586992],[81.753018420999979,28.617691950999983],[81.752696371000013,28.615911673000028],[81.750652686000024,28.613883644],[81.750327939999977,28.605678646],[81.745704155,28.60084509],[81.74637255,28.59822009200002],[81.745912503,28.597320293],[81.740613527,28.594263376000015],[81.736538531,28.593597443000021],[81.735156087,28.593927517999987],[81.734137013,28.595315874999983],[81.734492682999985,28.597026159999984],[81.741492611000012,28.600342513999976],[81.74166069,28.601620712],[81.735150611,28.603047989],[81.731236094999986,28.605663379000021],[81.730607393000014,28.607719619000022],[81.727237525000021,28.611974240999984],[81.726709541,28.615024764999987],[81.725555246999988,28.615768554999988],[81.723716926,28.616202488999988],[81.718771173,28.615506921000019],[81.71730241,28.616904335000015],[81.713474608000013,28.617366675000028],[81.711195427,28.616882375999978],[81.709425759,28.615269687000023],[81.70628843999998,28.618448788000023],[81.704649464,28.619084456],[81.694205528,28.617951727],[81.687846404000027,28.620736255],[81.68558378,28.620438751999984],[81.683080021000023,28.61891960600002],[81.679333754000027,28.620370921000017],[81.677189173999977,28.620237278],[81.673100512000019,28.614906712999982],[81.673782304999975,28.607285237999974],[81.670400519999987,28.600060606999989],[81.669891192000023,28.594319629999973],[81.669945580999979,28.589697182],[81.671327191999978,28.587003512000024],[81.672263655,28.578426567],[81.667840586000011,28.570442303999982],[81.667160204000027,28.565478252999981],[81.671346399000015,28.557825891999983],[81.674028153999984,28.554645285],[81.674171866999984,28.552140581],[81.676881111,28.545903069000019],[81.675808866000011,28.543320917000017],[81.677816098999983,28.539509671000019],[81.677864774999989,28.532741795999982],[81.678822207999985,28.529274191000013],[81.67662578300002,28.524238749],[81.66789260500002,28.516614143000027],[81.65850909400001,28.518503026000019],[81.648067269000023,28.514557932],[81.63958295499998,28.516188602],[81.632260076000023,28.516042449999986],[81.616200998000011,28.513018819000024],[81.611718447999976,28.511322349000011],[81.605859939000027,28.507353321999972],[81.599809476000019,28.505733387000021],[81.596780697999975,28.505848210000011],[81.593666660999986,28.507165795],[81.579299853,28.518162206999989],[81.575483357,28.522408325000015],[81.575759388,28.525617345],[81.574607827000023,28.527336671],[81.571750376000011,28.528812871000014],[81.568300035,28.528576907],[81.564744061999988,28.529622698000026],[81.561379151999972,28.536228479999977],[81.560729164,28.540596444000016],[81.555144247999976,28.546868225000026],[81.552878732000011,28.551028309],[81.553287848000025,28.555362539999976],[81.546659743000021,28.562718895999978],[81.546047263,28.576852395],[81.543310094,28.579189203],[81.535770660000026,28.580396800000017],[81.533799441999975,28.583145519000027],[81.533074555999974,28.585738144],[81.536916733999988,28.588533815],[81.536740388,28.591810135],[81.537859860000026,28.59531589],[81.541189229,28.598348093000027],[81.541516390000027,28.600832804999982],[81.544650792000027,28.603540848000023],[81.546409250000011,28.606461978000027],[81.548418973000025,28.606679424],[81.554308486000025,28.610188244000028],[81.565108706999979,28.610075965000021],[81.569661315000019,28.611442090000025],[81.5760869,28.610286974000019],[81.576760845000024,28.611750411],[81.57605121,28.617679666000015],[81.578778824999972,28.62545086],[81.569621098000027,28.63087673299998],[81.56933727400002,28.633711279000011],[81.571756591,28.63957770899998],[81.575269462999984,28.64451449],[81.576199955,28.6448016],[81.576115013999981,28.649142261],[81.579971296999986,28.652953963000016],[81.583687005,28.655103691000022],[81.587000908999983,28.659709436000014],[81.584021517,28.669321068999977],[81.584135248,28.672986356000024],[81.585050732000013,28.673864413],[81.587869683,28.672634067],[81.590264328999979,28.67430657],[81.591655912000022,28.680014562999986],[81.590249391999976,28.681356169000026],[81.589992962999986,28.682825842],[81.591232561000027,28.685360562000028],[81.593671710000024,28.686480055],[81.596506260000012,28.686605208],[81.598509776000014,28.687918302000014],[81.607228331999977,28.688364507000017],[81.611473043,28.68977331100001],[81.614895397999987,28.689342774000011],[81.623123357,28.692014391999976],[81.627669809999986,28.691413636999982],[81.629515670999979,28.692169779999972]]]}},
{"type":"Feature","properties":{"adm3_pcode":"NP0659304","adm3_name":"Lekabeshi","adm2_name":"Surkhet","local_level_type":"urban municipality"},"geometry":{"type":"Polygon","coordinates":[[[81.687846404000027,28.620736255],[81.694205528,28.617951727],[81.704649464,28.619084456],[81.70628843999998,28.618448788000023],[81.709425759,28.615269687000023],[81.711195427,28.616882375999978],[81.713474608000013,28.617366675000028],[81.71730241,28.616904335000015],[81.718771173,28.615506921000019],[81.723716926,28.616202488999988],[81.726427323,28.615342043999988],[81.727237525000021,28.611974240999984],[81.730607393000014,28.607719619000022],[81.731236094999986,28.605663379000021],[81.735150611,28.603047989],[81.74166069,28.601620712],[81.741492611000012,28.600342513999976],[81.734492682999985,28.597026159999984],[81.734008211,28.595632406999982],[81.735156087,28.593927517999987],[81.740613527,28.594263376000015],[81.74495714699998,28.596502105000013],[81.74637255,28.59822009200002],[81.74738693,28.597264756000015],[81.749806845000023,28.597623633000012],[81.752551949,28.595375128],[81.751900061000015,28.594106424000017],[81.752226737,28.588832728],[81.758299767999972,28.579450614999985],[81.759879494000018,28.575854907],[81.760473924,28.571811411999988],[81.76171483600001,28.57086826699998],[81.763994269000023,28.571234389999972],[81.766859845999988,28.569695572],[81.769174826999972,28.570634392999978],[81.771475753,28.567810560999988],[81.773545598999988,28.567735597000024],[81.776618703999986,28.569960373000015],[81.777509786,28.572549521999974],[81.781365670000014,28.574246293999977],[81.782603802999972,28.578308750000019],[81.78602007500001,28.5791056],[81.787660075000019,28.580553364000025],[81.789590017000023,28.579673660000026],[81.791620680999984,28.576124640999979],[81.795178635000013,28.572742628000015],[81.798579109,28.576275598999985],[81.800139533999982,28.575641556],[81.801102518,28.576168270999972],[81.80182522299998,28.580147914],[81.805300042,28.581388285],[81.806732983000018,28.577355303],[81.814931468,28.568540106],[81.81731335500001,28.560316772000022],[81.821162862999984,28.555240418999972],[81.827631006999979,28.550615],[81.830300712,28.546939751000025],[81.833660415999987,28.545008414999984],[81.836822512000026,28.540161468],[81.843511337,28.537625108999976],[81.848754133,28.533834217999981],[81.843639892,28.530195731999981],[81.838298614,28.530346205],[81.831861935,28.52290317500001],[81.831991158,28.519913327999973],[81.830980725000018,28.516874094],[81.832976313000017,28.51430373300002],[81.831518384999981,28.510935647],[81.828854116,28.50776434],[81.827362263999987,28.503861803],[81.827959604,28.501293235999981],[81.829562489000011,28.499072711999986],[81.825588536,28.495149142],[81.821510352000018,28.487533223000014],[81.818663091000019,28.478310346],[81.817936807000024,28.468298632000028],[81.815007161999972,28.463779631000023],[81.811802802999978,28.455756576],[81.808815922,28.450770804],[81.804224689000023,28.453132896999989],[81.799932446000014,28.453868769],[81.785078763,28.454327518000014],[81.777756223999972,28.459576183000024],[81.777393395999979,28.466679774],[81.776678718000028,28.468005767000022],[81.769956404000027,28.470220969000025],[81.767974335000019,28.471585753999989],[81.766647542999976,28.473458812],[81.765823531000024,28.476905983999984],[81.764016173000016,28.479154],[81.761222074999978,28.481348821999973],[81.755498804000013,28.483997623],[81.754821029000027,28.483565903],[81.754472814,28.480732220999982],[81.752951397,28.480596274999982],[81.749402006000025,28.483963666000022],[81.748432598000022,28.486166261],[81.749332133,28.49134079800001],[81.748341585999981,28.494536114000027],[81.743870588,28.496845839],[81.740771951,28.496495078],[81.738820926000017,28.495294349],[81.734727097000018,28.495781184],[81.729886865000026,28.500057347],[81.730937432000019,28.502237662000027],[81.729012824,28.505440089],[81.711070705999987,28.511862934000021],[81.704609737999988,28.517132544999981],[81.701691503,28.517490534],[81.699120056000027,28.516601392999974],[81.695464161000018,28.510511215],[81.690253637000012,28.509344375000012],[81.685016518999987,28.510298089],[81.677473916999986,28.513859594],[81.667983032999985,28.516473845],[81.67662578300002,28.524238749],[81.678822207999985,28.529274191000013],[81.677864774999989,28.532741795999982],[81.677816098999983,28.539509671000019],[81.675808866000011,28.543320917000017],[81.676878054999975,28.545623343999978],[81.676549632,28.547204131],[81.674171866999984,28.552140581],[81.674028153999984,28.554645285],[81.667189838000013,28.564808065000022],[81.667840586000011,28.570442303999982],[81.672263655,28.578426567],[81.671327191999978,28.587003512000024],[81.669945580999979,28.589697182],[81.669891192000023,28.594319629999973],[81.670400519999987,28.600060606999989],[81.673782304999975,28.607285237999974],[81.673100512000019,28.614906712999982],[81.677189173999977,28.620237278],[81.679333754000027,28.620370921000017],[81.683080021000023,28.61891960600002],[81.68558378,28.620438751999984],[81.687846404000027,28.620736255]]]}},
{"type":"Feature","properties":{"adm3_pcode":"NP0659305","adm3_name":"Gurbhakot","adm2_name":"Surkhet","local_level_type":"urban municipality"},"geometry":{"type":"Polygon","coordinates":[[[81.854651150999985,28.537005072999989],[81.864594663999981,28.53083103199998],[81.873563752,28.531303740999988],[81.877937702999986,28.518536790999974],[81.877361701999973,28.515982455000028],[81.882387831000017,28.516119076],[81.887914603000013,28.514885204999985],[81.895062712000026,28.507195513999989],[81.898402229999988,28.505359794000015],[81.899338899999975,28.502739110999983],[81.900701799999979,28.501520930000027],[81.900258201999975,28.499872574999983],[81.905787171999975,28.498132688999988],[81.91159277700001,28.493753674],[81.913985825,28.490471134000018],[81.916366907999986,28.48877901100002],[81.924985687,28.484822560999987],[81.926516664000019,28.478058143],[81.928642043000025,28.475792318],[81.929652394000016,28.469520972],[81.93075362899998,28.469048719],[81.932450387000017,28.469745429],[81.933488195,28.469099939999978],[81.935502706000022,28.467254325999988],[81.936117844000023,28.465361947000019],[81.937734944999988,28.464987628000017],[81.940429773,28.461213077000025],[81.941723855000021,28.460836443],[81.941610728,28.45836698],[81.944959999,28.456315841],[81.945152909,28.45289465899998],[81.942289300000027,28.449323197000012],[81.943890359000022,28.447895413000026],[81.947732753000025,28.445732416999988],[81.950230737000027,28.445227747999979],[81.958496742000023,28.445208117],[81.961140409999985,28.447129540999981],[81.963408,28.445983303999981],[81.9650459,28.446125127000016],[81.965890866,28.445230282000011],[81.964812083000027,28.441303753999989],[81.965605601999982,28.437770027],[81.965097578999973,28.435930626000015],[81.96029162100001,28.431579270999976],[81.962155403999986,28.42961929],[81.961235865999981,28.428256526999974],[81.961792226,28.424873284],[81.965164808,28.422807896],[81.965849397999989,28.419656133999979],[81.971884774999978,28.415751203000013],[81.972295212,28.412775044999989],[81.973643869999989,28.411197647],[81.972603989,28.409014645000013],[81.973974446,28.404515703000015],[81.978597723,28.403032092999979],[81.979967567000017,28.401418321999984],[81.979957972000022,28.399814471000013],[81.98234025,28.397753506000015],[81.989738166999985,28.395315521999976],[81.988264275,28.393530602999988],[81.981628464999972,28.391176099],[81.976709093000011,28.386392969999974],[81.977744208,28.382724258],[81.975505397,28.375140360999978],[81.977651904000027,28.372591624999984],[81.981503297000017,28.363533825],[81.975997027,28.360859554],[81.969387266000012,28.352212568000027],[81.966545795,28.351075507000019],[81.960253365000028,28.352884065000012],[81.958047764000014,28.350776789],[81.957532050999987,28.349147180999978],[81.952490273000024,28.346879193],[81.94604585899998,28.341974677999985],[81.939358335,28.341538123000021],[81.936911619,28.337228171999982],[81.930681075999985,28.337848339],[81.926715090000016,28.339104793],[81.924067261,28.342574312000011],[81.919957776,28.344821798],[81.91382424699998,28.347450531999982],[81.907294475000015,28.349102601000027],[81.902096073999985,28.354957302],[81.895144082,28.354691791],[81.891699662,28.355323435],[81.88958097,28.357672127],[81.887023811,28.357912130999978],[81.884828114000015,28.361064311],[81.87975379,28.361694994],[81.877811627000028,28.361062274],[81.868767666,28.364427400000011],[81.866086215999985,28.364457985],[81.864945901,28.366236055],[81.862523203000023,28.367679388],[81.862547426,28.369012578000024],[81.855177665999975,28.372900679999987],[81.852255306000018,28.373214546999975],[81.849670984,28.372409522999988],[81.842368245999978,28.374546098999986],[81.841497721,28.379047485],[81.837672264999981,28.381078808999973],[81.834814901000016,28.381103076999977],[81.833687643000019,28.379575890000012],[81.831997316000013,28.379259207000018],[81.826804179000021,28.380772933],[81.819601971,28.380595347999986],[81.814489847,28.384305374],[81.813132841000026,28.384396970000012],[81.812548239000023,28.387594794],[81.810725079,28.389376541],[81.809017991000019,28.389729610000018],[81.809759738000025,28.391250168999989],[81.812126356000022,28.391231579000021],[81.815970334999975,28.401660235],[81.818529786999989,28.405885946000012],[81.818967739000016,28.408757311999977],[81.816892361999976,28.410615112000016],[81.817757042999972,28.411412988],[81.817256585,28.412857536999979],[81.817796932000022,28.413781459],[81.816804605000016,28.415140945000019],[81.818402772000013,28.414671135],[81.820804136,28.418024736],[81.827634335000027,28.418028519000018],[81.82793377500002,28.419123109999987],[81.825268272000017,28.425507609000022],[81.826536912999984,28.425470631],[81.827662855000028,28.427189551000026],[81.830092068999988,28.428221490999988],[81.829793762,28.430224238999983],[81.834445100999972,28.431901276000019],[81.835906865000027,28.434024102000024],[81.833765503,28.438964054],[81.833251620999988,28.443163159999983],[81.828760862000024,28.446269873],[81.823233695,28.448572835],[81.814568973,28.449739417999979],[81.812012422,28.447537147],[81.808815922,28.450770804],[81.811802802999978,28.455756576],[81.815007161999972,28.463779631000023],[81.817936807000024,28.468298632000028],[81.818663091000019,28.478310346],[81.821510352000018,28.487533223000014],[81.825588536,28.495149142],[81.829562489000011,28.499072711999986],[81.827959604,28.501293235999981],[81.827362263999987,28.503861803],[81.828854116,28.50776434],[81.831518384999981,28.510935647],[81.832976313000017,28.51430373300002],[81.830980725000018,28.516874094],[81.831991158,28.519913327999973],[81.831861935,28.52290317500001],[81.838298614,28.530346205],[81.844239494000021,28.530431218999979],[81.854651150999985,28.537005072999989]]]}},
{"type":"Feature","properties":{"adm3_pcode":"NP0659401","adm3_name":"Chaukune","adm2_name":"Surkhet","local_level_type":"rural municipality"},"geometry":{"type":"Polygon","coordinates":[[[81.056871304000026,28.97320910000002],[81.065631223000025,28.970105632000013],[81.072975348,28.969925873000022],[81.080746264000027,28.967609193999976],[81.089355398,28.967709801000012],[81.098831921999988,28.963802793000013],[81.100973754999984,28.963794447999987],[81.103712162000022,28.965592506],[81.106257493999976,28.966010125000025],[81.111885229,28.965820595000025],[81.116774834000012,28.964489972000024],[81.124157033000017,28.959811570999989],[81.127216922,28.956569226],[81.132436846000019,28.948736525000015],[81.134594768999989,28.947089832000017],[81.142100211000013,28.945338408999987],[81.146719582,28.938164389],[81.155303364000019,28.93362049000001],[81.159677542999987,28.928643512],[81.164046370999984,28.925807147],[81.168669067,28.921375435000016],[81.184290738000016,28.914815256999987],[81.194409958999984,28.916150083],[81.19892015,28.912958192000019],[81.201250893,28.909426613999983],[81.204093592,28.90802822],[81.209741199,28.907902246],[81.219060895999974,28.906073669000023],[81.23651870499998,28.905911048],[81.238557207999975,28.907628726999974],[81.239753463999989,28.912235254],[81.24112230999998,28.913920178000012],[81.24330474300001,28.915008170000021],[81.245574245,28.915085195000017],[81.251605821,28.913650597000014],[81.257202936,28.906455154000014],[81.261189578000028,28.902946410000027],[81.262774122999986,28.902282367999987],[81.266011427000024,28.902600883],[81.272289861,28.907368464],[81.273918786000024,28.913099516999978],[81.275667118,28.916193254],[81.281597139999974,28.918691728],[81.283397093000019,28.921557361],[81.286453091,28.922825409999973],[81.290634528,28.922401381999975],[81.298129642999982,28.925229661],[81.301932866000016,28.925679108],[81.309770647,28.920021678000012],[81.316188706999981,28.920160192000026],[81.320911103000014,28.91438085599998],[81.321490446999974,28.911661179000021],[81.324079471,28.908023051999976],[81.328209535999974,28.907812315],[81.332075052999983,28.908856273000026],[81.336284010999975,28.907052497999985],[81.337023566000028,28.905257237],[81.336999849,28.900093653],[81.33924775700001,28.895075587],[81.346797625000022,28.89029201],[81.352322943,28.889788133000025],[81.352456447,28.888529065],[81.351203651,28.883176919],[81.346439667000027,28.876649583000017],[81.343906914,28.875115316],[81.345809243000019,28.870095745000015],[81.348023262000027,28.869659129000013],[81.349938796,28.867134452000016],[81.34941769400001,28.866287586],[81.347722041999987,28.866734082999983],[81.346428801,28.865643353999985],[81.347811459000013,28.863740361999987],[81.346651593,28.861546111999985],[81.346209371999976,28.856273096],[81.343515721000017,28.850254615999972],[81.342739457999983,28.846387777000018],[81.335443950000013,28.839487379],[81.33096995,28.838645832999987],[81.330961495,28.836184624],[81.329654886000014,28.834748551000018],[81.33058979499998,28.832666444999973],[81.335885538000014,28.82759798799998],[81.338140802999987,28.827107250999973],[81.333896529000015,28.822233895000011],[81.331790806000015,28.822805313],[81.3332244,28.820523356000024],[81.330742957999973,28.818717989],[81.332225473,28.81710590900002],[81.335163513,28.816915904999973],[81.333911076999982,28.812348623999981],[81.331101364,28.810747046000017],[81.332341360999976,28.808425028999977],[81.331514938999987,28.806881847999989],[81.333905876000017,28.80608864200002],[81.334188230999985,28.805081800999972],[81.331278349,28.803135380000015],[81.327702094000017,28.795674897000026],[81.329634151999983,28.788099499999987],[81.329445163,28.785406433999981],[81.320772282,28.778339345],[81.315917048000017,28.779438115],[81.305982287,28.775328234000028],[81.301617861000011,28.76592873300001],[81.297985438000012,28.764763728999981],[81.293266167000013,28.759885553],[81.285494802000017,28.755543787000022],[81.278517062,28.748567337999987],[81.274816213,28.747336401999974],[81.271691804999989,28.745037196999988],[81.268758519000016,28.741345686999978],[81.266349736,28.740504481000016],[81.259837174999973,28.741184893000025],[81.260985812,28.745800481],[81.259444009999982,28.750087437],[81.250668932,28.754954178999981],[81.247017632999984,28.761137494000025],[81.247216068,28.763314106999985],[81.249314051999988,28.765715038999986],[81.250636484999973,28.770007783999972],[81.247146525,28.780519888000015],[81.243616842999984,28.782761881],[81.236643268000023,28.784175217999973],[81.232552419,28.785975744999973],[81.227656369999977,28.791147824],[81.225797055999976,28.795082934],[81.226000243999977,28.796973010999977],[81.227821150000011,28.798894233],[81.238965808999978,28.802987504999976],[81.242136569000024,28.809803604000024],[81.240740089999974,28.812348473999975],[81.231815760000018,28.814969609],[81.229534718000025,28.817288051],[81.229516632000013,28.825957432999985],[81.233699996999974,28.829611527],[81.230328265000026,28.833328199],[81.225870274999977,28.835406632],[81.225600841000016,28.837293078000016],[81.224211066,28.838813544],[81.218625839000026,28.841705699999977],[81.212337414999979,28.843547505],[81.208438633000014,28.847120120999989],[81.205199166999989,28.852579757],[81.205534332000013,28.854758435],[81.208325403,28.857501781],[81.207903792000025,28.860017729999981],[81.206037756,28.862357674],[81.202127766999979,28.863606566999977],[81.198882567,28.861102818],[81.198554925,28.857435341999974],[81.199896276,28.852005739],[81.199253834999979,28.846504615000015],[81.195092889000023,28.832982250999976],[81.203560568,28.828225619000023],[81.20657802300002,28.825180131000025],[81.207481131,28.822656627000015],[81.206936746,28.820358769999984],[81.205338446999974,28.817805298],[81.203299868999977,28.816682688000014],[81.201487109000027,28.817057627999986],[81.195509914000013,28.821196912],[81.187282005999975,28.822914017000016],[81.181680484000026,28.824994872],[81.177990121,28.828042977],[81.175574231999974,28.833448942000018],[81.174014231,28.834926284],[81.165258051000023,28.834806489000016],[81.156629838000015,28.828601822],[81.152881005999973,28.830338611],[81.153005746000019,28.833510193],[81.157607741,28.844339938000019],[81.155841442,28.846627201999979],[81.151697029,28.8489983],[81.149078133999978,28.85263999],[81.144968150000011,28.862383029],[81.144887387999972,28.870883237999976],[81.143272883,28.873019019000026],[81.140094126,28.873135151999975],[81.136836150000022,28.872179759],[81.128956723999977,28.865162741],[81.126743843999975,28.861203515999989],[81.127290877,28.855078343],[81.125894941000013,28.851583022999989],[81.113545717000022,28.850008127000024],[81.107880514999977,28.848487815999988],[81.102323839,28.84474509],[81.092546664999986,28.855972915],[81.089050898999972,28.862806045000013],[81.076699323000014,28.863418196999987],[81.072772085,28.864812264000022],[81.071712799000011,28.868092820000015],[81.07380889,28.875075888000026],[81.072183584000015,28.876728087],[81.070699897,28.87758605],[81.067151946000024,28.877344274999984],[81.061170511,28.87387757800002],[81.058682047,28.873398215],[81.05586198200001,28.874112234999984],[81.051404231,28.87683235999998],[81.048044769,28.883014614999979],[81.045301713000015,28.886189596],[81.040624811999976,28.888494318000028],[81.039123989000018,28.890080651],[81.033887435,28.898446804],[81.030962978,28.904549571000018],[81.030272136,28.908041799999978],[81.025642705,28.911708522000026],[81.021060251999984,28.919778523],[81.013930801000015,28.922721091000028],[81.007088212999975,28.927601046],[80.997099364,28.929128332],[80.987057212000025,28.934054614],[80.980933656,28.938703160999978],[80.982824087999973,28.942098434],[80.989217470000028,28.945379151999987],[80.99241092699998,28.947890085999973],[80.998514785,28.95485633200002],[81.001731815000028,28.956604651000021],[81.008200231999979,28.957319483999981],[81.013240451,28.955433228],[81.017825503999973,28.952260959],[81.020720348999987,28.95281551],[81.026383972000019,28.958681915],[81.028425304,28.963168399999972],[81.041714119,28.969966259999978],[81.046103447,28.974088499],[81.048047864000011,28.97794528999998],[81.051565574999984,28.977671050000026],[81.056871304000026,28.97320910000002]]]}},
{"type":"Feature","properties":{"adm3_pcode":"NP0659402","adm3_name":"Barahatal","adm2_name":"Surkhet","local_level_type":"rural municipality"},"geometry":{"type":"Polygon","coordinates":[[[81.50245178900002,28.785266148],[81.504887194999981,28.785983489999978],[81.510295725999981,28.785002156000019],[81.51251815,28.786268257000017],[81.515855387999977,28.786016453],[81.515357745000017,28.780376467],[81.516895268999974,28.777760667999985],[81.51957855500001,28.776322338999989],[81.524950145999981,28.775778214000013],[81.527714104999973,28.774495120999973],[81.53119475699998,28.767511002999981],[81.534212661000026,28.763880632],[81.534937362999983,28.761030905999974],[81.532704278999972,28.75823563199998],[81.528583084,28.7551388],[81.520915564,28.751674201000014],[81.51963020300002,28.750183572000026],[81.520348126999977,28.74900319],[81.522232635000023,28.748199666],[81.529999751,28.749006324999982],[81.540966833000027,28.748347036999974],[81.546385457999975,28.749017800999979],[81.549099447,28.739469035000013],[81.551404913,28.737885025000026],[81.559184001,28.73671393],[81.560315458,28.73398638499998],[81.558740248999982,28.72967745],[81.559321008999973,28.72819297],[81.561121037000021,28.72691998800002],[81.56293573,28.723262352],[81.572825099999989,28.718260265000026],[81.575093145999972,28.712435022000022],[81.585507130999986,28.707510935000016],[81.587633575999973,28.70834088700002],[81.593189789,28.7066135],[81.601121576000025,28.707135687],[81.606489205,28.701052574000016],[81.608930844999975,28.695659045000014],[81.613140007000027,28.693002974000024],[81.616162716000019,28.689826498],[81.610536046,28.689664746],[81.607228331999977,28.688364507000017],[81.601362441999981,28.688399673],[81.592298780000021,28.685951460000013],[81.590069691999986,28.683393978000026],[81.590249391999976,28.681356169000026],[81.591655912000022,28.680014562999986],[81.591148678000025,28.676003550000019],[81.589767223000024,28.673474015000011],[81.587621592,28.672632876000023],[81.585050732000013,28.673864413],[81.584238536999976,28.673515996999981],[81.584021517,28.669321068999977],[81.587000908999983,28.659709436000014],[81.583687005,28.655103691000022],[81.579971296999986,28.652953963000016],[81.576115013999981,28.649142261],[81.576199955,28.6448016],[81.575269462999984,28.64451449],[81.571756591,28.63957770899998],[81.569206117000022,28.632987719000027],[81.569262948000016,28.631550541000024],[81.570492118,28.630139875],[81.578778824999972,28.62545086],[81.57605121,28.617679666000015],[81.576760845000024,28.611750411],[81.5760869,28.610286974000019],[81.569661315000019,28.611442090000025],[81.565108706999979,28.610075965000021],[81.554308486000025,28.610188244000028],[81.548418973000025,28.606679424],[81.546409250000011,28.606461978000027],[81.544650792000027,28.603540848000023],[81.541516390000027,28.600832804999982],[81.541189229,28.598348093000027],[81.537859860000026,28.59531589],[81.536740388,28.591810135],[81.536916733999988,28.588533815],[81.533074555999974,28.585738144],[81.533799441999975,28.583145519000027],[81.535770660000026,28.580396800000017],[81.542602686,28.579410860999985],[81.545313717999989,28.577954033000026],[81.546293741,28.576215207000018],[81.546550369999977,28.570490926],[81.541790215,28.562869251],[81.539450209,28.559977548],[81.537406319000013,28.558900494999989],[81.537841418000028,28.553516123],[81.537150511,28.550024436],[81.540858875000026,28.546885275000022],[81.535947608000015,28.536114639],[81.536480477,28.532378990999973],[81.535596016,28.529867086000024],[81.537217119,28.525770674],[81.53627755399998,28.522573206],[81.537167899999986,28.517320202],[81.529226740000013,28.509581868999987],[81.523802568,28.511479867999981],[81.519339727999977,28.511927889999981],[81.516101891,28.513505824999982],[81.512898850999989,28.519119451],[81.511605884,28.520074094999984],[81.512559958999987,28.522721177],[81.51209318399998,28.524180285],[81.508207249,28.525613850000013],[81.506000065000023,28.528229953],[81.502751237999973,28.529252690000021],[81.49785102200002,28.533164511],[81.495364917000018,28.533453324999982],[81.491543708999984,28.532158767],[81.488823657000012,28.534769676],[81.488279686,28.537295998],[81.486371167000016,28.538918134000028],[81.478660776000027,28.538965836999978],[81.475997124,28.539730916999986],[81.474123652,28.541957309999987],[81.472220232999973,28.548519678],[81.468991424000023,28.54837296],[81.466007116000014,28.553407204999985],[81.463435823999987,28.554359018000014],[81.459615907999989,28.554180232000022],[81.453065896,28.552210262000017],[81.445519763,28.554053488000022],[81.442183645,28.558046074],[81.437879706,28.559490381999979],[81.433248326000012,28.563527568999973],[81.432354153,28.56605932399998],[81.433213566,28.567980907999981],[81.432748059,28.571930225000017],[81.430624503999979,28.577279077000014],[81.426058860000012,28.578069503999984],[81.424349162999988,28.577589836000016],[81.42360166200001,28.579825557999982],[81.421653027,28.581288959],[81.424755759,28.586716062],[81.424532334999981,28.587727466],[81.421308810000028,28.589190284999972],[81.41998265,28.59072168900002],[81.419141711,28.593765271],[81.416706262,28.595500827000023],[81.413768044999983,28.594999958000017],[81.409782264,28.595569287999979],[81.401412414999982,28.601971832],[81.400181240999984,28.60357266699998],[81.400870903,28.606801129000019],[81.394255281000028,28.60803423599998],[81.388333414999977,28.610634353000023],[81.386206775,28.610186989999988],[81.382584614,28.611846349000018],[81.379233248999981,28.612250516000017],[81.373805162999986,28.616572167000015],[81.370411167999976,28.617621461999988],[81.369582,28.6193811],[81.364485370000011,28.62346684],[81.358832757000016,28.623946593000028],[81.356178004000014,28.623321990000022],[81.350175859999979,28.624609976999977],[81.345421131000023,28.624667280999972],[81.340620552000019,28.627174484000022],[81.33980176,28.628789574],[81.329959309,28.631096851],[81.323191652999981,28.635449105000021],[81.316831127,28.636328124999977],[81.315114314000027,28.63898504399998],[81.316075919000014,28.639873974000011],[81.315776684000014,28.64136127],[81.314204282,28.644442025999979],[81.310781512,28.64708486],[81.310125909000021,28.650934995999989],[81.311894013000028,28.652726604],[81.314086169,28.651792093999973],[81.316194371999984,28.652306075000013],[81.316857277,28.656092235000017],[81.319748512999979,28.659439965],[81.321660432999977,28.663466805999974],[81.321005324999987,28.667549294000025],[81.323408136000012,28.666842079],[81.326286407999987,28.664594952000016],[81.329410788000018,28.66504082900002],[81.33157296600001,28.663075165],[81.33703413,28.664805517],[81.337969290999979,28.666109345999985],[81.343413329999976,28.668028994],[81.345038139999986,28.669764167999972],[81.347125968,28.670528062000017],[81.347702776,28.67343673900001],[81.353117447999978,28.678627082999981],[81.352133120000019,28.679935823999983],[81.352928089999978,28.682618336000019],[81.351031401,28.686692871],[81.35117741900001,28.691743468000027],[81.352474079,28.693896787000028],[81.356141632,28.69446016],[81.359976254,28.693383],[81.363937833000023,28.690187036999987],[81.368599126999982,28.690724863000014],[81.376240686000017,28.688666782999974],[81.380630562000022,28.690211076000026],[81.386885800000016,28.688663804999976],[81.388094001000013,28.689199522000024],[81.39065459,28.692722668999977],[81.396786948999988,28.695914958],[81.408198427,28.697703762],[81.410308934999989,28.702227247999986],[81.411571121,28.703238546000023],[81.415916247999974,28.701429586000017],[81.418238245,28.701444991000017],[81.418104049000021,28.70292529],[81.409826305000024,28.71330965300001],[81.408359286,28.718550021999988],[81.411658319000026,28.723069838000015],[81.422124727999972,28.728993120999974],[81.423090377,28.730772281999975],[81.422841006999988,28.732406251999976],[81.415948844000013,28.734570706],[81.410952156,28.734227357],[81.409607498000014,28.735792506999985],[81.408985910000013,28.738510371000018],[81.410234541000023,28.742668754000022],[81.403652749,28.746237082],[81.40041374499998,28.746650499999987],[81.395411978000027,28.743752885999982],[81.390920232999974,28.74266736200002],[81.380498540000019,28.745453774],[81.379389146,28.748006022000027],[81.379916023000021,28.750894324],[81.381749962000015,28.754367716],[81.379574294,28.755853736],[81.379804502000013,28.756505053000012],[81.38300740699998,28.758377425],[81.386789551999982,28.756376912],[81.388362524,28.756510046000017],[81.389828174,28.757915748000016],[81.391500458999985,28.757211585999983],[81.393661459999976,28.75817084],[81.393835788999979,28.75943135],[81.396332939999979,28.759895529],[81.398190452,28.759093690999975],[81.403324322,28.762193912999976],[81.404208593000021,28.761297946000013],[81.412192184999981,28.761770074000026],[81.413535486,28.762708943],[81.412983162999979,28.764023564000013],[81.416945371,28.764115236],[81.419846228999972,28.767530583999985],[81.421624856999983,28.771321694999983],[81.42643048399998,28.773036853],[81.430237878000014,28.777904203999981],[81.433331674999977,28.776227215],[81.440867222,28.775652434999984],[81.443748984000024,28.773991691],[81.445586623,28.776674655000022],[81.450705366000022,28.776474931999985],[81.454315783000027,28.774590468999975],[81.456441464000022,28.776345149],[81.457202015,28.778117931999986],[81.45704795,28.779478679000022],[81.455131177999988,28.781353040999988],[81.457664680999983,28.782790506000026],[81.458718252999972,28.784810459000028],[81.460500868,28.785765395],[81.467260196999973,28.782277186999977],[81.470203351,28.782648193],[81.476648502999979,28.79154752],[81.490129668,28.79849012699998],[81.496930965999979,28.792949734999979],[81.499737555000024,28.787563647000013],[81.50245178900002,28.785266148]]]}},
{"type":"Feature","properties":{"adm3_pcode":"NP0659403","adm3_name":"Chingad","adm2_name":"Surkhet","local_level_type":"rural municipality"},"geometry":{"type":"Polygon","coordinates":[[[81.819945459999985,28.724030579999976],[81.833587084999976,28.718379920000018],[81.837561446999985,28.713523424000016],[81.845234903,28.710128097999984],[81.849714119999987,28.702619855000023],[81.859544411,28.692341380000016],[81.86104597100001,28.684668796999972],[81.864341765,28.681746863],[81.866036338000015,28.678778661000024],[81.86746251400001,28.67219391499998],[81.867945412999973,28.663907560999974],[81.874598193999987,28.660650207],[81.877127323000025,28.658777353],[81.879308456,28.655821656],[81.877606593999985,28.654064107000011],[81.877649254,28.648363446000019],[81.880628184999978,28.64711472800002],[81.885170763000019,28.643275085000028],[81.886774613,28.643036753999979],[81.887816026999985,28.640007174],[81.891468963000023,28.636865640999986],[81.895058690999974,28.635407263],[81.897494892,28.630238963000011],[81.904258410000011,28.626907303],[81.90580243,28.624580289],[81.905610228,28.623410770000021],[81.908226526000021,28.621879636000017],[81.909584901000017,28.618570272],[81.911978974000021,28.617378979000023],[81.913977464000027,28.613316318999978],[81.918650719000027,28.61254033199998],[81.917520361000015,28.609694391],[81.911977379,28.605429956000023],[81.905484565999984,28.605780268],[81.891433365000012,28.601402284000017],[81.887217822000025,28.600945018],[81.884333110999989,28.599626160000014],[81.881627778,28.596896185],[81.878925571000025,28.590685408000013],[81.877572654,28.589349699000024],[81.876342211,28.58505132800002],[81.876720429999978,28.577033947000018],[81.876009556999975,28.571967341],[81.875007540000013,28.570076750999988],[81.876241338,28.568485166000016],[81.877261862000012,28.562981123999975],[81.880495495,28.559080154000014],[81.881767266999987,28.55524602600002],[81.879539400999988,28.550714975],[81.875139642000022,28.549678695000011],[81.867452819,28.542270206000012],[81.866461162,28.537685926999984],[81.867689745,28.530813578],[81.864076480999984,28.531032819000018],[81.854651150999985,28.537005072999989],[81.848821940999983,28.533605927999986],[81.843511337,28.537625108999976],[81.836495676000027,28.540422939],[81.833660415999987,28.545008414999984],[81.830300712,28.546939751000025],[81.827631006999979,28.550615],[81.820442883999988,28.556054647],[81.81731335500001,28.560316772000022],[81.814931468,28.568540106],[81.806732983000018,28.577355303],[81.805300042,28.581388285],[81.80182522299998,28.580147914],[81.801102518,28.576168270999972],[81.800139533999982,28.575641556],[81.798579109,28.576275598999985],[81.795178635000013,28.572742628000015],[81.791620680999984,28.576124640999979],[81.789590017000023,28.579673660000026],[81.787660075000019,28.580553364000025],[81.78602007500001,28.5791056],[81.782603802999972,28.578308750000019],[81.781365670000014,28.574246293999977],[81.777509786,28.572549521999974],[81.776618703999986,28.569960373000015],[81.773545598999988,28.567735597000024],[81.771475753,28.567810560999988],[81.769174826999972,28.570634392999978],[81.766859845999988,28.569695572],[81.763994269000023,28.571234389999972],[81.76171483600001,28.57086826699998],[81.760473924,28.571811411999988],[81.759879494000018,28.575854907],[81.758299767999972,28.579450614999985],[81.752226737,28.588832728],[81.751900061000015,28.594106424000017],[81.752551949,28.595375128],[81.749806845000023,28.597623633000012],[81.74738693,28.597264756000015],[81.745678172999988,28.600064662000023],[81.745940054000016,28.601227245000018],[81.750327939999977,28.605678646],[81.750652686000024,28.613883644],[81.752696371000013,28.615911673000028],[81.753018420999979,28.617691950999983],[81.755020926999975,28.619586992],[81.75575154400002,28.621468892],[81.764964082,28.622768463],[81.769596729999989,28.624709225],[81.772221585000011,28.626774259],[81.775345027000014,28.62735418699998],[81.776257494999982,28.629140098],[81.775617881000016,28.633337325000014],[81.78050650900002,28.63444848],[81.783146997000017,28.636057431999973],[81.783783949999986,28.637303513],[81.782120642999985,28.642641371000025],[81.781458043999976,28.649593158000016],[81.782238084000028,28.651835463],[81.783736667000028,28.653299849],[81.789497945999983,28.653327239000021],[81.791453591,28.654757384999982],[81.794148473,28.658407274000012],[81.797614450000026,28.668114052000021],[81.808090019000019,28.675426087],[81.810683685000015,28.681314143],[81.810215082000013,28.687069231],[81.807109747000027,28.69428158300002],[81.810383132000027,28.696765961999972],[81.811298781,28.698968896999986],[81.812672072,28.707007111],[81.813763079000012,28.708791648999977],[81.814600402999986,28.719025717000022],[81.819945459999985,28.724030579999976]]]}},
{"type":"Feature","properties":{"adm3_pcode":"NP0659404","adm3_name":"Simta","adm2_name":"Surkhet","local_level_type":"rural municipality"},"geometry":{"type":"Polygon","coordinates":[[[82.012423789000024,28.644253873000025],[82.019164610000018,28.645022211000025],[82.030392966000022,28.644856076],[82.03733414300001,28.641748711999981],[82.040408102000015,28.641659826000023],[82.035871912,28.637936479000018],[82.029741941999987,28.640773567999986],[82.027193631999978,28.639033440999981],[82.025913627000023,28.631779591999987],[82.022208251,28.628548086000023],[82.021627043000024,28.627138146],[82.024401494000017,28.619621253],[82.026852397000027,28.61691385],[82.024665828000025,28.613068548],[82.023202291000018,28.612276474999987],[82.020557083000028,28.612531101],[82.012835952999978,28.615341044],[82.007261213,28.615147982],[82.004082862000018,28.613448156],[82.005345729999988,28.607952742],[82.00814727300002,28.601922587999979],[82.01033333700002,28.599316671999986],[82.011398513000017,28.595510037999986],[82.009926754999981,28.593220101999975],[82.002929334999976,28.589428165000015],[82.000740112000017,28.587170528],[82.003163534,28.580240951],[82.002700571999981,28.578241255000023],[82.001133933,28.576944476999984],[81.995614336000017,28.575324796000018],[81.995474468999987,28.572557986999982],[81.993977094,28.569907146999981],[81.99806081700001,28.565076837999982],[82.003975374999982,28.562522532],[82.006366800000023,28.559157250999988],[82.008440459999974,28.552076745000022],[82.014886424,28.547363771],[82.017909654,28.543154328000014],[82.018606675,28.540189548],[82.018244515999982,28.527695256000015],[82.019772035000017,28.525581346000024],[82.023309270000027,28.524228397],[82.025733547000016,28.521827964000011],[82.027500825,28.517465453],[82.026548108999975,28.515812403999973],[82.021574881,28.513819641999987],[82.020426203,28.511554459000024],[82.020335037,28.507657128],[82.025109860999976,28.499062736999974],[82.019397291000018,28.490531379],[82.014203706999979,28.485715746999972],[82.008934926,28.478572453000027],[82.008990768,28.476593698999977],[82.011315519999982,28.472863387000018],[82.010286687000018,28.467969136000022],[82.007831606000025,28.46669928],[82.004645159,28.466903340999977],[82.001575252,28.464040811000018],[81.998984283000027,28.464380181000024],[81.996827597999982,28.463128202],[81.990743321000025,28.461902665000025],[81.987927641,28.458322829],[81.983625911,28.454945453999983],[81.983252751,28.452825393000012],[81.986779072,28.450088382999979],[81.987006450000024,28.448257243],[81.986112471000013,28.446878668000011],[81.980272671000023,28.445062002999975],[81.971913649999976,28.446558996000022],[81.967187127999978,28.448564245],[81.964630178,28.451151784],[81.96305651,28.451490041],[81.961789700999987,28.450411685],[81.961140409999985,28.447129540999981],[81.95918602,28.445365611999989],[81.954363119999982,28.444901087],[81.948077582999986,28.445619492999981],[81.942289300000027,28.449323197000012],[81.945152909,28.45289465899998],[81.945090798000024,28.456030682],[81.941610728,28.45836698],[81.941723855000021,28.460836443],[81.940429773,28.461213077000025],[81.937734944999988,28.464987628000017],[81.936117844000023,28.465361947000019],[81.935502706000022,28.467254325999988],[81.933488195,28.469099939999978],[81.932450387000017,28.469745429],[81.930365806,28.469067149000011],[81.929457042000024,28.469808753999985],[81.928642043000025,28.475792318],[81.926516664000019,28.478058143],[81.924985687,28.484822560999987],[81.916366907999986,28.48877901100002],[81.913985825,28.490471134000018],[81.91159277700001,28.493753674],[81.905787171999975,28.498132688999988],[81.900258201999975,28.499872574999983],[81.900701799999979,28.501520930000027],[81.899338899999975,28.502739110999983],[81.898402229999988,28.505359794000015],[81.895062712000026,28.507195513999989],[81.887914603000013,28.514885204999985],[81.882387831000017,28.516119076],[81.877361701999973,28.515982455000028],[81.877937702999986,28.518536790999974],[81.876458937999985,28.523486688999981],[81.87469562299998,28.526462202],[81.874334536999982,28.530529573000024],[81.872022958,28.531476078000026],[81.867839661,28.530871261000016],[81.867308709999975,28.532081517999984],[81.866451400000017,28.538371738000023],[81.867452819,28.542270206000012],[81.875139642000022,28.549678695000011],[81.879539400999988,28.550714975],[81.881767266999987,28.55524602600002],[81.880495495,28.559080154000014],[81.877261862000012,28.562981123999975],[81.876241338,28.568485166000016],[81.875007540000013,28.570076750999988],[81.876009556999975,28.571967341],[81.876720429999978,28.577033947000018],[81.876342211,28.58505132800002],[81.877572654,28.589349699000024],[81.878925571000025,28.590685408000013],[81.881627778,28.596896185],[81.884333110999989,28.599626160000014],[81.887217822000025,28.600945018],[81.891433365000012,28.601402284000017],[81.905484565999984,28.605780268],[81.911977379,28.605429956000023],[81.917520361000015,28.609694391],[81.918650719000027,28.61254033199998],[81.913977464000027,28.613316318999978],[81.911978974000021,28.617378979000023],[81.909584901000017,28.618570272],[81.908226526000021,28.621879636000017],[81.905610228,28.623410770000021],[81.904819530999987,28.626312491000022],[81.896826222000016,28.630832148000025],[81.895058690999974,28.635407263],[81.891468963000023,28.636865640999986],[81.887816026999985,28.640007174],[81.886774613,28.643036753999979],[81.895798010000021,28.643277422999972],[81.898821425999984,28.642488163999985],[81.901915294999981,28.643744342],[81.907023781000021,28.644123068],[81.913381265999988,28.642264453999985],[81.920407680999972,28.642593585999975],[81.924191716,28.639919575000022],[81.927122038999983,28.641521469],[81.931220704999987,28.639684196000019],[81.936832478999975,28.641109519],[81.94748781200002,28.636090759000012],[81.95734795300001,28.640684100999977],[81.967416289000028,28.639865884000017],[81.971126278999975,28.640263525000023],[81.975526589000026,28.638445317],[81.980104665,28.64138755],[81.992217288,28.643848495999976],[82.002297423000016,28.643735901000014],[82.008224528000028,28.645194289000017],[82.012423789000024,28.644253873000025]]]}},
{"type":"Feature","properties":{"adm3_pcode":"NP0660301","adm3_name":"Chhedagad","adm2_name":"Jajarkot","local_level_type":"urban municipality"},"geometry":{"type":"Polygon","coordinates":[[[82.042730028,28.871078808],[82.055031134999979,28.872803389000012],[82.057651885999974,28.867089580000027],[82.060959313000012,28.863677818999975],[82.059440834999975,28.856825805000028],[82.060570477999988,28.854335676],[82.060660942000027,28.848916928],[82.056599580000011,28.840947856000014],[82.057746149000025,28.838935807999974],[82.05752606599998,28.83496986],[82.058496360999982,28.832124573999977],[82.059996805000026,28.830984951],[82.062372736999976,28.830675327],[82.068535161,28.826778462999982],[82.072288947,28.820897435],[82.077011934999973,28.817289087],[82.078142341999978,28.814135707999981],[82.075502132999986,28.810992022],[82.063385778,28.804327774],[82.078968337999981,28.801583004],[82.079513038000016,28.800333502],[82.077926858000012,28.797986757999979],[82.078018257999986,28.79605068799998],[82.081321232,28.793468537000024],[82.088129099000014,28.784567144999983],[82.092443955000022,28.780993099999989],[82.092948789,28.779439376000028],[82.102799940000011,28.783430711999983],[82.103805438,28.786266964999982],[82.103131900999983,28.789791316999981],[82.105956127000013,28.790632156000015],[82.106663551,28.792938454000023],[82.11899166500001,28.794257886000025],[82.123760901000026,28.797062633],[82.125648984,28.795650665999972],[82.127193272,28.795786614],[82.130757175999975,28.798407296999983],[82.133096315999978,28.797327494],[82.13649066,28.797747817000015],[82.137498732999973,28.799907007],[82.140035442999988,28.800345816],[82.143618531000016,28.789659792],[82.142636728000014,28.786271090000014],[82.143450025999982,28.781137076],[82.14206205,28.776590226],[82.142838588000018,28.775543771],[82.145196467,28.774955298],[82.145122357,28.771389812999985],[82.145856039000023,28.769709853999984],[82.15171962,28.769574262999981],[82.158655333000013,28.768005947],[82.160015503000011,28.765706992],[82.157094089,28.762294451],[82.154731481,28.761786839000024],[82.154379940000013,28.759904131999974],[82.152564287000018,28.75791204],[82.153203243,28.752240385],[82.149134329,28.743782480999982],[82.146090249,28.743402284000013],[82.140937254,28.740434546000017],[82.135523461999981,28.738465835999989],[82.12830788399998,28.738203694],[82.11958531099998,28.7352694],[82.111518604000025,28.734605094000017],[82.104351173,28.732866089000026],[82.099790212000016,28.727072307000014],[82.098821649,28.724136500999975],[82.094194662,28.716786612000021],[82.08523653200001,28.711909746],[82.081293152,28.707321611],[82.076470114000017,28.704249575],[82.074540453999987,28.696681120999983],[82.075696089000019,28.694359851],[82.073157024000011,28.689530197000011],[82.073047669,28.682502280999984],[82.071983247999981,28.679332370999987],[82.072515284000019,28.67349254200002],[82.069985178000024,28.667341009999973],[82.072964835999983,28.660622422000017],[82.074344481000026,28.65955354],[82.074170045000017,28.657369114],[82.075494693,28.656551084],[82.075445731,28.65488673599998],[82.076628715000027,28.653848724999989],[82.076660946,28.651240840000014],[82.079095573000018,28.650197408999986],[82.080473229,28.648512645999972],[82.080096460999982,28.645497481],[82.082037135,28.645545191999986],[82.081150174000015,28.64314539999998],[82.085098080000023,28.642960411999979],[82.086566733999973,28.640747074999979],[82.085861745999978,28.638524082],[82.086793199999988,28.637537624],[82.08540667,28.635793764000027],[82.082519812999976,28.635713106000026],[82.080559247999986,28.636761793],[82.079429743999981,28.635072306999973],[82.077503168000021,28.636384721000013],[82.07035259700001,28.635277407999979],[82.067966576,28.6302389],[82.054293971,28.634771722999972],[82.054094586000019,28.636762850000025],[82.058762054999988,28.641407114],[82.057652658999984,28.643919617],[82.056310642000028,28.64460447099998],[82.051878214,28.642764452],[82.046652935999987,28.642049317999977],[82.045622655999978,28.641098578000026],[82.046251503,28.637992060999977],[82.045225222999989,28.636991701],[82.039577184,28.636608780000017],[82.035871912,28.637936479000018],[82.039487501,28.640419426999983],[82.040534639999976,28.642105475],[82.038364773000012,28.644095885000013],[82.037903426000014,28.645996453],[82.035753381,28.647280679],[82.033787647999986,28.650609406],[82.028760515999977,28.65070857500001],[82.027676714,28.651346188],[82.026608662,28.655240876],[82.021991781999986,28.65896621600001],[82.017583652999974,28.661110705],[82.016520628000023,28.663521156],[82.016760541999986,28.666381894999972],[82.014539110999976,28.668879882999988],[82.014043078999975,28.670839320000027],[82.011200751999979,28.672220777],[82.010187407999979,28.67457204599998],[82.007074148000015,28.677735271000017],[82.002230516999987,28.679785575999972],[82.003280405,28.684938928],[82.002574761,28.694508536],[82.005564005999986,28.696503018999977],[82.005145062999986,28.699851392000028],[82.006354322999982,28.700625087999981],[82.007456255000022,28.70295613899998],[82.004140996,28.704083737000019],[81.993984808,28.70433475599998],[81.983392772,28.706345355999986],[81.978168498,28.705422241],[81.970116261999976,28.706344165000019],[81.966628132999972,28.708550474999981],[81.964114091,28.708949651000012],[81.950894676000019,28.706812284000023],[81.948031484000012,28.707795589999989],[81.943074958000011,28.711809336999977],[81.931263253,28.711663369],[81.928271128,28.713292301000024],[81.923006621000013,28.718633856999986],[81.917432571,28.721696744999974],[81.909861944,28.723403666000024],[81.903596924,28.72654510000001],[81.899765678,28.727484208000021],[81.896366122000018,28.731858068],[81.89228076500001,28.73380033],[81.892414781000014,28.73541006],[81.890930982999976,28.738731294],[81.887802158,28.742212240000015],[81.880114989999981,28.746974815999977],[81.881611611999972,28.749635967000017],[81.881853348999982,28.755402312],[81.883707856,28.761776248999979],[81.893722609,28.769084405],[81.902456288999986,28.772922049999977],[81.904211262999979,28.774922389999972],[81.908210500999985,28.776632539],[81.912171839999985,28.779926292000027],[81.91817691,28.775940309000021],[81.927629845000013,28.774170420000019],[81.935782921999987,28.774308148999978],[81.942441116999987,28.775689741],[81.941029389999983,28.778079375],[81.937070378999977,28.780710076],[81.935751431000028,28.784262978000015],[81.939099898999984,28.788403769000013],[81.943017275999978,28.789930685],[81.946625531,28.790180650000025],[81.955260117000023,28.793000388999985],[81.960129409,28.792174096999986],[81.96392913,28.792839527000012],[81.969909485000017,28.790538764000019],[81.974718892,28.790664258999982],[81.973101863000011,28.793973805],[81.975337207999985,28.796019397],[81.975612248,28.795236911000018],[81.977465251000012,28.794997959999989],[81.978295976000027,28.793600163],[81.98050509,28.794885701999988],[81.982113081000023,28.793637903],[81.984013005,28.79396914900002],[81.988816865,28.789959526000018],[81.990541568000026,28.789910743],[81.992489842999987,28.791157406000025],[81.993455289,28.790351806999979],[81.99561237,28.790396771000019],[81.998530884,28.78851655],[82.000358687000016,28.789078211],[82.002071410999974,28.788036895],[82.004548075,28.788034305999986],[82.00863130099998,28.786348208],[82.010966144,28.784453978999977],[82.016047809999975,28.785491831],[82.021149192999985,28.791491850999989],[82.020666961000018,28.797387424000021],[82.02447211499998,28.805027960000018],[82.023844237999981,28.806356828999981],[82.023996700999987,28.810623437],[82.025179144999981,28.811721977],[82.024402453,28.81420011199998],[82.027232670999979,28.815450849],[82.025290020999989,28.817547628],[82.025991843999975,28.818597916999977],[82.025567736000028,28.820800457000018],[82.023937719,28.823512933000018],[82.027485814999977,28.829366505],[82.028286714999979,28.838983254000027],[82.027093342,28.840790068999979],[82.025002611,28.841678893999983],[82.02491653300001,28.8430917],[82.022808769999983,28.845778359],[82.023263926000027,28.847518517000026],[82.022554430000014,28.849109672],[82.024843840000017,28.850698308],[82.025002738000012,28.851621975],[82.023334531999978,28.854731663999985],[82.024172145000023,28.855954687],[82.022735069000021,28.857095687000026],[82.022304393000013,28.859632133],[82.02097255000001,28.860934680000014],[82.022694369000021,28.861447159000022],[82.021410778000018,28.862316309999983],[82.022031218999985,28.864251513999989],[82.027926388000026,28.865781146000018],[82.037033227,28.865057282],[82.039193995,28.868408316],[82.042730028,28.871078808]]]}},
{"type":"Feature","properties":{"adm3_pcode":"NP0660302","adm3_name":"Bheri Malika","adm2_name":"Jajarkot","local_level_type":"urban municipality"},"geometry":{"type":"Polygon","coordinates":[[[82.21199787,28.779862630000025],[82.219275208999989,28.779075372000023],[82.219055997,28.775362336],[82.21497976400002,28.767256212],[82.216344429,28.761916161999977],[82.219029738000017,28.759390434000011],[82.219390353999984,28.757215014999986],[82.231868287999987,28.753840196],[82.235072973,28.747481640999979],[82.242290044000015,28.748076442000013],[82.251576340999975,28.745065230000023],[82.262342349999983,28.74340872800002],[82.269187988999988,28.736530399],[82.271057035000013,28.730573789],[82.269125669,28.727348370000016],[82.271755559999974,28.720838759],[82.27122972,28.719472313999972],[82.273926444999972,28.718023612000025],[82.277148501,28.718390251000017],[82.279281974000014,28.71766403700002],[82.284236802,28.714411846000019],[82.281527369,28.710433860000023],[82.277979137999978,28.708421557],[82.275842661000013,28.706039495000027],[82.276736088,28.703392001999987],[82.280483976000028,28.698973900999988],[82.280809590999979,28.697193382000023],[82.279496083000026,28.693788552],[82.276252807,28.691978608],[82.272991045000026,28.692852918000028],[82.268666328,28.698938606000013],[82.261172024000018,28.702734959999987],[82.260997917,28.706397494999976],[82.259910600000012,28.707794850000028],[82.254312782999989,28.708503265],[82.251093168000011,28.711271400999976],[82.247295099999974,28.712353059],[82.238361684999973,28.709090041000024],[82.232446990000028,28.702323015],[82.231749061000016,28.700238384999977],[82.232207884,28.696388308999985],[82.231049125000027,28.691853773],[82.228691635000018,28.688387933],[82.225998200999982,28.687631900999975],[82.22169788399998,28.689040020999983],[82.216482192,28.686948637],[82.212126126999976,28.681916973999989],[82.210422943000026,28.677443488],[82.209029534000024,28.675935606999985],[82.206470250999985,28.676244914999984],[82.204614355999979,28.680750223000018],[82.203030722999983,28.682625214999973],[82.199447249,28.683811928000011],[82.197009341000012,28.683233509],[82.19638970699998,28.68149084800001],[82.198705691999976,28.678892121],[82.197496159000025,28.676051615],[82.195175646,28.673521001999973],[82.194433522999987,28.668747806],[82.198061371999984,28.663854747000016],[82.193903396999985,28.655944728],[82.19369031399998,28.651911222000024],[82.192382366,28.648525764],[82.191962663000027,28.639055505999977],[82.190850888999989,28.638300620999985],[82.187882208000019,28.639418412999987],[82.18639887400002,28.638021644],[82.18680875299998,28.634796885000014],[82.191211278000026,28.631667987000014],[82.190129737,28.62826241],[82.181261536000022,28.619646575],[82.178535566,28.617789018999986],[82.17278600100002,28.616144899],[82.16804829199998,28.611500695000018],[82.164579883999977,28.611647818999984],[82.15946115700001,28.614157201000012],[82.156495308999979,28.614155472],[82.15469919200001,28.613309085000026],[82.150081598999975,28.615035611],[82.142684649999978,28.61582899299998],[82.141488913999979,28.617009805],[82.141462391,28.618460482999978],[82.144560238,28.624308176],[82.140606674000026,28.626267875999986],[82.136003674999984,28.626211814999976],[82.132339380000019,28.625071741999989],[82.128729623000027,28.621546889],[82.11935517500001,28.623246473],[82.113130950000027,28.620175852999978],[82.108490534999987,28.619221311999979],[82.100380841,28.621534107],[82.096106158,28.618925035000018],[82.093655360000014,28.619125293000025],[82.090885146,28.620636489],[82.082749235999984,28.618021801],[82.081186433000028,28.618747086999974],[82.074237225,28.626882425000019],[82.069604670999979,28.630038754999987],[82.067996696000023,28.630243150000013],[82.07035259700001,28.635277407999979],[82.077503168000021,28.636384721000013],[82.079429743999981,28.635072306999973],[82.080559247999986,28.636761793],[82.082519812999976,28.635713106000026],[82.08540667,28.635793764000027],[82.086793199999988,28.637537624],[82.085861745999978,28.638524082],[82.086566733999973,28.640747074999979],[82.085098080000023,28.642960411999979],[82.081150174000015,28.64314539999998],[82.082037135,28.645545191999986],[82.080096460999982,28.645497481],[82.080473229,28.648512645999972],[82.079095573000018,28.650197408999986],[82.076660946,28.651240840000014],[82.076628715000027,28.653848724999989],[82.075445731,28.65488673599998],[82.075494693,28.656551084],[82.074170045000017,28.657369114],[82.074344481000026,28.65955354],[82.072964835999983,28.660622422000017],[82.069985178000024,28.667341009999973],[82.072515284000019,28.67349254200002],[82.071983247999981,28.679332370999987],[82.073047669,28.682502280999984],[82.073157024000011,28.689530197000011],[82.075696089000019,28.694359851],[82.074540453999987,28.696681120999983],[82.076669270000025,28.704516303],[82.081293152,28.707321611],[82.08523653200001,28.711909746],[82.094194662,28.716786612000021],[82.098821649,28.724136500999975],[82.099790212000016,28.727072307000014],[82.104351173,28.732866089000026],[82.111518604000025,28.734605094000017],[82.11958531099998,28.7352694],[82.12830788399998,28.738203694],[82.135523461999981,28.738465835999989],[82.140937254,28.740434546000017],[82.146090249,28.743402284000013],[82.149134329,28.743782480999982],[82.153203243,28.752240385],[82.152508984,28.757714056999987],[82.154379940000013,28.759904131999974],[82.154731481,28.761786839000024],[82.157094089,28.762294451],[82.160015503000011,28.765706992],[82.165288229,28.768862400999978],[82.16788513,28.768727203000026],[82.169494636000024,28.766708037],[82.171051746999979,28.766137362],[82.173711264000019,28.769375976999982],[82.175509315999989,28.770197177999989],[82.17523610500001,28.773458935],[82.177347503000021,28.776932332],[82.176992601999984,28.780891774999986],[82.178273106,28.784742312999981],[82.177392442999974,28.786459767],[82.177745429000026,28.787965695000025],[82.185194754,28.793368181],[82.186578970000028,28.798469542000021],[82.191716343,28.804710791],[82.196290074,28.805890561000012],[82.197779896999975,28.807846528000027],[82.198628107,28.807218660999979],[82.199349601999984,28.805651378],[82.198589906,28.801591241999972],[82.198948131,28.797033979999981],[82.203472644999977,28.793506434999983],[82.203651085999979,28.792095067],[82.20270999600001,28.790305780999972],[82.205811704999974,28.783375904000025],[82.21029156100002,28.781986972000027],[82.21199787,28.779862630000025]]]}},
{"type":"Feature","properties":{"adm3_pcode":"NP0660303","adm3_name":"Nalgad","adm2_name":"Jajarkot","local_level_type":"urban municipality"},"geometry":{"type":"Polygon","coordinates":[[[82.495713448,29.016364553000017],[82.497982227000023,29.015064957],[82.506417567000028,29.015767892999975],[82.517606176000015,29.012355314],[82.524153621999972,29.014378350000015],[82.52832603600001,29.012209300999984],[82.535436963,29.011299115999975],[82.54677037099998,29.004340056],[82.552749240000026,29.004688800999986],[82.571665936999977,28.997436881],[82.577650510000012,28.993668318],[82.580068809000011,28.990378346999989],[82.577739447,28.98986654700002],[82.574721129000011,28.991986305000012],[82.573246563999987,28.989496449],[82.567101374,28.987570286],[82.562181893,28.98879666],[82.555641967999975,28.988823559000025],[82.551895686000023,28.987698357],[82.54623061,28.983029327999986],[82.541906794999989,28.981153312],[82.53563195800001,28.974778931],[82.535669229,28.97345311700002],[82.532486823,28.971526122],[82.530860999000026,28.96746441],[82.528446106,28.965917766000018],[82.52781878899998,28.964099799999985],[82.520248239000011,28.958468332],[82.51713966,28.952060189],[82.513152556000023,28.949898390999977],[82.514344827,28.940449968],[82.515454647000013,28.938682648999986],[82.515984046000028,28.930568904999973],[82.512586823999982,28.927053492000027],[82.507650794000028,28.924477281],[82.504286689000025,28.921253028000024],[82.507632457,28.909710706],[82.50806554899998,28.905148196000027],[82.506824379000022,28.900043897999979],[82.507366967,28.894860073000018],[82.501584173000026,28.889294875000019],[82.500897380000026,28.886571678],[82.498571605999985,28.884732312999972],[82.498520105000011,28.881919258999972],[82.497257392999984,28.87913368400001],[82.487384787,28.87307434600001],[82.482540909000022,28.871697776000019],[82.476473049,28.871405713],[82.473780522000027,28.869087262],[82.471109151,28.86821199000002],[82.468057257,28.867965592000019],[82.466268607000018,28.86891429100001],[82.463457131999974,28.871198100000015],[82.46198444800001,28.874908548],[82.455437053000026,28.873411839000028],[82.452020774,28.869776748],[82.443223177999982,28.865339964999976],[82.437966507999988,28.859274758000026],[82.435477864,28.858232192],[82.434415500999989,28.855363254],[82.430671839000013,28.851291260999972],[82.424298259000011,28.848406308],[82.420902572999978,28.849488657],[82.416901869000014,28.849320987999988],[82.411760279000021,28.844773643999986],[82.405667806,28.84405912],[82.400189716,28.841874115999985],[82.39832435400001,28.838101998000013],[82.393647161999979,28.835572349000017],[82.388968190000014,28.834632678999981],[82.388138934999972,28.830919572000028],[82.386953811000012,28.829531182999972],[82.383729272999972,28.828242440999986],[82.382097365999982,28.825114956],[82.379251515000021,28.824413290999985],[82.375410896,28.821978209],[82.373891592,28.815939806000017],[82.36876171,28.810154576],[82.36840414400001,28.803078160999974],[82.364395688,28.799866147999978],[82.364076808999982,28.795728274],[82.361708345000011,28.794304058000023],[82.358955601,28.79385130999998],[82.357516958000019,28.791903467999987],[82.35600942100001,28.791451737999978],[82.351067809000028,28.793244812000012],[82.349207755,28.792859695],[82.347086570999977,28.791385424],[82.345105185000023,28.786379795000016],[82.340311207000013,28.786551519999989],[82.335730749999982,28.78409093],[82.329687595,28.786094906000017],[82.324439821,28.785307401000011],[82.31665248500002,28.786269947999983],[82.312589361999983,28.785562954],[82.306934652,28.787609431000021],[82.303886282,28.786098338999977],[82.294178494999983,28.784998546999987],[82.293265457000018,28.783678781],[82.29350111399998,28.77699996299998],[82.288225829999988,28.770373808999977],[82.287284506,28.767784345999985],[82.284207346000017,28.765307654000026],[82.283320775,28.762155995],[82.284877240000014,28.759448016000022],[82.289684576000013,28.756803768999987],[82.287213814999973,28.751955241000019],[82.283809209000026,28.748931283],[82.284571015999973,28.747027032],[82.288796280999975,28.742362836999973],[82.290013696000017,28.738130995],[82.288966249999987,28.736192158],[82.285434999000017,28.735129641000015],[82.282981697000025,28.732270181999979],[82.284548593000011,28.729871113],[82.288469964,28.72839249499998],[82.288947367999981,28.726781962000018],[82.285690515999988,28.722443813999973],[82.285765633999972,28.718964885999981],[82.284236802,28.714411846000019],[82.279281974000014,28.71766403700002],[82.277148501,28.718390251000017],[82.273926444999972,28.718023612000025],[82.27122972,28.719472313999972],[82.271755559999974,28.720838759],[82.269125669,28.727348370000016],[82.271057035000013,28.730573789],[82.270637367,28.732531102],[82.269667729999981,28.733505622999985],[82.269187988999988,28.736530399],[82.263864973000011,28.74254183],[82.261490773999981,28.743624195999985],[82.251576340999975,28.745065230000023],[82.242290044000015,28.748076442000013],[82.235072973,28.747481640999979],[82.231868287999987,28.753840196],[82.219390353999984,28.757215014999986],[82.219029738000017,28.759390434000011],[82.216344429,28.761916161999977],[82.21497976400002,28.767256212],[82.219055997,28.775362336],[82.219275208999989,28.779075372000023],[82.215037536000011,28.779032314],[82.211755338999978,28.779925746],[82.21029156100002,28.781986972000027],[82.205811704999974,28.783375904000025],[82.20270999600001,28.790305780999972],[82.203651085999979,28.792095067],[82.203472644999977,28.793506434999983],[82.198948131,28.797033979999981],[82.198589906,28.801591241999972],[82.199349601999984,28.805651378],[82.197779896999975,28.807846528000027],[82.198807863000013,28.808935879999979],[82.199889203999987,28.81290521699998],[82.200230831,28.816960035000022],[82.19801234,28.82250824],[82.198407547999977,28.8285565],[82.202094381999984,28.833982365],[82.202238825999984,28.835963685000024],[82.201038132,28.838257143000021],[82.201296477000028,28.841401419000022],[82.202509920000011,28.842277043000024],[82.209899135,28.843913937000025],[82.21214459700002,28.849656878000019],[82.215650945,28.852327495],[82.218449920000012,28.853366877999974],[82.218174052,28.855029532],[82.219463640000015,28.857629874],[82.222125480999978,28.860073374000024],[82.223562596000022,28.860213693999981],[82.22637682300001,28.864381289],[82.226866527000027,28.866641462000018],[82.228844212000013,28.869106825000017],[82.231245302,28.870199198000023],[82.234170897000013,28.873878401000013],[82.231654988,28.877235117],[82.234373999000013,28.880275626000014],[82.23453794400001,28.881947723999986],[82.237109589999989,28.882210548999979],[82.238744283000017,28.883422649000011],[82.245972414,28.884050634],[82.248020457999985,28.883492715999978],[82.252473402000021,28.877683881],[82.254919407999978,28.876346164999973],[82.257267146,28.876592614],[82.259308216000022,28.874730753999984],[82.26164058,28.875137500999983],[82.270026944,28.871688941],[82.274230933000013,28.87181168],[82.277674994,28.870301682],[82.284557022,28.868993405000026],[82.291751208,28.870259955999984],[82.293270303999975,28.867531980000024],[82.291121471,28.864194006999981],[82.290856545,28.862191375],[82.288077338999983,28.860023284000022],[82.289586723000014,28.858599126],[82.290060260000018,28.856584818999977],[82.28842802600002,28.854229825],[82.294233394,28.846040728],[82.295976431999975,28.844724752],[82.300788781999984,28.844570149],[82.303658677999977,28.845961250000016],[82.305358080000019,28.84557262200002],[82.306773125,28.846210772],[82.314782235999985,28.845611884],[82.32530975200001,28.848522269],[82.332615525999984,28.847762322999984],[82.335774947,28.849061812],[82.335361208,28.851373341999988],[82.333462301999987,28.853440187],[82.334424136999985,28.855230534999976],[82.334234816,28.857059488],[82.335694339999975,28.858495315000027],[82.338385867,28.864148082999975],[82.339613811999982,28.86484641200002],[82.335440131999974,28.867973372999984],[82.335534651999978,28.869501672000013],[82.343474736000019,28.870886660999986],[82.351580554,28.875111391000019],[82.353574431000027,28.877204851999977],[82.354793884,28.880785602],[82.360248935000016,28.888485160000016],[82.36345129,28.889670783999975],[82.372765741000023,28.888186809999979],[82.379005058000018,28.892656677],[82.384447873,28.893126339],[82.387612407,28.891720204000023],[82.395871312,28.893633275000013],[82.397088450000012,28.89413943400001],[82.397849612000016,28.896526849],[82.401754596999979,28.899025989],[82.402050181999982,28.905568327000026],[82.404635333999977,28.911904155],[82.402192492999973,28.917672085999982],[82.402225289,28.92482617600001],[82.399512894,28.932076529000028],[82.395403503000011,28.935901614999977],[82.395596800000021,28.941858629000023],[82.397071934999985,28.943825845],[82.396158967000019,28.945393874],[82.389606484000012,28.948547234999978],[82.387720575,28.950625952],[82.388846310000019,28.953212668],[82.387843095999983,28.958466980000026],[82.388908800000024,28.96308875699998],[82.395241468999984,28.971345962999976],[82.393719106,28.974927733000015],[82.393822307999983,28.976692634000017],[82.398453029999985,28.987676062999981],[82.395214699,28.995294874000024],[82.39868808,29.002850664],[82.41254611,29.004151501000024],[82.421103015000028,29.000621704000025],[82.428263258000015,28.999156445999972],[82.429647241999987,28.99672388],[82.43296604,28.99354666],[82.438720064999984,28.990564397000014],[82.447775262999983,28.99104236300002],[82.44949513,28.992322957999988],[82.454148170999986,28.989809760000014],[82.457654132000016,28.989846183999987],[82.461087513999985,28.991281663999985],[82.465458263000016,28.996160029],[82.467747863999989,29.000603028],[82.467733700999986,29.002732330000015],[82.476759182000023,29.004924951000021],[82.479612637,29.006621274],[82.481427087999975,29.012591687],[82.484879010999975,29.014849592000019],[82.489219461,29.016032986000027],[82.495713448,29.016364553000017]]]}},
{"type":"Feature","properties":{"adm3_pcode":"NP0660401","adm3_name":"Junichande","adm2_name":"Jajarkot","local_level_type":"rural municipality"},"geometry":{"type":"Polygon","coordinates":[[[82.028821599000025,29.018233800000019],[82.031834829,29.017506911],[82.034455709999975,29.014757455],[82.038651370000025,29.012449165000021],[82.039539749000028,29.009171607999974],[82.040830718,29.008110537999983],[82.040867434,29.006335078],[82.044319893000022,29.003403024000022],[82.041560598,28.999269554000023],[82.042552318999981,28.996848355],[82.044394727999986,28.995085983000024],[82.042864232,28.989258],[82.045988925000017,28.986319443000014],[82.049130409999975,28.981064162999985],[82.057460822,28.978567388999977],[82.062863849,28.974622582999984],[82.068035400999975,28.974333435],[82.070164879,28.973317310000027],[82.072313193000014,28.971021991999976],[82.078252041999974,28.969316610000021],[82.077895634000015,28.967029943],[82.075503233,28.962443205999989],[82.07006648700002,28.95502719000001],[82.071375461,28.953566406],[82.073944628,28.946057199999984],[82.074762346,28.938510098],[82.075997173000019,28.93547995900002],[82.075328177000017,28.930101072000014],[82.076848305,28.925607010000022],[82.084040550999987,28.920293604999983],[82.081952915999977,28.91602472],[82.079811985,28.914510392000011],[82.079241191,28.911009644999979],[82.076008752,28.907861826999977],[82.077434685000014,28.904451161999987],[82.072012373,28.897014709000018],[82.069279284,28.894947736],[82.06791776,28.892833661999987],[82.067889341000011,28.888678981999988],[82.064670015,28.886022492999984],[82.062863963999973,28.881886289000022],[82.058663790000026,28.878251687999978],[82.055031134999979,28.872803389000012],[82.042730028,28.871078808],[82.039193995,28.868408316],[82.037033227,28.865057282],[82.027926388000026,28.865781146000018],[82.022031218999985,28.864251513999989],[82.021410778000018,28.862316309999983],[82.022694369000021,28.861447159000022],[82.02097255000001,28.860934680000014],[82.022304393000013,28.859632133],[82.022735069000021,28.857095687000026],[82.024172145000023,28.855954687],[82.023334531999978,28.854731663999985],[82.025002738000012,28.851621975],[82.024843840000017,28.850698308],[82.022554430000014,28.849109672],[82.023263926000027,28.847518517000026],[82.022808769999983,28.845778359],[82.02491653300001,28.8430917],[82.025002611,28.841678893999983],[82.027093342,28.840790068999979],[82.028286714999979,28.838983254000027],[82.027485814999977,28.829366505],[82.023937719,28.823512933000018],[82.025567736000028,28.820800457000018],[82.025991843999975,28.818597916999977],[82.025290020999989,28.817547628],[82.027232670999979,28.815450849],[82.024402453,28.81420011199998],[82.025179144999981,28.811721977],[82.023996700999987,28.810623437],[82.023844237999981,28.806356828999981],[82.02447211499998,28.805027960000018],[82.020666961000018,28.797387424000021],[82.021149192999985,28.791491850999989],[82.016331579999985,28.785708503000023],[82.010966144,28.784453978999977],[82.00863130099998,28.786348208],[82.004548075,28.788034305999986],[82.002071410999974,28.788036895],[82.000358687000016,28.789078211],[81.998530884,28.78851655],[81.99561237,28.790396771000019],[81.993455289,28.790351806999979],[81.992489842999987,28.791157406000025],[81.990541568000026,28.789910743],[81.988816865,28.789959526000018],[81.984013005,28.79396914900002],[81.982113081000023,28.793637903],[81.98050509,28.794885701999988],[81.978295976000027,28.793600163],[81.977465251000012,28.794997959999989],[81.975612248,28.795236911000018],[81.975294215000019,28.79601971],[81.973101863000011,28.793973805],[81.974718892,28.790664258999982],[81.969909485000017,28.790538764000019],[81.96392913,28.792839527000012],[81.960129409,28.792174096999986],[81.955260117000023,28.793000388999985],[81.939099898999984,28.788403769000013],[81.935751431000028,28.784262978000015],[81.937070378999977,28.780710076],[81.941029389999983,28.778079375],[81.942441116999987,28.775689741],[81.930280050000022,28.774064216999989],[81.91817691,28.775940309000021],[81.912171839999985,28.779926292000027],[81.912134687,28.781760497],[81.908253962,28.788664428],[81.905442361999974,28.791105975],[81.898924962000024,28.79977545600002],[81.894720602,28.802846424],[81.889235566000025,28.811359746999983],[81.885986425999988,28.826002782999979],[81.886088802000017,28.828560173000028],[81.881044030999988,28.83635969300002],[81.878256551999982,28.848987422],[81.879860157999985,28.855189246],[81.879990592000013,28.864592566],[81.883650296999974,28.867149193999978],[81.886632055,28.87178318399998],[81.889602293999985,28.87420419],[81.887758401999974,28.878569946000027],[81.887800605999985,28.880750995000028],[81.889935372000025,28.884418249000021],[81.889148694000028,28.889697373999979],[81.890862636,28.893737212000019],[81.892539251000017,28.895422456],[81.893827354999985,28.900674239000011],[81.900527753,28.904125889],[81.901039341,28.905782744000021],[81.903181150000023,28.907115025999985],[81.904921890000026,28.911709499999972],[81.916921672,28.919658625000011],[81.921106577999979,28.9209745],[81.924419682,28.924790944],[81.926740216999974,28.936206858999981],[81.925565267000025,28.93874129400001],[81.921053582000013,28.941373048],[81.92143785899998,28.953932329],[81.920222810999974,28.9586415],[81.920934956,28.962455533000025],[81.920412817,28.967006540999989],[81.918898246000026,28.96846057099998],[81.920437419999985,28.971377884999981],[81.9193323,28.975856142],[81.919627038999977,28.977638419000016],[81.921313931999975,28.977732935],[81.925262968000027,28.980453239999974],[81.930306565000024,28.98205378900002],[81.935300281000025,28.980940901],[81.938673064999989,28.981298605],[81.941103644,28.982779441],[81.946267413999976,28.98422288],[81.955721910000022,28.985793621000028],[81.958172955,28.985559678000016],[81.960097838000024,28.987871492000011],[81.961009532999981,28.990885350999974],[81.966248216999986,28.993004168000027],[81.972193521,28.996929016000024],[81.978739958,28.999457437999979],[81.984279703000027,29.002795959000025],[81.985179061,29.003881122],[81.984527968,29.010242273000017],[81.985854306000022,29.012578452000014],[81.990256303000024,29.014109247000022],[81.996003961999975,29.013859229],[82.000452446999986,29.015664564000019],[82.003178976000015,29.021048730000018],[82.005010944,29.022735787999977],[82.005563987000016,29.02643989],[82.007431216999976,29.030553724000015],[82.012592671999982,29.028861517],[82.01481809400002,29.026864296999975],[82.016603354999972,29.023356836],[82.025882014999979,29.020705841],[82.028821599000025,29.018233800000019]]]}},
{"type":"Feature","properties":{"adm3_pcode":"NP0660402","adm3_name":"Kuse","adm2_name":"Jajarkot","local_level_type":"rural municipality"},"geometry":{"type":"Polygon","coordinates":[[[82.126730909,28.994486487000017],[82.129933833999985,28.995237777999989],[82.131822926999973,28.993250489],[82.13826373500001,28.990148808000015],[82.147726499999976,28.980743754],[82.14867062899998,28.977041048999979],[82.15996605700002,28.972367519999978],[82.159165351000013,28.969169180999984],[82.161423978000016,28.966028004],[82.162846796,28.962120261],[82.162633804,28.959934211000018],[82.16470762,28.954741908000017],[82.166761814999973,28.952795619000028],[82.172647499999982,28.950294873000018],[82.173758443,28.948584485000026],[82.174026271,28.945897989],[82.172149385000012,28.943412877000014],[82.172147229000018,28.941795652999986],[82.177920287,28.936888940000017],[82.178851501999986,28.93528610300001],[82.192815547,28.928398569000024],[82.194066496,28.925468732000013],[82.196723825999982,28.925181236000014],[82.203671198999984,28.921688599],[82.205366394,28.922291443],[82.204607452,28.921400514000027],[82.204795677,28.918053701000019],[82.208175128,28.912905600999977],[82.207737012999985,28.908941960999982],[82.212242366,28.904155719000016],[82.211988315999974,28.902037724000024],[82.215876733000016,28.898294502],[82.21571776899998,28.894220126],[82.219436422,28.895781161],[82.22161875,28.895820065],[82.22710430799998,28.892977783],[82.231797945999972,28.891633475999981],[82.231183132000012,28.88954141],[82.231611429999987,28.887227755000026],[82.23453794400001,28.881947723999986],[82.234373999000013,28.880275626000014],[82.231654988,28.877235117],[82.234170897000013,28.873878401000013],[82.231245302,28.870199198000023],[82.228844212000013,28.869106825000017],[82.226866527000027,28.866641462000018],[82.22637682300001,28.864381289],[82.223562596000022,28.860213693999981],[82.222125480999978,28.860073374000024],[82.219463640000015,28.857629874],[82.218174052,28.855029532],[82.218449920000012,28.853366877999974],[82.215650945,28.852327495],[82.21214459700002,28.849656878000019],[82.209899135,28.843913937000025],[82.202509920000011,28.842277043000024],[82.201296477000028,28.841401419000022],[82.201038132,28.838257143000021],[82.202271216999975,28.834824476999984],[82.198528771999975,28.829074266000021],[82.197984511000016,28.823597951000011],[82.200230831,28.816960035000022],[82.198807863000013,28.808935879999979],[82.196290074,28.805890561000012],[82.190715679,28.804033839],[82.186578970000028,28.798469542000021],[82.185194754,28.793368181],[82.17795652,28.788293168999985],[82.177392442999974,28.786459767],[82.178273106,28.784742312999981],[82.176992601999984,28.780891774999986],[82.177347503000021,28.776932332],[82.17523610500001,28.773458935],[82.175509315999989,28.770197177999989],[82.173711264000019,28.769375976999982],[82.171051746999979,28.766137362],[82.167239087999974,28.768931297999984],[82.165288229,28.768862400999978],[82.160015503000011,28.765706992],[82.158655333000013,28.768005947],[82.15171962,28.769574262999981],[82.145856039000023,28.769709853999984],[82.145122357,28.771389812999985],[82.145196467,28.774955298],[82.142838588000018,28.775543771],[82.14206205,28.776590226],[82.143450025999982,28.781137076],[82.142636728000014,28.786271090000014],[82.143618531000016,28.789659792],[82.140035442999988,28.800345816],[82.137498732999973,28.799907007],[82.13649066,28.797747817000015],[82.133096315999978,28.797327494],[82.130757175999975,28.798407296999983],[82.127193272,28.795786614],[82.125648984,28.795650665999972],[82.123760901000026,28.797062633],[82.11899166500001,28.794257886000025],[82.106663551,28.792938454000023],[82.105956127000013,28.790632156000015],[82.103131900999983,28.789791316999981],[82.103805438,28.786266964999982],[82.102799940000011,28.783430711999983],[82.092948789,28.779439376000028],[82.092443955000022,28.780993099999989],[82.088129099000014,28.784567144999983],[82.081321232,28.793468537000024],[82.078018257999986,28.79605068799998],[82.077926858000012,28.797986757999979],[82.079513038000016,28.800333502],[82.078968337999981,28.801583004],[82.063385778,28.804327774],[82.075502132999986,28.810992022],[82.078142341999978,28.814135707999981],[82.077011934999973,28.817289087],[82.072288947,28.820897435],[82.068535161,28.826778462999982],[82.058417619000011,28.83231693],[82.05752606599998,28.83496986],[82.057746149000025,28.838935807999974],[82.056599580000011,28.840947856000014],[82.060660942000027,28.848916928],[82.060570477999988,28.854335676],[82.059440834999975,28.856825805000028],[82.060959313000012,28.863677818999975],[82.057651885999974,28.867089580000027],[82.055133016000013,28.871787547],[82.055080182999973,28.873281220000024],[82.058950246,28.878574225000023],[82.062863963999973,28.881886289000022],[82.064670015,28.886022492999984],[82.067889341000011,28.888678981999988],[82.06791776,28.892833661999987],[82.077145234,28.903907584000024],[82.077410419999978,28.905389637999974],[82.076008752,28.907861826999977],[82.079110276,28.910807724],[82.079811985,28.914510392000011],[82.081952915999977,28.91602472],[82.084048806,28.920040942000014],[82.079836866,28.923965767000027],[82.076848305,28.925607010000022],[82.075328177000017,28.930101072000014],[82.075997173000019,28.93547995900002],[82.074762346,28.938510098],[82.073944628,28.946057199999984],[82.071375461,28.953566406],[82.07006648700002,28.95502719000001],[82.075503233,28.962443205999989],[82.077895634000015,28.967029943],[82.078214609999975,28.969285362],[82.081372072000022,28.971750180000015],[82.089735010000027,28.974348876000022],[82.095226389,28.97435839100001],[82.094639636000011,28.975396224],[82.096460902,28.977957327000013],[82.097400255000025,28.98231425],[82.100764627,28.984675455],[82.103854629000011,28.985529795],[82.105062926000016,28.987581498],[82.108730131000016,28.989976080000019],[82.11351758,28.991258281],[82.117928243999984,28.99387429],[82.119367058000023,28.993296115000021],[82.121575373999974,28.993715296],[82.123583006,28.995503035000013],[82.126730909,28.994486487000017]]]}},
{"type":"Feature","properties":{"adm3_pcode":"NP0660403","adm3_name":"Barekot","adm2_name":"Jajarkot","local_level_type":"rural municipality"},"geometry":{"type":"Polygon","coordinates":[[[82.282811874,29.124502432999975],[82.285529984,29.115860461000011],[82.286780233,29.116791267999986],[82.301268204,29.119714338],[82.314381218,29.113938754],[82.317000235000023,29.110850079999977],[82.321810533000018,29.110024603],[82.32949808,29.111665002999985],[82.337382564,29.115204355],[82.342726098000014,29.114600614999972],[82.345227221000016,29.116483664999976],[82.352331567000022,29.116475396999988],[82.35486292500002,29.115701006999984],[82.355579675,29.113851064000016],[82.359970071000021,29.114266714999985],[82.366690979999987,29.110479103999978],[82.372597489999976,29.1103827],[82.380396860000019,29.107496834000017],[82.387925429,29.1058516],[82.392329272999973,29.102373112],[82.395451548999972,29.101666350000016],[82.395907468000019,29.102672074999987],[82.397529878,29.102386750999983],[82.402536762000011,29.099001014],[82.411711395,29.095503537000013],[82.410642826000014,29.090390432],[82.408276151,29.087054706],[82.408600208999985,29.081762261999984],[82.403486828999974,29.072769268],[82.404628241000012,29.069279484],[82.40345517999998,29.064557590999982],[82.406349423999984,29.057404545999987],[82.405348711999977,29.046306995],[82.40400050400001,29.04388744900001],[82.403584062,29.04057174899998],[82.398902377000013,29.03779006100001],[82.398199617999978,29.027023046000011],[82.392746626000019,29.019677269999988],[82.392072068,29.017692693000015],[82.395892645,29.012715835999984],[82.397228374,29.004386],[82.398745825,29.002757611],[82.395214699,28.995294874000024],[82.39844285800001,28.986922821],[82.393822307999983,28.976692634000017],[82.393719106,28.974927733000015],[82.395241468999984,28.971345962999976],[82.388908800000024,28.96308875699998],[82.387843095999983,28.958466980000026],[82.388920591999977,28.954314817000011],[82.387720575,28.950625952],[82.389606484000012,28.948547234999978],[82.396790962000011,28.94448059299998],[82.397071934999985,28.943825845],[82.395596800000021,28.941858629000023],[82.395403503000011,28.935901614999977],[82.399312351,28.93241912000002],[82.402225289,28.92482617600001],[82.402506696999978,28.92107009],[82.401805387000024,28.919385797000018],[82.404635333999977,28.911904155],[82.402050181999982,28.905568327000026],[82.401754596999979,28.899025989],[82.397849612000016,28.896526849],[82.397088450000012,28.89413943400001],[82.395871312,28.893633275000013],[82.387612407,28.891720204000023],[82.384447873,28.893126339],[82.379005058000018,28.892656677],[82.372765741000023,28.888186809999979],[82.36345129,28.889670783999975],[82.360248935000016,28.888485160000016],[82.354793884,28.880785602],[82.353574431000027,28.877204851999977],[82.351580554,28.875111391000019],[82.343474736000019,28.870886660999986],[82.335534651999978,28.869501672000013],[82.335440131999974,28.867973372999984],[82.339613811999982,28.86484641200002],[82.338385867,28.864148082999975],[82.335694339999975,28.858495315000027],[82.334234816,28.857059488],[82.334424136999985,28.855230534999976],[82.333462301999987,28.853440187],[82.335361208,28.851373341999988],[82.335774947,28.849061812],[82.332615525999984,28.847762322999984],[82.32530975200001,28.848522269],[82.314782235999985,28.845611884],[82.306773125,28.846210772],[82.305358080000019,28.84557262200002],[82.303658677999977,28.845961250000016],[82.300788781999984,28.844570149],[82.295976431999975,28.844724752],[82.294233394,28.846040728],[82.28842802600002,28.854229825],[82.290060260000018,28.856584818999977],[82.289586723000014,28.858599126],[82.288077338999983,28.860023284000022],[82.290856545,28.862191375],[82.291121471,28.864194006999981],[82.293270303999975,28.867531980000024],[82.291751208,28.870259955999984],[82.284557022,28.868993405000026],[82.277674994,28.870301682],[82.274230933000013,28.87181168],[82.270026944,28.871688941],[82.26164058,28.875137500999983],[82.259308216000022,28.874730753999984],[82.257267146,28.876592614],[82.254919407999978,28.876346164999973],[82.252473402000021,28.877683881],[82.248020457999985,28.883492715999978],[82.245972414,28.884050634],[82.238744283000017,28.883422649000011],[82.237109589999989,28.882210548999979],[82.234613685,28.881908727999985],[82.231611429999987,28.887227755000026],[82.231183132000012,28.88954141],[82.231797945999972,28.891633475999981],[82.22710430799998,28.892977783],[82.22161875,28.895820065],[82.219436422,28.895781161],[82.21571776899998,28.894220126],[82.215876733000016,28.898294502],[82.211988315999974,28.902037724000024],[82.212242366,28.904155719000016],[82.207737012999985,28.908941960999982],[82.208175128,28.912905600999977],[82.204795677,28.918053701000019],[82.204607452,28.921400514000027],[82.205366394,28.922291443],[82.203671198999984,28.921688599],[82.196723825999982,28.925181236000014],[82.194066496,28.925468732000013],[82.192481213,28.928647352999974],[82.179488860999982,28.934906083999977],[82.174323976999972,28.939435339999989],[82.171924373000024,28.942384032],[82.174026271,28.945897989],[82.173758443,28.948584485000026],[82.172647499999982,28.950294873000018],[82.166761814999973,28.952795619000028],[82.16470762,28.954741908000017],[82.162633804,28.959934211000018],[82.162846796,28.962120261],[82.161423978000016,28.966028004],[82.159165351000013,28.969169180999984],[82.15996605700002,28.972367519999978],[82.14867062899998,28.977041048999979],[82.147726499999976,28.980743754],[82.13826373500001,28.990148808000015],[82.131822926999973,28.993250489],[82.129933833999985,28.995237777999989],[82.127165852000019,28.994374567000023],[82.123523200000022,28.995548655],[82.12161498,28.997799857000018],[82.119805376999977,29.003077279000024],[82.11742700100001,29.006965447000027],[82.119226723999986,29.015332199],[82.121020027999975,29.016072904999987],[82.125344949,29.015513457999987],[82.12824293,29.022086704],[82.129873503,29.023060951],[82.132583362999981,29.027454584],[82.137548711000022,29.029505841],[82.138465607,29.031735586000025],[82.144283942000015,29.031627492999974],[82.146575300999984,29.032510194999986],[82.146784544000013,29.037971379999988],[82.1478391,29.040605901999982],[82.14950285499998,29.041579647999981],[82.147724098000026,29.048133764999989],[82.150289902999987,29.049884640000016],[82.150752098,29.052785879],[82.15465257,29.052608014999976],[82.156551163000017,29.053841240999986],[82.158306521999975,29.058504148],[82.162685438999972,29.061139093],[82.166829740000026,29.064969298999983],[82.167357649,29.069265971999982],[82.171002086999977,29.069441758999972],[82.171768032999978,29.066802827],[82.173003014000017,29.06555821],[82.177275066,29.06511031399998],[82.180515062999973,29.061788794999984],[82.18377342399998,29.065490749999981],[82.187921839000012,29.066523215000018],[82.191086589,29.070198796],[82.194565254999986,29.072691803],[82.19835029,29.073289617],[82.203383404000022,29.08054126899998],[82.201936505999981,29.082309021000015],[82.200935516000015,29.088928956000018],[82.203138527000021,29.089017543000011],[82.204620611999985,29.090267261],[82.211406501,29.087050659],[82.215900217000012,29.089452752999989],[82.219702562,29.090158057],[82.223711633999983,29.093795778000015],[82.225474233999989,29.098910955],[82.225401509,29.104642922999972],[82.228693167000017,29.105654878],[82.231933239,29.104968801999973],[82.234240231,29.102010923000023],[82.236526747000028,29.101222967000012],[82.246199495999974,29.104343008],[82.253982081,29.109866361],[82.262567214,29.107106306999981],[82.264983574999974,29.110331418999976],[82.269614687,29.113912218],[82.26636806800002,29.113906858],[82.26508872,29.115042171000027],[82.264405752000016,29.121415883],[82.272404881999989,29.12305885],[82.278068463000011,29.127443839000023],[82.282811874,29.124502432999975]]]}},
{"type":"Feature","properties":{"adm3_pcode":"NP0660404","adm3_name":"Shivalaya","adm2_name":"Jajarkot","local_level_type":"rural municipality"},"geometry":{"type":"Polygon","coordinates":[[[81.880114989999981,28.746974815999977],[81.887802158,28.742212240000015],[81.890930982999976,28.738731294],[81.892414781000014,28.73541006],[81.89228076500001,28.73380033],[81.896366122000018,28.731858068],[81.899765678,28.727484208000021],[81.903596924,28.72654510000001],[81.909861944,28.723403666000024],[81.917432571,28.721696744999974],[81.923006621000013,28.718633856999986],[81.928271128,28.713292301000024],[81.931263253,28.711663369],[81.943074958000011,28.711809336999977],[81.948031484000012,28.707795589999989],[81.950894676000019,28.706812284000023],[81.964114091,28.708949651000012],[81.966628132999972,28.708550474999981],[81.970116261999976,28.706344165000019],[81.978168498,28.705422241],[81.983392772,28.706345355999986],[81.993984808,28.70433475599998],[82.004140996,28.704083737000019],[82.007456255000022,28.70295613899998],[82.006354322999982,28.700625087999981],[82.005145062999986,28.699851392000028],[82.005564005999986,28.696503018999977],[82.002574761,28.694508536],[82.003280405,28.684938928],[82.002230516999987,28.679785575999972],[82.007074148000015,28.677735271000017],[82.010187407999979,28.67457204599998],[82.011200751999979,28.672220777],[82.014043078999975,28.670839320000027],[82.014539110999976,28.668879882999988],[82.016760541999986,28.666381894999972],[82.016520628000023,28.663521156],[82.017817752999974,28.660779677],[82.021991781999986,28.65896621600001],[82.026608662,28.655240876],[82.028077726999982,28.651036348],[82.033787647999986,28.650609406],[82.034612325000012,28.648588728999982],[82.037472660999981,28.646527648000017],[82.038364773000012,28.644095885000013],[82.040492898000025,28.641956924999988],[82.037877198,28.641577735],[82.030392966000022,28.644856076],[82.019164610000018,28.645022211000025],[82.013616818,28.644071282000027],[82.008224528000028,28.645194289000017],[82.002297423000016,28.643735901000014],[81.993245333,28.643994309],[81.980104665,28.64138755],[81.975526589000026,28.638445317],[81.971126278999975,28.640263525000023],[81.967416289000028,28.639865884000017],[81.95734795300001,28.640684100999977],[81.94748781200002,28.636090759000012],[81.936832478999975,28.641109519],[81.931220704999987,28.639684196000019],[81.927122038999983,28.641521469],[81.924191716,28.639919575000022],[81.920407680999972,28.642593585999975],[81.913381265999988,28.642264453999985],[81.90730437000002,28.644112135],[81.901915294999981,28.643744342],[81.898821425999984,28.642488163999985],[81.896013980000021,28.643264677],[81.886128763999977,28.643018371999972],[81.884640892,28.643603359],[81.880628184999978,28.64711472800002],[81.877373158000012,28.648832211000013],[81.877606593999985,28.654064107000011],[81.879333202999987,28.65572672899998],[81.877127323000025,28.658777353],[81.873404091999987,28.661456491000024],[81.867901917999973,28.663982240999985],[81.86746251400001,28.67219391499998],[81.865790980999975,28.679578834999973],[81.86104597100001,28.684668796999972],[81.86061751699998,28.68873647800001],[81.858885855999972,28.693310968999981],[81.849714119999987,28.702619855000023],[81.844951561000016,28.710373507999975],[81.837561446999985,28.713523424000016],[81.833587084999976,28.718379920000018],[81.819945459999985,28.724030579999976],[81.82428108900001,28.732580727000027],[81.831110179,28.738525773999982],[81.836187013000028,28.740644276000012],[81.840184914000019,28.740249493000022],[81.843098934000011,28.73802974],[81.844610844999977,28.738494031000016],[81.847992084,28.737897633999978],[81.850976794000019,28.738348073],[81.851944519000028,28.739404426000021],[81.856870947,28.740913982],[81.860191518000022,28.739704141],[81.863268920999985,28.742621540000016],[81.873434734999989,28.745633095000017],[81.874496947000011,28.74663682900001],[81.877422065000019,28.74572908],[81.880114989999981,28.746974815999977]]]}},
{"type":"Feature","properties":{"adm3_pcode":"NP0661301","adm3_name":"Aathbis","adm2_name":"Dailekh","local_level_type":"urban municipality"},"geometry":{"type":"Polygon","coordinates":[[[81.579112924000015,29.135886062999987],[81.580669718000024,29.135516182],[81.579460176,29.129773823999983],[81.581943524,29.126402047999989],[81.582077363,29.12394496600001],[81.578928417999975,29.113746932000026],[81.578457078999975,29.108450292999976],[81.576534061000018,29.106649432999973],[81.576224215000025,29.10393486800001],[81.573260001,29.100198549000027],[81.568681056,29.097245008000016],[81.565897643000028,29.08927146100001],[81.565203485999973,29.075719648000018],[81.561697259000027,29.066384278999976],[81.563645225000016,29.060569844999975],[81.563627229000019,29.05359968],[81.556432777,29.049939231999986],[81.54393388,29.048700172],[81.541818257999978,29.047292084999981],[81.540250203000028,29.044909597000014],[81.537802194999983,29.043112542000017],[81.538851817000022,29.035398085],[81.535053221,29.031350721000024],[81.531129222,29.022911637],[81.523918966,29.015464351999981],[81.521352138999987,29.014856249],[81.517843460999984,29.016663156],[81.515393604999986,29.0167538],[81.512411359,29.014890620000017],[81.510909738,29.012205223000024],[81.506208367999989,29.009308551],[81.498120469000014,29.006090425000025],[81.496783758,29.007076688999973],[81.495401328000014,29.006687019000026],[81.487651675,29.001078119],[81.482341577999989,29.001523626999983],[81.481485217999989,28.993363061000025],[81.484514912,28.990918142999988],[81.48528733500001,28.989300303],[81.484079985999983,28.979751298999986],[81.486562992000017,28.977894881],[81.486607967,28.975451669999984],[81.489021789,28.974053334000018],[81.491184744,28.974009368999987],[81.495260249000012,28.97061749],[81.497256051000022,28.969960517],[81.498485304999974,28.967411395999989],[81.502008108999974,28.965462812999988],[81.506174252999983,28.960680751999973],[81.508018750000019,28.960750459],[81.506286392,28.962509770999986],[81.507847453000011,28.964653656999985],[81.514566310000021,28.96330168999998],[81.516161136999983,28.960848064],[81.521055408999985,28.960786326],[81.518592725000019,28.958413760999974],[81.518906518,28.953693391],[81.518238696000026,28.952344757],[81.515342929999974,28.950889600999972],[81.514265486999989,28.948886085000026],[81.510407983,28.947130069000025],[81.510202941999978,28.940498745000014],[81.506821974,28.936588621],[81.507249498000022,28.935508727000013],[81.515563733000022,28.932413818999976],[81.511216188999981,28.929567771999984],[81.505313380000018,28.929026178000015],[81.504576883000027,28.927456563000021],[81.50241824699998,28.9270022],[81.50034787300001,28.925281955],[81.496927088,28.925366837000013],[81.494412255999976,28.921295305],[81.492062020999981,28.920819004],[81.485559341,28.914117971999985],[81.483511465,28.915765291000014],[81.48256190799998,28.915698785000018],[81.48158156400001,28.914524754000013],[81.481645214000025,28.91263418],[81.47787436599998,28.911896383],[81.473562055,28.916680441999972],[81.470815886000025,28.922584481],[81.466417123999975,28.928837153000018],[81.462370486,28.92890296600001],[81.459497221999982,28.930622702999983],[81.455792407999979,28.931034550999982],[81.454908897999985,28.934813813],[81.451185957,28.938918381],[81.444370794,28.940535886000021],[81.443774293,28.941679334000014],[81.444999989999985,28.952740011],[81.444505363000019,28.956578773],[81.442933645999972,28.959724021999989],[81.441480778000027,28.959922796],[81.437034069,28.956623541],[81.432677407000028,28.957032379],[81.430865378000021,28.958434537000016],[81.428440578,28.962261335],[81.428154827000014,28.964495499],[81.424590416,28.965695588000017],[81.423559349000016,28.966815468999982],[81.422451272999979,28.969045435],[81.42249154000001,28.971226670000021],[81.425676345,28.97876232599998],[81.424877550000019,28.980420599000013],[81.421421341999974,28.983454207000023],[81.420113252000021,28.987976705999984],[81.416045243999974,28.991447452999978],[81.415015082000025,28.994347106000021],[81.410710828999981,28.995930337],[81.410028905,28.996900112999981],[81.410666236999987,28.997958524000012],[81.413693255,28.998253725999973],[81.417190861,29.000564123],[81.418919120999988,29.004246930000022],[81.418636002000028,29.00610887800002],[81.416018302999987,29.009236738000027],[81.415003010000021,29.012357372],[81.415269576000014,29.017089247],[81.418891799,29.02243998900002],[81.425420398000028,29.022931534],[81.429906605999975,29.029418431000011],[81.432610029999978,29.037451596999972],[81.438054571,29.039013028],[81.439551032999987,29.040219498999988],[81.442854273000023,29.046890237000014],[81.442832456000019,29.050801810999985],[81.444023365000021,29.053725868000015],[81.453203691,29.059702316000028],[81.459185161,29.064631127999974],[81.464533225000025,29.065621049000015],[81.466697591000013,29.067018886000028],[81.467706549000013,29.068698182],[81.467266540000026,29.072487136],[81.469272228000023,29.078058646999978],[81.473981854999977,29.080349749999982],[81.483003511999982,29.083074123000017],[81.493193463000011,29.088243284999976],[81.496660607000024,29.088674917999981],[81.500476354999989,29.091099183999972],[81.506321319,29.090400518000024],[81.510582037,29.091079139999977],[81.514663714999983,29.095385609],[81.517968993000011,29.096516550999979],[81.519015876000026,29.098490756999979],[81.521494695,29.100218069],[81.522090815000013,29.10281889800001],[81.523401361000026,29.104201037],[81.536604075000014,29.106682055000022],[81.547676342999978,29.115385026000013],[81.551256089,29.119620183999984],[81.560878802,29.124890266000023],[81.567835945000013,29.126701634000028],[81.570827479,29.129813074000026],[81.573104592,29.130547788],[81.579112924000015,29.135886062999987]]]}},
{"type":"Feature","properties":{"adm3_pcode":"NP0661302","adm3_name":"Chamunda Bindrasaini","adm2_name":"Dailekh","local_level_type":"urban municipality"},"geometry":{"type":"Polygon","coordinates":[[[81.621088188999977,28.992682333],[81.6252265,28.992645083000014],[81.62488575499998,28.991557178999983],[81.626436950000027,28.989783677999981],[81.625925702000018,28.986688894999986],[81.622596953000027,28.984029032000024],[81.622171031999983,28.976081701],[81.621071538000024,28.973688907999986],[81.617995796,28.972272933],[81.614360596999973,28.969190169],[81.614006083999982,28.965726921],[81.615291916,28.965310478999982],[81.615522027,28.964319135999972],[81.614228114000014,28.96238961],[81.614158283999984,28.960447726999973],[81.61575256499998,28.957110871],[81.612175349999973,28.95451049899998],[81.61013399,28.951812845],[81.609232653,28.939243248000025],[81.604796607000026,28.933788441],[81.605973488000018,28.928035428999976],[81.604793552999979,28.926515866999978],[81.602308526,28.925897639000027],[81.596801557999981,28.920749601000011],[81.599812681,28.918929374000015],[81.599208966,28.914702445999978],[81.598767912000028,28.91402094],[81.595790881000028,28.914043145999983],[81.594979962000025,28.908743377],[81.592372228999977,28.906742711],[81.590980162999983,28.903574924],[81.591239836,28.902459406],[81.589200482000024,28.902781909999987],[81.587667824,28.905800046000024],[81.587388576000023,28.907763798000019],[81.588408506,28.910874648],[81.586791580000011,28.912038892999988],[81.58571889000001,28.906489830999988],[81.584928898999976,28.905042766],[81.5829415,28.904015958],[81.582324536999977,28.899707786000022],[81.580881878000014,28.89863799],[81.580209743000012,28.900849338],[81.578640963,28.900510972],[81.576069727,28.901767195],[81.576063927,28.904668174999983],[81.57200476700001,28.90600737],[81.566159389,28.905339536999975],[81.563478655999972,28.903823639999985],[81.558456142000011,28.904453574],[81.554059890000019,28.899669081000013],[81.551389176999976,28.900469594000015],[81.549421833999986,28.899633957],[81.546014345,28.900611067999989],[81.543969589000028,28.899058309999987],[81.542078968999988,28.899169772],[81.541058717,28.896570562000022],[81.541218916,28.894717922999973],[81.538394644,28.889599482999984],[81.538548301999981,28.883108962],[81.536957167000025,28.881840744999977],[81.535439252,28.878226246],[81.534038700999986,28.877742270999988],[81.529926912,28.872881414],[81.528357630000016,28.872594357000025],[81.527777099,28.871831855999972],[81.528254682000011,28.870483299999989],[81.526264653,28.86984139499998],[81.525646202000019,28.868273782000017],[81.522614487999988,28.86839154],[81.521777008000015,28.870154366],[81.515197082999975,28.874152154],[81.510019238999973,28.883822247000012],[81.508696311,28.889902102],[81.502889115000016,28.889188526],[81.497632749,28.890290849999985],[81.491544633999979,28.894143596],[81.483115253,28.90274168000002],[81.480627855000023,28.908974381],[81.47787436599998,28.911896383],[81.481645214000025,28.91263418],[81.48158156400001,28.914524754000013],[81.48256190799998,28.915698785000018],[81.483511465,28.915765291000014],[81.485559341,28.914117971999985],[81.492062020999981,28.920819004],[81.494412255999976,28.921295305],[81.496927088,28.925366837000013],[81.50034787300001,28.925281955],[81.50241824699998,28.9270022],[81.504576883000027,28.927456563000021],[81.505313380000018,28.929026178000015],[81.512489381000023,28.930108863999976],[81.515022061000025,28.932174520999979],[81.517444153999975,28.932963793999988],[81.523037714999987,28.939274162],[81.529717516,28.941433930000017],[81.531574590999981,28.944023027000014],[81.535031968,28.945471067000028],[81.536064222,28.947844550000013],[81.540157669,28.950990814000022],[81.541862593000019,28.9596191],[81.545646685,28.96747198700001],[81.546138260000021,28.969978449],[81.549850054999979,28.970594944000027],[81.552870606,28.97603254400002],[81.554097184,28.976350030999981],[81.556030323000016,28.97480814],[81.563171264,28.976070998000012],[81.570321111999988,28.97893502],[81.571970924000027,28.980371720999983],[81.57278014100001,28.979531373999976],[81.578570679,28.978683220999983],[81.579701859000011,28.980961213],[81.585955746000025,28.984940369000014],[81.588843103999977,28.988313660000017],[81.591648194000015,28.98981493399998],[81.596443581000017,28.994431572999986],[81.598071791,28.994688322],[81.597670016,28.995655539999973],[81.599048305,28.996849447999978],[81.599601486999973,29.000007349999976],[81.604782745000023,29.001845877999983],[81.609039157999973,29.002247712999974],[81.61611373400001,29.000007084],[81.616787220999981,28.999126550000028],[81.615128654999978,28.997985944999982],[81.615466561,28.997208396000019],[81.621088188999977,28.992682333]]]}},
{"type":"Feature","properties":{"adm3_pcode":"NP0661303","adm3_name":"Dullu","adm2_name":"Dailekh","local_level_type":"urban municipality"},"geometry":{"type":"Polygon","coordinates":[[[81.572727611,28.905747091000023],[81.576063927,28.904668174999983],[81.576069727,28.901767195],[81.578640963,28.900510972],[81.580209743000012,28.900849338],[81.580656907,28.898747289000028],[81.583300108,28.898803508000015],[81.591060825,28.893944567],[81.597212158,28.891492444],[81.59901222000002,28.891721323000013],[81.606142542999976,28.889302772],[81.609989665,28.891568302999985],[81.612180814999988,28.890953828000022],[81.612787251999976,28.889897621999978],[81.618236696,28.889915572],[81.624030432999973,28.895431331],[81.625682327999982,28.895725949999985],[81.628490655,28.894483481],[81.63218429,28.890340353999989],[81.629124994,28.888304188],[81.621975193000026,28.88616728400001],[81.622416027999975,28.885089204],[81.62439881,28.885666554000011],[81.625447198000018,28.883978911999975],[81.624395748999973,28.882152066],[81.623560044999977,28.882446902000027],[81.623908411,28.880381285999988],[81.624899971,28.879900718999977],[81.623313212000028,28.878559070999984],[81.622988596000027,28.877094327],[81.628224048999982,28.871374117000016],[81.63385064900001,28.868343040000013],[81.635079881000024,28.860180314],[81.636616396000022,28.85812933699998],[81.643440127000019,28.856161428],[81.646004084000026,28.853108372],[81.647520699999973,28.852546196999981],[81.649065380000025,28.848261739],[81.652532618,28.847029152],[81.658473421999986,28.847719859999984],[81.658876141,28.849822545],[81.66236150200001,28.851966520000019],[81.662592054000015,28.850842004000015],[81.663870514,28.850337191999984],[81.664270253999973,28.84791486],[81.666598492999981,28.848298046000025],[81.666338305000011,28.846769933000019],[81.664568079,28.844996573],[81.66597576700002,28.844761738999978],[81.667883040999982,28.842832632000011],[81.668802903000028,28.843547703000013],[81.670385567999972,28.843237567000017],[81.670880907000026,28.844978851],[81.672628255,28.843679808],[81.673409181000011,28.841911919999973],[81.678409663000025,28.839858866999975],[81.675724732999981,28.832024430999979],[81.677240562,28.830126502999974],[81.680700935,28.828378900000018],[81.681105778000017,28.827120335000018],[81.680601867,28.82594762399998],[81.679101058000015,28.826681534999977],[81.676638959,28.826524765999977],[81.675655451000011,28.82397161199998],[81.678130378999981,28.823151597999981],[81.678480868,28.821108354999978],[81.681057521000014,28.817440981],[81.687636700999974,28.816794007999988],[81.6886086,28.815119802000027],[81.687785713999972,28.811501125],[81.683925967999983,28.809262714999988],[81.684161655000025,28.807508755000015],[81.683125078999979,28.805646226000022],[81.684962899000027,28.805284973000028],[81.686514032,28.803582964999976],[81.684665643000017,28.800946307],[81.686505527,28.800431693],[81.687369822,28.798379020000027],[81.686199758999976,28.796857707000015],[81.683623378999982,28.79576096],[81.684314321999977,28.793724970000028],[81.682990431,28.790787849000026],[81.683469365,28.787356610000018],[81.682654437,28.779208229],[81.681767047,28.776313983000023],[81.677571655,28.770842179999988],[81.672600250000016,28.76843752000002],[81.670179064000024,28.765756108],[81.667079716999979,28.766811342999972],[81.65998035299998,28.760893103],[81.657664872999987,28.759898287],[81.653924182000026,28.760530051999979],[81.650270267999986,28.762573373],[81.640263893999986,28.761770744999978],[81.638063166,28.763294823000024],[81.635219069000016,28.769347036],[81.627995344999988,28.770296723],[81.616406782000013,28.774622659999977],[81.612204971999972,28.77501844],[81.611102798,28.775691173999974],[81.610037643,28.778439092999974],[81.598753174000024,28.782150778000016],[81.596033967999972,28.786333852999974],[81.591771132000019,28.785211147999973],[81.588905828,28.785555263],[81.585318901999983,28.784278269000026],[81.580092083000011,28.778959063],[81.579199048000021,28.780686265999975],[81.574633998000024,28.783315771],[81.566075958,28.791281227000013],[81.561906490000013,28.793218302000014],[81.556776236000019,28.797500834],[81.556756754,28.800099655],[81.552103718000012,28.809514343999979],[81.552819462,28.811424365],[81.551723157000026,28.815789320000022],[81.548810812,28.818826311],[81.544083547000014,28.827679236999984],[81.543214605,28.831039412999985],[81.537761064,28.836353471],[81.537724831,28.842638325],[81.536171560000014,28.84513044800002],[81.535341422999977,28.848637048],[81.531715968000015,28.856194861],[81.527756448,28.859490436999977],[81.522614487999988,28.86839154],[81.525990654,28.868340091999983],[81.526264653,28.86984139499998],[81.528254682000011,28.870483299999989],[81.527918886,28.87212458099998],[81.530074139000021,28.873000405000028],[81.534038700999986,28.877742270999988],[81.535439252,28.878226246],[81.536957167000025,28.881840744999977],[81.538326714999982,28.882757928999979],[81.538394644,28.889599482999984],[81.541218916,28.894717922999973],[81.541058717,28.896570562000022],[81.542078968999988,28.899169772],[81.543969589000028,28.899058309999987],[81.546014345,28.900611067999989],[81.549421833999986,28.899633957],[81.551389176999976,28.900469594000015],[81.554059890000019,28.899669081000013],[81.558456142000011,28.904453574],[81.563478655999972,28.903823639999985],[81.566697813000019,28.905468096],[81.572727611,28.905747091000023]]]}},
{"type":"Feature","properties":{"adm3_pcode":"NP0661304","adm3_name":"Narayan","adm2_name":"Dailekh","local_level_type":"urban municipality"},"geometry":{"type":"Polygon","coordinates":[[[81.760998084,28.953730865000011],[81.766218079999987,28.945916662],[81.76836307100001,28.944138233],[81.770024851000016,28.943797100999973],[81.770683819,28.94057890800002],[81.772442730000023,28.939165751000019],[81.771192682999981,28.937438268999983],[81.767057607000027,28.934813704000021],[81.762348047999978,28.928725138],[81.762131867,28.926601393999988],[81.760054443,28.924244645999977],[81.760357129999989,28.922059352000019],[81.758441765999976,28.918609833],[81.75749035299998,28.914087925],[81.758162862,28.91207874600002],[81.75743199599998,28.910194848],[81.762024311,28.906627368999978],[81.765426871999978,28.905243358],[81.766835652999987,28.903342803999976],[81.768141646,28.904287297],[81.771182058000022,28.903516474000014],[81.771343619999982,28.902313212000024],[81.770121745999973,28.901140490999978],[81.770760614999972,28.900085599000022],[81.770156612999983,28.897952911],[81.77488551,28.895652004999988],[81.772952980000014,28.894634446],[81.773521116999973,28.893126594000023],[81.771463344999972,28.892587989999981],[81.770886139000027,28.891048373999979],[81.772727082000017,28.887318121000021],[81.773287149999987,28.882911662000026],[81.771494932,28.880828580000014],[81.771653309999976,28.879453895999973],[81.770296277999989,28.877634546000024],[81.770918365,28.875113537],[81.769156063000025,28.874011489],[81.770619961000023,28.868704375999982],[81.766773264999983,28.863621543000022],[81.761050639000018,28.858343887],[81.775571002,28.853524040000025],[81.777532464999979,28.851211843999977],[81.783227486999976,28.848638912000013],[81.786720571999979,28.845347641999979],[81.794032631999983,28.842397205999987],[81.796967672,28.842262573000028],[81.805320258999984,28.836851005000028],[81.809114485,28.837284018999981],[81.812860199,28.835427556000013],[81.814929538,28.835597758],[81.818954247000022,28.831851411],[81.820764065,28.83177275700001],[81.820376008999972,28.830877272],[81.814704990999985,28.822802188000026],[81.808757465999975,28.823990681999987],[81.803951824000023,28.823044888000027],[81.799210330999983,28.823697885],[81.791630108999982,28.820553005000022],[81.784811123,28.819216719999986],[81.774055522000026,28.80904663299998],[81.774311593,28.806699166999977],[81.773146569,28.806392303999985],[81.771248078999974,28.806297098000016],[81.768683712999973,28.807766738999987],[81.757234274999973,28.810978278999983],[81.754647906,28.812810948],[81.75156038199998,28.809699379],[81.748822349000022,28.811381622999988],[81.746894172999987,28.811446464000028],[81.745860849,28.812902627000028],[81.743393899000012,28.811483786999986],[81.741410205000022,28.812927124999987],[81.738409052,28.809386222],[81.736671025000021,28.81016718799998],[81.736119615,28.812791436999987],[81.735358083999984,28.813221950000013],[81.733814060999975,28.812364132000027],[81.732506597,28.809815474],[81.731085359000019,28.809475734999978],[81.728998687,28.810499860999983],[81.721138570999983,28.80699819900002],[81.715913492000027,28.80572674299998],[81.719140859,28.802610077],[81.718683321000015,28.801252257999977],[81.710344811000027,28.80238822299998],[81.707744795,28.805530646000022],[81.699506698,28.807200001000012],[81.696772268000018,28.806654700000024],[81.69368319,28.803031928999985],[81.691300561999981,28.80386538099998],[81.686318557,28.80365608],[81.684962899000027,28.805284973000028],[81.68312289,28.805797337],[81.684161655000025,28.807508755000015],[81.684264786000028,28.809858788999975],[81.686738373000026,28.810554509999974],[81.688189587000011,28.812060766],[81.688577024999972,28.815959099],[81.684883564000017,28.817437408999979],[81.681057521000014,28.817440981],[81.678480868,28.821108354999978],[81.678130378999981,28.823151597999981],[81.675655451000011,28.82397161199998],[81.676638959,28.826524765999977],[81.679101058000015,28.826681534999977],[81.680601867,28.82594762399998],[81.681105778000017,28.827120335000018],[81.680700935,28.828378900000018],[81.676542147000021,28.830673628999989],[81.675740534999989,28.832484575000024],[81.676873304000026,28.836713012000018],[81.680111676000024,28.843538551999984],[81.682825794,28.844269209],[81.685281041999986,28.846638899000027],[81.686098615999981,28.850196644],[81.684071995000011,28.851379942999984],[81.684070464,28.853098846000023],[81.685485130000018,28.854027842999983],[81.687696899,28.853606101000025],[81.689794678,28.856904513000018],[81.692103294,28.857285198],[81.691548162,28.85838665],[81.691889111000023,28.862088874999984],[81.694052629999987,28.86201010000002],[81.698313711000026,28.866946391],[81.703483289000019,28.868590937000022],[81.70460779299998,28.870315292999976],[81.707868437,28.87224941],[81.707601925,28.874903597000014],[81.709174970999982,28.88123634599998],[81.707854613,28.883255452000014],[81.708113041,28.885365449],[81.707000557000015,28.885912694000012],[81.707548675999988,28.892374854000025],[81.70626904300002,28.895510358000024],[81.706329426000025,28.89809062],[81.711108949999982,28.902150686000027],[81.710883497,28.90470988300001],[81.72097501899998,28.910397187],[81.723432385000024,28.913088658999982],[81.724248105000015,28.915455077999979],[81.725317389,28.915853117999973],[81.727278899,28.914416841],[81.732386954999981,28.9176668],[81.730259175000015,28.924919348],[81.72994163200002,28.929644592999978],[81.728217804,28.936509245000025],[81.734092267,28.94601001],[81.74218233,28.950635071000022],[81.750479133,28.950841670999978],[81.753565247999973,28.952367385],[81.756099372999984,28.950546277],[81.760998084,28.953730865000011]]]}},
{"type":"Feature","properties":{"adm3_pcode":"NP0661401","adm3_name":"Thantikandh","adm2_name":"Dailekh","local_level_type":"rural municipality"},"geometry":{"type":"Polygon","coordinates":[[[81.566982992000021,29.051789959000018],[81.570349018,29.052576494999983],[81.581181453,29.047089158],[81.586304723000012,29.048801571000013],[81.58923663500002,29.048851919000015],[81.59501953,29.045575867000025],[81.598714217,29.045374501000026],[81.602445752999984,29.042887721999989],[81.604724757999975,29.039284088999977],[81.60976524199998,29.036741645],[81.613274386,29.033427754],[81.614096755,29.03448197900002],[81.618839338999976,29.032089392999978],[81.620222867,29.030481437],[81.619998869000028,29.028650792],[81.621113475000016,29.024792853],[81.619018067000013,29.02170536],[81.619186507,29.020254184],[81.617374068,29.016820227999972],[81.617940234,29.013734022999984],[81.615676286,29.007263591000026],[81.616695817,29.004809207999983],[81.615471392000018,29.002996672],[81.61622924400001,29.00196459],[81.61611373400001,29.000007084],[81.609039157999973,29.002247712999974],[81.604782745000023,29.001845877999983],[81.599601486999973,29.000007349999976],[81.599048305,28.996849447999978],[81.597670016,28.995655539999973],[81.598071791,28.994688322],[81.596443581000017,28.994431572999986],[81.591648194000015,28.98981493399998],[81.588843103999977,28.988313660000017],[81.585955746000025,28.984940369000014],[81.579701859000011,28.980961213],[81.578570679,28.978683220999983],[81.57278014100001,28.979531373999976],[81.571970924000027,28.980371720999983],[81.565776766999988,28.976978137],[81.559634696999979,28.975305268999989],[81.556030323000016,28.97480814],[81.553586814000028,28.976462702],[81.549850054999979,28.970594944000027],[81.546138260000021,28.969978449],[81.545646685,28.96747198700001],[81.541862593000019,28.9596191],[81.540157669,28.950990814000022],[81.536064222,28.947844550000013],[81.535031968,28.945471067000028],[81.531574590999981,28.944023027000014],[81.529717516,28.941433930000017],[81.523037714999987,28.939274162],[81.51677700099998,28.932612192000022],[81.515563733000022,28.932413818999976],[81.507249498000022,28.935508727000013],[81.506821974,28.936588621],[81.510202941999978,28.940498745000014],[81.510407983,28.947130069000025],[81.514265486999989,28.948886085000026],[81.515342929999974,28.950889600999972],[81.518238696000026,28.952344757],[81.518906518,28.953693391],[81.518592725000019,28.958413760999974],[81.521055408999985,28.960786326],[81.516161136999983,28.960848064],[81.514566310000021,28.96330168999998],[81.507847453000011,28.964653656999985],[81.506286392,28.962509770999986],[81.508018750000019,28.960750459],[81.506174252999983,28.960680751999973],[81.502008108999974,28.965462812999988],[81.498485304999974,28.967411395999989],[81.497256051000022,28.969960517],[81.495260249000012,28.97061749],[81.491184744,28.974009368999987],[81.489021789,28.974053334000018],[81.486607967,28.975451669999984],[81.486562992000017,28.977894881],[81.484079985999983,28.979751298999986],[81.48528733500001,28.989300303],[81.484514912,28.990918142999988],[81.481485217999989,28.993363061000025],[81.482341577999989,29.001523626999983],[81.487651675,29.001078119],[81.495401328000014,29.006687019000026],[81.496783758,29.007076688999973],[81.498120469000014,29.006090425000025],[81.506208367999989,29.009308551],[81.510909738,29.012205223000024],[81.512411359,29.014890620000017],[81.515393604999986,29.0167538],[81.517843460999984,29.016663156],[81.521352138999987,29.014856249],[81.523918966,29.015464351999981],[81.531129222,29.022911637],[81.535053221,29.031350721000024],[81.538851817000022,29.035398085],[81.537802194999983,29.043112542000017],[81.540250203000028,29.044909597000014],[81.541818257999978,29.047292084999981],[81.54393388,29.048700172],[81.556432777,29.049939231999986],[81.563627229000019,29.05359968],[81.566982992000021,29.051789959000018]]]}},
{"type":"Feature","properties":{"adm3_pcode":"NP0661402","adm3_name":"Bhairabi","adm2_name":"Dailekh","local_level_type":"rural municipality"},"geometry":{"type":"Polygon","coordinates":[[[81.682911725,29.049075847999973],[81.691253269000015,29.049425685000017],[81.692608176000022,29.047810352999988],[81.693929438,29.047598268],[81.694694401,29.043955803000017],[81.69924930000002,29.039456847999986],[81.701589035999973,29.033020355000019],[81.702206159000013,29.031947899999977],[81.703576354,29.031600138999977],[81.69549494,29.025718695000023],[81.68952409100001,29.017531808],[81.68452722,29.013501548000022],[81.684868900000026,29.011419995999972],[81.684151892999978,29.010383769999976],[81.678913384999987,29.005416157000013],[81.678070291999973,29.003133106],[81.678662304,29.001506765999977],[81.671899941999982,28.999886445000016],[81.669852320000018,28.997891351000021],[81.662074048000022,28.995579393000014],[81.655849878000026,28.996564088000014],[81.654905986000017,28.997734904000026],[81.652420673999984,28.995741617000022],[81.651435787000025,28.993452316],[81.652625091,28.991932911],[81.650681087,28.989492607999978],[81.650003232000017,28.983256427000015],[81.65267329,28.980694516000028],[81.651309486,28.97667012],[81.652219463999984,28.974513708000018],[81.648962224,28.970917994999979],[81.649660589,28.969680681999989],[81.649170428,28.96841535599998],[81.649914361000015,28.963182914000015],[81.651971887,28.96007804300001],[81.651875857,28.958977706999974],[81.653688634,28.957653791999974],[81.653895299999988,28.953914955000016],[81.655868852000026,28.953402343],[81.658550875,28.949234079],[81.66055436900001,28.948310693],[81.660242120000021,28.943753362],[81.663038055000015,28.943550107000021],[81.664263028999983,28.942711702],[81.659590335000019,28.936808808000023],[81.662606043999972,28.933694577999972],[81.661167202,28.932330121],[81.66330762299998,28.931004460999986],[81.660731935,28.926273238000022],[81.656430122000017,28.924137814],[81.656007183999975,28.920499021000012],[81.654632455000012,28.919294362000016],[81.65281197600001,28.914575087],[81.653741618000026,28.910119950000023],[81.650820948999979,28.90693539199998],[81.650950282,28.90486396],[81.653681122000023,28.903537872000015],[81.653498538,28.902620641],[81.651834408000013,28.901629398000011],[81.652453655999977,28.900525571],[81.655976765,28.899051257],[81.655363479000016,28.895379588000026],[81.656243131999986,28.89066522600001],[81.660668938000015,28.888807397999983],[81.661782679999988,28.884364762000018],[81.661533634000023,28.881875614000023],[81.663094242,28.881428052999979],[81.664177011,28.882523529000025],[81.665440728000021,28.881845108999983],[81.664152301,28.88056114699998],[81.663678097,28.878129492000028],[81.667217242999982,28.877992490999986],[81.667281888,28.876383766],[81.668610976000025,28.875420749999989],[81.668267805000028,28.873658407999983],[81.672705579000024,28.873408493],[81.677355818000024,28.870168483999976],[81.677343861999987,28.867822514000011],[81.678621408000026,28.866058882],[81.678136173999974,28.861879013000021],[81.679972889,28.86040805],[81.679259391000016,28.858760379999978],[81.681833697,28.857046513],[81.683851553000011,28.853325573],[81.684071995000011,28.851379942999984],[81.686009187000025,28.850424933999989],[81.684603528000025,28.845584363],[81.682310432,28.844016913000019],[81.680196350000017,28.843653167000014],[81.678301303000012,28.839839118999976],[81.673409181000011,28.841911919999973],[81.672628255,28.843679808],[81.670880907000026,28.844978851],[81.670385567999972,28.843237567000017],[81.668802903000028,28.843547703000013],[81.667883040999982,28.842832632000011],[81.66597576700002,28.844761738999978],[81.664568079,28.844996573],[81.666338305000011,28.846769933000019],[81.666598492999981,28.848298046000025],[81.664270253999973,28.84791486],[81.663870514,28.850337191999984],[81.662592054000015,28.850842004000015],[81.66236150200001,28.851966520000019],[81.658876141,28.849822545],[81.658473421999986,28.847719859999984],[81.652532618,28.847029152],[81.649065380000025,28.848261739],[81.647520699999973,28.852546196999981],[81.646004084000026,28.853108372],[81.643440127000019,28.856161428],[81.636616396000022,28.85812933699998],[81.635079881000024,28.860180314],[81.63385064900001,28.868343040000013],[81.628224048999982,28.871374117000016],[81.622988596000027,28.877094327],[81.623313212000028,28.878559070999984],[81.624899971,28.879900718999977],[81.623908411,28.880381285999988],[81.623560044999977,28.882446902000027],[81.624395748999973,28.882152066],[81.625447198000018,28.883978911999975],[81.62439881,28.885666554000011],[81.622416027999975,28.885089204],[81.621975193000026,28.88616728400001],[81.629124994,28.888304188],[81.63218429,28.890340353999989],[81.628490655,28.894483481],[81.625682327999982,28.895725949999985],[81.624030432999973,28.895431331],[81.618236696,28.889915572],[81.612787251999976,28.889897621999978],[81.612180814999988,28.890953828000022],[81.609989665,28.891568302999985],[81.606142542999976,28.889302772],[81.59901222000002,28.891721323000013],[81.597212158,28.891492444],[81.591060825,28.893944567],[81.583300108,28.898803508000015],[81.580881878000014,28.89863799],[81.582324536999977,28.899707786000022],[81.5829415,28.904015958],[81.584928898999976,28.905042766],[81.58571889000001,28.906489830999988],[81.586583110999982,28.911895465999976],[81.588408506,28.910874648],[81.587388576000023,28.907763798000019],[81.587667824,28.905800046000024],[81.589200482000024,28.902781909999987],[81.591239836,28.902459406],[81.590980162999983,28.903574924],[81.592372228999977,28.906742711],[81.594979962000025,28.908743377],[81.595790881000028,28.914043145999983],[81.599050681999984,28.914261045999979],[81.599812681,28.918929374000015],[81.596713136,28.920526683],[81.602308526,28.925897639000027],[81.605696412999976,28.92745248],[81.604796607000026,28.933788441],[81.609232653,28.939243248000025],[81.61013399,28.951812845],[81.612175349999973,28.95451049899998],[81.61575256499998,28.957110871],[81.614158283999984,28.960447726999973],[81.614228114000014,28.96238961],[81.615522027,28.964319135999972],[81.615291916,28.965310478999982],[81.614006083999982,28.965726921],[81.614360596999973,28.969190169],[81.617995796,28.972272933],[81.621071538000024,28.973688907999986],[81.622171031999983,28.976081701],[81.622596953000027,28.984029032000024],[81.625925702000018,28.986688894999986],[81.626436950000027,28.989783677999981],[81.62488575499998,28.991557178999983],[81.625116951,28.992774194],[81.620835222999972,28.992742137],[81.61508204,28.997796586999982],[81.616787220999981,28.999126550000028],[81.615471392000018,29.002996672],[81.616695817,29.004809207999983],[81.615676286,29.007263591000026],[81.617940234,29.013734022999984],[81.617489665999983,29.017372366000018],[81.621116331999986,29.025708642999973],[81.619998869000028,29.028650792],[81.620222867,29.030481437],[81.61658836700002,29.033699087],[81.614096755,29.03448197900002],[81.618360499,29.037221161],[81.621493805,29.04148587100002],[81.624022879999984,29.042441817999986],[81.626833128999976,29.042034020000017],[81.630487374999973,29.04576141299998],[81.630506605999983,29.046602711999981],[81.644353086000024,29.040175815999987],[81.650981622000018,29.039999487999978],[81.655145527,29.041492846999972],[81.658854341,29.041129558000023],[81.665182159999972,29.044786494999983],[81.670312895,29.044986548999987],[81.679364811000028,29.046941933000028],[81.682911725,29.049075847999973]]]}},
{"type":"Feature","properties":{"adm3_pcode":"NP0661403","adm3_name":"Mahabu","adm2_name":"Dailekh","local_level_type":"rural municipality"},"geometry":{"type":"Polygon","coordinates":[[[81.703576354,29.031600138999977],[81.710118534,29.031098778],[81.714061158,29.029086084000028],[81.715236208000022,29.027821093],[81.715384535,29.022521649999987],[81.714721081,29.021586789000025],[81.715797150000014,29.020017823999979],[81.722094982999977,29.019828494000024],[81.724551991999988,29.021536371000025],[81.726891310999974,29.020806408999988],[81.730087484000023,29.021684622],[81.736485397000024,29.019770704],[81.744627809,29.01180599700001],[81.743793708,29.009909035000021],[81.738712716,29.006289548999973],[81.734565773999975,29.006709263],[81.73236598,29.005063323],[81.730695791000016,28.997168343],[81.728735901999983,28.995392480000021],[81.726491013999976,28.988984792999986],[81.723992991999978,28.984879262999982],[81.724021825000023,28.983582072],[81.72576075500001,28.981316993],[81.724583611000014,28.974007966999977],[81.720388174,28.967705430000024],[81.725973743,28.970118348000028],[81.734701536999978,28.96420602],[81.736910566,28.959853892000012],[81.741559418,28.95382358],[81.742029662,28.950710312000012],[81.734092267,28.94601001],[81.728217804,28.936509245000025],[81.72994163200002,28.929644592999978],[81.730259175000015,28.924919348],[81.732386954999981,28.9176668],[81.727278899,28.914416841],[81.725317389,28.915853117999973],[81.724248105000015,28.915455077999979],[81.723432385000024,28.913088658999982],[81.72097501899998,28.910397187],[81.710883497,28.90470988300001],[81.711108949999982,28.902150686000027],[81.706107714999973,28.897618035],[81.707548675999988,28.892374854000025],[81.707000557000015,28.885912694000012],[81.708113041,28.885365449],[81.707854613,28.883255452000014],[81.709174970999982,28.88123634599998],[81.707601925,28.874903597000014],[81.707678594000015,28.871923311999979],[81.70460779299998,28.870315292999976],[81.703483289000019,28.868590937000022],[81.698313711000026,28.866946391],[81.694052629999987,28.86201010000002],[81.691889111000023,28.862088874999984],[81.691548162,28.85838665],[81.692103294,28.857285198],[81.689794678,28.856904513000018],[81.687696899,28.853606101000025],[81.685054128,28.853946533],[81.683943985999974,28.852867178999986],[81.681833697,28.857046513],[81.679259391000016,28.858760379999978],[81.679972889,28.86040805],[81.678136173999974,28.861879013000021],[81.678621408000026,28.866058882],[81.677343861999987,28.867822514000011],[81.677510051000013,28.869939881999983],[81.672705579000024,28.873408493],[81.668267805000028,28.873658407999983],[81.668610976000025,28.875420749999989],[81.667281888,28.876383766],[81.667217242999982,28.877992490999986],[81.663678097,28.878129492000028],[81.664152301,28.88056114699998],[81.665440728000021,28.881845108999983],[81.664177011,28.882523529000025],[81.663094242,28.881428052999979],[81.661533634000023,28.881875614000023],[81.661782679999988,28.884364762000018],[81.660668938000015,28.888807397999983],[81.656243131999986,28.89066522600001],[81.655363479000016,28.895379588000026],[81.655976765,28.899051257],[81.654360982000014,28.899228280999978],[81.651834786999984,28.901381296000011],[81.653715058999978,28.903321141],[81.650950282,28.90486396],[81.650780839999982,28.906358131],[81.653741618000026,28.910119950000023],[81.65281197600001,28.914575087],[81.654632455000012,28.919294362000016],[81.656007183999975,28.920499021000012],[81.656430122000017,28.924137814],[81.660731935,28.926273238000022],[81.663056544000028,28.930338020000022],[81.662813923999977,28.931807692],[81.661167202,28.932330121],[81.662606043999972,28.933694577999972],[81.659615765000012,28.937079346000019],[81.664263028999983,28.942711702],[81.663038055000015,28.943550107000021],[81.660242120000021,28.943753362],[81.66055436900001,28.948310693],[81.658550875,28.949234079],[81.655868852000026,28.953402343],[81.653895299999988,28.953914955000016],[81.653688634,28.957653791999974],[81.651875857,28.958977706999974],[81.651971887,28.96007804300001],[81.649914361000015,28.963182914000015],[81.649170428,28.96841535599998],[81.649660589,28.969680681999989],[81.648962224,28.970917994999979],[81.652219463999984,28.974513708000018],[81.651309486,28.97667012],[81.652771223,28.980161693000014],[81.650160656000025,28.982786474000022],[81.650060893999978,28.984174282000026],[81.650681087,28.989492607999978],[81.652625091,28.991932911],[81.651436972,28.993641734],[81.652671197000018,28.996006595999972],[81.654905986000017,28.997734904000026],[81.655849878000026,28.996564088000014],[81.662074048000022,28.995579393000014],[81.669852320000018,28.997891351000021],[81.671899941999982,28.999886445000016],[81.678662304,29.001506765999977],[81.678070291999973,29.003133106],[81.678913384999987,29.005416157000013],[81.684151892999978,29.010383769999976],[81.684868900000026,29.011419995999972],[81.68452722,29.013501548000022],[81.68952409100001,29.017531808],[81.69549494,29.025718695000023],[81.703576354,29.031600138999977]]]}},
{"type":"Feature","properties":{"adm3_pcode":"NP0661404","adm3_name":"Naumule","adm2_name":"Dailekh","local_level_type":"rural municipality"},"geometry":{"type":"Polygon","coordinates":[[[81.773441900000023,29.017589308000026],[81.776050909,29.018151730999989],[81.782795813,29.017564444000016],[81.785045592000017,29.016342276999978],[81.785532483,29.015234137],[81.790149691000011,29.013876203999985],[81.791064592999987,29.01245422400001],[81.794902924999974,29.013539115000015],[81.793273614999976,29.011893057],[81.794421949000025,29.009039588],[81.793009964000021,29.005095934],[81.796562086999984,29.002681584000015],[81.801998561,29.001185237000016],[81.803136439000014,28.999428104],[81.806081940000013,28.997926224000025],[81.808009547999973,28.99480179],[81.811045031,28.993603757000017],[81.815307636,28.990298187],[81.816163750999976,28.987985413],[81.81854008800002,28.986035566],[81.818931748000011,28.984623327],[81.822634084000015,28.983132269],[81.828997435000019,28.98487744800002],[81.835551098999986,28.98178720300001],[81.841509734999988,28.98121996499998],[81.846377900999983,28.973621490000028],[81.848130750999985,28.972232207],[81.856511802,28.971935479000024],[81.861882929999979,28.972753854000018],[81.864688832000013,28.970933563000017],[81.872472080000023,28.971176527000011],[81.874927727,28.972119287],[81.878087348,28.976140835000024],[81.881780714,28.976450547000013],[81.884776959000021,28.981729476],[81.887982164999983,28.984110613999974],[81.88966237,28.984320619000016],[81.895020308000028,28.982011285],[81.900440258,28.982013488],[81.903565877,28.982939884000018],[81.909353145000011,28.986652060999972],[81.910570109999981,28.986391228],[81.91486807299998,28.980434092],[81.919627038999977,28.977638419000016],[81.9193323,28.975856142],[81.920437419999985,28.971377884999981],[81.918898246000026,28.96846057099998],[81.920412817,28.967006540999989],[81.920934956,28.962455533000025],[81.920222810999974,28.9586415],[81.92143785899998,28.953932329],[81.921053582000013,28.941373048],[81.925565267000025,28.93874129400001],[81.926740216999974,28.936206858999981],[81.926256551,28.931840879999982],[81.92384840699998,28.923556489000021],[81.921106577999979,28.9209745],[81.916921672,28.919658625000011],[81.904921890000026,28.911709499999972],[81.903181150000023,28.907115025999985],[81.901039341,28.905782744000021],[81.900527753,28.904125889],[81.893827354999985,28.900674239000011],[81.892539251000017,28.895422456],[81.890862636,28.893737212000019],[81.889148694000028,28.889697373999979],[81.889935372000025,28.884418249000021],[81.887791928000013,28.880331472000023],[81.874856774000023,28.882353723],[81.870738287999984,28.881529992000026],[81.86782185200002,28.879232162],[81.862398782000014,28.878982732999987],[81.861028673000021,28.878023801999973],[81.853466985000011,28.869468547999986],[81.84921404,28.860600996000016],[81.844045764999976,28.856011470999988],[81.842463286,28.852960294000013],[81.841088703000025,28.847237053000015],[81.827683778999983,28.83353731699998],[81.823138257999972,28.834307244],[81.819902249,28.831545641],[81.814929538,28.835597758],[81.812860199,28.835427556000013],[81.809114485,28.837284018999981],[81.805320258999984,28.836851005000028],[81.796967672,28.842262573000028],[81.794032631999983,28.842397205999987],[81.786720571999979,28.845347641999979],[81.783227486999976,28.848638912000013],[81.777532464999979,28.851211843999977],[81.775571002,28.853524040000025],[81.761050639000018,28.858343887],[81.766773264999983,28.863621543000022],[81.770619961000023,28.868704375999982],[81.769156063000025,28.874011489],[81.770918365,28.875113537],[81.770296277999989,28.877634546000024],[81.771653309999976,28.879453895999973],[81.771494932,28.880828580000014],[81.773287149999987,28.882911662000026],[81.772727082000017,28.887318121000021],[81.770886139000027,28.891048373999979],[81.771463344999972,28.892587989999981],[81.773521116999973,28.893126594000023],[81.772952980000014,28.894634446],[81.774887445,28.895823364000023],[81.770156612999983,28.897952911],[81.770760614999972,28.900085599000022],[81.770121745999973,28.901140490999978],[81.771343619999982,28.902313212000024],[81.771182058000022,28.903516474000014],[81.768141646,28.904287297],[81.766835652999987,28.903342803999976],[81.765426871999978,28.905243358],[81.758114046,28.909160078000014],[81.75743199599998,28.910194848],[81.758209971999975,28.912480022000011],[81.757514094999976,28.914356213000019],[81.758441765999976,28.918609833],[81.760357129999989,28.922059352000019],[81.760010076000015,28.924129844],[81.761998889999973,28.92629767],[81.762722296999982,28.929411080000023],[81.767057607000027,28.934813704000021],[81.771541567999975,28.937720496999987],[81.772424354,28.93945235000001],[81.770683819,28.94057890800002],[81.770024851000016,28.943797100999973],[81.76836307100001,28.944138233],[81.765854621000017,28.94636086700001],[81.761171187,28.953729867],[81.756099372999984,28.950546277],[81.753565247999973,28.952367385],[81.751063927000018,28.950930920000019],[81.742012666999983,28.950577324],[81.741559418,28.95382358],[81.736910566,28.959853892000012],[81.734701536999978,28.96420602],[81.725973743,28.970118348000028],[81.720388174,28.967705430000024],[81.724176934000013,28.973069549],[81.725357895,28.97661367500001],[81.72576075500001,28.981316993],[81.724021825000023,28.983582072],[81.723992991999978,28.984879262999982],[81.726491013999976,28.988984792999986],[81.728735901999983,28.995392480000021],[81.730695791000016,28.997168343],[81.731442652999988,29.002481048999982],[81.733432307999976,29.006451584],[81.738712716,29.006289548999973],[81.743793708,29.009909035000021],[81.744627809,29.01180599700001],[81.748086396000019,29.011994277999975],[81.751161697999976,29.01018611500001],[81.752030389000026,29.010381984],[81.755358707000028,29.012582953],[81.759813830999974,29.013593233999984],[81.761924130000011,29.015712943999972],[81.766685182,29.018322769],[81.771983192999983,29.019255633],[81.773441900000023,29.017589308000026]]]}},
{"type":"Feature","properties":{"adm3_pcode":"NP0661405","adm3_name":"Gurans","adm2_name":"Dailekh","local_level_type":"rural municipality"},"geometry":{"type":"Polygon","coordinates":[[[81.595188582999981,28.786387212000022],[81.597265135999976,28.785126045000027],[81.598753174000024,28.782150778000016],[81.610037643,28.778439092999974],[81.611102798,28.775691173999974],[81.612204971999972,28.77501844],[81.616406782000013,28.774622659999977],[81.627995344999988,28.770296723],[81.635219069000016,28.769347036],[81.638063166,28.763294823000024],[81.639874007,28.761860543000012],[81.650270267999986,28.762573373],[81.656090525000025,28.759901453],[81.656672472000025,28.75839841200002],[81.656031348,28.7562676],[81.650906997,28.748518806999982],[81.649787726,28.744274184],[81.646887963999973,28.739131244000021],[81.647868613000014,28.737317362999988],[81.650655429999972,28.736846071],[81.649442679,28.728737616999979],[81.652618587,28.727172556000028],[81.651066722,28.717506989000015],[81.659091887999978,28.717145572999982],[81.66871430499998,28.715054526000017],[81.674589074999972,28.714691517],[81.677259884000023,28.715571474],[81.681166478000023,28.718987524999989],[81.689201966999974,28.721371792000014],[81.699245367,28.717113139],[81.70202554399998,28.714024027],[81.70569201,28.712540902],[81.711283198999979,28.708496293],[81.712725428,28.705727568999976],[81.717388944999982,28.704272705999983],[81.719328672000017,28.701332068],[81.720580262999988,28.700743390000014],[81.720744901999979,28.698723578999989],[81.723211271000025,28.697792262],[81.725327161,28.698358488999986],[81.727555422000023,28.70174377],[81.730266977999975,28.702498427000023],[81.732728201999976,28.702670070000011],[81.735700818999987,28.701510282000015],[81.737937190000025,28.702174813999989],[81.740539921999982,28.700906342999986],[81.747376066000015,28.700331867999978],[81.751801041000022,28.703021119000027],[81.756116567999982,28.703624186000013],[81.75917941900002,28.706133561],[81.76355937400001,28.706776563],[81.764303566000024,28.707871034999982],[81.765055363999977,28.716770473999986],[81.773714379000012,28.713159303999987],[81.776499058000013,28.713425319],[81.785393184999975,28.71903149000002],[81.793228893,28.728045081],[81.799905685999988,28.727356113999974],[81.800876964999986,28.725353938000012],[81.805874862999985,28.721175830999982],[81.808703378000018,28.719776189000015],[81.814517109,28.718681059],[81.813763079000012,28.708791648999977],[81.812672072,28.707007111],[81.811298781,28.698968896999986],[81.810383132000027,28.696765961999972],[81.807109747000027,28.69428158300002],[81.810215082000013,28.687069231],[81.81042050100001,28.679610296000021],[81.807430188000012,28.67452328600001],[81.797614450000026,28.668114052000021],[81.794148473,28.658407274000012],[81.792097556999977,28.655373962],[81.789497945999983,28.653327239000021],[81.783994880000023,28.653377219999982],[81.782238084000028,28.651835463],[81.781458043999976,28.649593158000016],[81.782120642999985,28.642641371000025],[81.783783949999986,28.637303513],[81.783146997000017,28.636057431999973],[81.78050650900002,28.63444848],[81.77568293600001,28.633318953000014],[81.772707046999983,28.635627886],[81.765349501,28.638184857999988],[81.750912572,28.645903944],[81.745655397,28.646677421999982],[81.743204764999973,28.644753066000021],[81.741068056000017,28.644633984],[81.735157922999974,28.648040899000023],[81.732020458000022,28.648915086999978],[81.727997830999982,28.655011779],[81.722650430999977,28.655128381999987],[81.719372357,28.656242169999985],[81.714592270000026,28.655455362999987],[81.701510761,28.660996418000025],[81.699461518000021,28.665618025000015],[81.691318233,28.673476309000023],[81.677573716999973,28.677389754999979],[81.675149329000021,28.679078002999972],[81.669957325999974,28.676793766],[81.663947838000013,28.679803403999983],[81.660370536000016,28.678498913],[81.657301199000017,28.678737160000026],[81.654181269,28.677547726],[81.646899329,28.67713153699998],[81.642212304,28.675737163],[81.639137647999974,28.676372061],[81.634788964999984,28.684624176],[81.629731455000012,28.692105664],[81.627669809999986,28.691413636999982],[81.623123357,28.692014391999976],[81.616162716000019,28.689826498],[81.613140007000027,28.693002974000024],[81.608930844999975,28.695659045000014],[81.606489205,28.701052574000016],[81.601121576000025,28.707135687],[81.593189789,28.7066135],[81.587633575999973,28.70834088700002],[81.585507130999986,28.707510935000016],[81.575093145999972,28.712435022000022],[81.572825099999989,28.718260265000026],[81.56293573,28.723262352],[81.561121037000021,28.72691998800002],[81.559321008999973,28.72819297],[81.558740248999982,28.72967745],[81.560315458,28.73398638499998],[81.559184001,28.73671393],[81.551404913,28.737885025000026],[81.549099447,28.739469035000013],[81.546385457999975,28.749017800999979],[81.557931974999974,28.751084333],[81.567992043,28.75464051900002],[81.572245260999978,28.755450504],[81.57744068300002,28.755232095999986],[81.578819857999974,28.755934551],[81.58119029,28.759161534999976],[81.581919840000012,28.764807023],[81.580526403000022,28.771848977],[81.581531214999984,28.774603549],[81.580092083000011,28.778959063],[81.584723301,28.783996598999977],[81.588905828,28.785555263],[81.591771132000019,28.785211147999973],[81.595188582999981,28.786387212000022]]]}},
{"type":"Feature","properties":{"adm3_pcode":"NP0661406","adm3_name":"Dungeshwor","adm2_name":"Dailekh","local_level_type":"rural municipality"},"geometry":{"type":"Polygon","coordinates":[[[81.7279919,28.809821785],[81.728990958999987,28.805981529],[81.730350897,28.806073415000014],[81.730775110000025,28.804936463999979],[81.731815035000011,28.804680501],[81.732348484,28.800111808],[81.731598658,28.796159225],[81.732586825999988,28.793178452],[81.733455466,28.792806061000022],[81.733578185,28.790213489999985],[81.739366723999979,28.785950029],[81.741939877999982,28.785730648000026],[81.743999896999981,28.786461485000018],[81.748057054000014,28.785275088999981],[81.755027751,28.780756293000024],[81.757933756999989,28.772506347],[81.75724143399998,28.767924198],[81.759028378999972,28.764469604999988],[81.758854090999989,28.760994360999973],[81.765154012999972,28.762810845],[81.771951195999975,28.760408101],[81.776461483,28.75560223399998],[81.777411594,28.752720639000017],[81.780521104,28.74953560199998],[81.787498993999975,28.748107833],[81.790046576,28.741736082999978],[81.790049372999988,28.739137385999982],[81.791910159,28.737024105999978],[81.79378770400001,28.730782584999986],[81.793292507,28.728159758],[81.789528861,28.723090422999974],[81.782281903000012,28.716507241999977],[81.776305396999987,28.713367759],[81.773714379000012,28.713159303999987],[81.765055363999977,28.716770473999986],[81.763944440999978,28.707121848999975],[81.75917941900002,28.706133561],[81.755557399,28.703352078000023],[81.751801041000022,28.703021119000027],[81.748710876000018,28.700856900000019],[81.745058820999986,28.700173225000015],[81.740539921999982,28.700906342999986],[81.737937190000025,28.702174813999989],[81.735700818999987,28.701510282000015],[81.732728201999976,28.702670070000011],[81.730266977999975,28.702498427000023],[81.727555422000023,28.70174377],[81.725327161,28.698358488999986],[81.723211271000025,28.697792262],[81.720744901999979,28.698723578999989],[81.720580262999988,28.700743390000014],[81.719328672000017,28.701332068],[81.717388944999982,28.704272705999983],[81.712725428,28.705727568999976],[81.711283198999979,28.708496293],[81.70569201,28.712540902],[81.70202554399998,28.714024027],[81.699245367,28.717113139],[81.689201966999974,28.721371792000014],[81.681166478000023,28.718987524999989],[81.677259884000023,28.715571474],[81.674589074999972,28.714691517],[81.66871430499998,28.715054526000017],[81.659091887999978,28.717145572999982],[81.651066722,28.717506989000015],[81.652618587,28.727172556000028],[81.649442679,28.728737616999979],[81.650834727000017,28.736348931],[81.647146637,28.737914111],[81.647488475999978,28.740845031999982],[81.649787726,28.744274184],[81.650906997,28.748518806999982],[81.656031348,28.7562676],[81.656672472000025,28.75839841200002],[81.656090525000025,28.759901453],[81.659552352999981,28.760622247000015],[81.667079716999979,28.766811342999972],[81.668026586,28.766955592999977],[81.669662199000015,28.765693232999979],[81.670865653000021,28.766030156],[81.672600250000016,28.76843752000002],[81.678233053999975,28.771366766000028],[81.681767047,28.776313983000023],[81.683052713999984,28.781581577],[81.682990431,28.790787849000026],[81.684314321999977,28.793724970000028],[81.68351971300001,28.795377993999978],[81.687369822,28.798379020000027],[81.686505527,28.800431693],[81.684665643000017,28.800946307],[81.686514032,28.803582964999976],[81.688320401,28.804099380000025],[81.69368319,28.803031928999985],[81.696772268000018,28.806654700000024],[81.699506698,28.807200001000012],[81.707744795,28.805530646000022],[81.710344811000027,28.80238822299998],[81.718683321000015,28.801252257999977],[81.719140859,28.802610077],[81.715913492000027,28.80572674299998],[81.7279919,28.809821785]]]}},
{"type":"Feature","properties":{"adm3_pcode":"NP0661407","adm3_name":"Bhagawatimai","adm2_name":"Dailekh","local_level_type":"rural municipality"},"geometry":{"type":"Polygon","coordinates":[[[81.875959688000023,28.882303681999986],[81.887791928000013,28.880331472000023],[81.887983201,28.877580479000017],[81.889507729,28.875059796000016],[81.889602293999985,28.87420419],[81.886632055,28.87178318399998],[81.884366684999975,28.867927257000019],[81.879990592000013,28.864592566],[81.879860157999985,28.855189246],[81.878256551999982,28.848987422],[81.881044030999988,28.83635969300002],[81.886088802000017,28.828560173000028],[81.885986425999988,28.826002782999979],[81.886900213,28.823955361],[81.888596878999977,28.812681365],[81.894720602,28.802846424],[81.898924962000024,28.79977545600002],[81.905442361999974,28.791105975],[81.908253962,28.788664428],[81.912134687,28.781760497],[81.912215394999976,28.780002723],[81.908210500999985,28.776632539],[81.904211262999979,28.774922389999972],[81.902456288999986,28.772922049999977],[81.893722609,28.769084405],[81.883707856,28.761776248999979],[81.881853348999982,28.755402312],[81.881611611999972,28.749635967000017],[81.879714735999983,28.746713460000024],[81.877228155000012,28.745723578000025],[81.874496947000011,28.74663682900001],[81.873434734999989,28.745633095000017],[81.867480692000015,28.744338254000013],[81.862880851999989,28.742427740999972],[81.860191518000022,28.739704141],[81.856870947,28.740913982],[81.851944519000028,28.739404426000021],[81.850976794000019,28.738348073],[81.847992084,28.737897633999978],[81.844610844999977,28.738494031000016],[81.843098934000011,28.73802974],[81.840184914000019,28.740249493000022],[81.836079214999984,28.740606527000011],[81.831110179,28.738525773999982],[81.82428108900001,28.732580727000027],[81.819945459999985,28.724030579999976],[81.816377682999985,28.721252723000021],[81.814517109,28.718681059],[81.808116516999974,28.720002970999985],[81.801511015000017,28.724765938000019],[81.799905685999988,28.727356113999974],[81.793228893,28.728045081],[81.79378770400001,28.730782584999986],[81.791910159,28.737024105999978],[81.790049372999988,28.739137385999982],[81.789152704,28.744809223],[81.787106226999981,28.748468794000019],[81.780521104,28.74953560199998],[81.777411594,28.752720639000017],[81.776461483,28.75560223399998],[81.771951195999975,28.760408101],[81.765154012999972,28.762810845],[81.758854090999989,28.760994360999973],[81.759028378999972,28.764469604999988],[81.75724143399998,28.767924198],[81.757933756999989,28.772506347],[81.755027751,28.780756293000024],[81.748057054000014,28.785275088999981],[81.743999896999981,28.786461485000018],[81.741939877999982,28.785730648000026],[81.739366723999979,28.785950029],[81.733578185,28.790213489999985],[81.733455466,28.792806061000022],[81.732586825999988,28.793178452],[81.731598658,28.796159225],[81.732348484,28.800111808],[81.731815035000011,28.804680501],[81.730775110000025,28.804936463999979],[81.730350897,28.806073415000014],[81.728990958999987,28.805981529],[81.7279919,28.809821785],[81.729192348000026,28.810539423000023],[81.731085359000019,28.809475734999978],[81.732506597,28.809815474],[81.734069520999981,28.812635672],[81.735725659000025,28.813224454000022],[81.736671025000021,28.81016718799998],[81.738409052,28.809386222],[81.741410205000022,28.812927124999987],[81.743393899000012,28.811483786999986],[81.745860849,28.812902627000028],[81.746894172999987,28.811446464000028],[81.748822349000022,28.811381622999988],[81.75156038199998,28.809699379],[81.754647906,28.812810948],[81.757234274999973,28.810978278999983],[81.768683712999973,28.807766738999987],[81.771248078999974,28.806297098000016],[81.773146569,28.806392303999985],[81.774311593,28.806699166999977],[81.774055522000026,28.80904663299998],[81.785070086000019,28.819332525999982],[81.791630108999982,28.820553005000022],[81.799210330999983,28.823697885],[81.803951824000023,28.823044888000027],[81.808757465999975,28.823990681999987],[81.814877841,28.822877870000013],[81.823138257999972,28.834307244],[81.827791638,28.833575003000021],[81.830624374000024,28.837216456000021],[81.841088703000025,28.847237053000015],[81.842463286,28.852960294000013],[81.844045764999976,28.856011470999988],[81.84921404,28.860600996000016],[81.853466985000011,28.869468547999986],[81.860330594,28.877365102],[81.862398782000014,28.878982732999987],[81.86782185200002,28.879232162],[81.871345827000027,28.881771915],[81.875959688000023,28.882303681999986]]]}},
{"type":"Feature","properties":{"adm3_pcode":"NP0662301","adm3_name":"Tripurasundari","adm2_name":"Dolpa","local_level_type":"urban municipality"},"geometry":{"type":"Polygon","coordinates":[[[82.759232258999987,29.13787419],[82.759038325,29.132716288999973],[82.761643019000019,29.12713097],[82.765200417000017,29.123703778999982],[82.769575442000018,29.117699276],[82.770437451000021,29.114520146000018],[82.770188411,29.111892447],[82.774413528000025,29.105471293],[82.780684222,29.106270501999973],[82.783509547999984,29.105213518000028],[82.787562814000012,29.105056220999984],[82.792498551999984,29.106476664000013],[82.800320000999989,29.102746317000026],[82.802601880999987,29.099530023999989],[82.801309005,29.095853219],[82.80526709999998,29.092288672],[82.807141977000015,29.088811521000025],[82.810435068,29.086907810000014],[82.813287675000026,29.077771010999982],[82.816431038000019,29.075809364],[82.819387475999974,29.071344635],[82.832902849,29.067220159999977],[82.838291906999984,29.068293207000011],[82.844457713999986,29.067405822000012],[82.851378575000012,29.0679705],[82.856602893,29.066695574],[82.86110826800001,29.067340646],[82.874370871999986,29.06275414800001],[82.886034189999975,29.061502631999986],[82.890868465999972,29.061763681],[82.894442955999978,29.059905282999978],[82.898953424000013,29.052789884999981],[82.902773662000016,29.043002533999982],[82.903032250000024,29.040038561000017],[82.906547897999985,29.033751570999982],[82.906243349000022,29.019511691],[82.90383227,29.011685439000019],[82.898174616,29.004576819000022],[82.894450892,28.997285497],[82.893411361,28.993320596999979],[82.891639312999985,28.992105993999985],[82.887554825,28.984784419],[82.885726153,28.983878349],[82.880827876000012,28.977781334999975],[82.877226393,28.976352851],[82.874461651,28.972756827000012],[82.867044626999984,28.974275760000012],[82.86588356599998,28.975838098],[82.862052189,28.976922252],[82.858650528999988,28.979873052000016],[82.853907107999987,28.979929724999977],[82.848498442,28.97801363100001],[82.84524424,28.978903748999983],[82.841479492000019,28.982536730999982],[82.837274106,28.983472580000011],[82.835767506000025,28.986233864999974],[82.831239719,28.987541175],[82.828049841,28.993725305999988],[82.820117104000019,28.996919702000014],[82.815308309999978,28.997333028000014],[82.811552934000019,29.001029193000022],[82.808490681000023,29.000029112],[82.802142323999988,28.995317199999988],[82.799249627999984,28.990238874],[82.794984537,28.986260238999989],[82.786312607000013,28.985257510999986],[82.776395217000015,28.98137828],[82.760584060999975,28.968081327],[82.762522682999986,28.95805522],[82.764383974,28.955875323999976],[82.769541152999977,28.952532460999976],[82.770461875000024,28.950756764],[82.769381493000026,28.949086776],[82.768508484999984,28.942783469],[82.76536207800001,28.940679552],[82.763742042999979,28.937748235000015],[82.760588526999982,28.93485920400002],[82.759646943,28.92976416],[82.760373789000028,28.926240807],[82.760055040999987,28.921920826000019],[82.757880989,28.917349027],[82.751458134000018,28.912884465],[82.744898379,28.913874587],[82.740999798000018,28.909924767],[82.733761410999989,28.90957725200002],[82.726718679999976,28.906298946999982],[82.725522488000024,28.905263586],[82.725955840999973,28.903382016000023],[82.723106455,28.901367909999976],[82.718328870999983,28.900357117999988],[82.715066348999983,28.898580231999972],[82.710637712,28.897976283],[82.708644817,28.896813672],[82.700152699,28.901028779],[82.69898450300002,28.90950516800001],[82.693956934000028,28.912765353],[82.690061254999989,28.913769515000013],[82.686380311999983,28.917186957000013],[82.684740463000026,28.920802411000011],[82.684623392,28.925226625999983],[82.67808293600001,28.933253162000028],[82.675575660999982,28.939126707000014],[82.670691638,28.945407553],[82.66680115600002,28.958658583999977],[82.666956372000016,28.962480922],[82.666127717999984,28.963327581999977],[82.661583469,28.962923736999983],[82.655542524,28.963625955],[82.652819060000013,28.96472418899998],[82.647450699999979,28.962827531000016],[82.640396908000014,28.962799303],[82.637515021000013,28.964254251],[82.629630647,28.97100832000001],[82.614799330999972,28.978222804999973],[82.616119899000012,28.978328878000013],[82.622211871,28.975860759999989],[82.626657761999979,28.976120553999976],[82.630317156,28.975363929000025],[82.632174205000013,28.975915093000026],[82.634387781999976,28.98221917],[82.631376075,28.98807752099998],[82.616678525,29.00002557],[82.614442257,29.00365863899998],[82.614349409,29.006172591999984],[82.618009277999988,29.009798750000016],[82.618778704000022,29.014619816],[82.615850852999984,29.020932065000011],[82.620263591000025,29.026095155],[82.624382191,29.027490651],[82.627700130999983,29.029861294],[82.631797335999977,29.035692880999989],[82.638480011000013,29.037849344],[82.644131687000026,29.040710102999981],[82.655188689999989,29.043678995999983],[82.663834053000016,29.051307673],[82.664141520999976,29.054015052000011],[82.667253647,29.057882555],[82.667547567999975,29.059901809999985],[82.664035538,29.066615386000024],[82.663436849999982,29.070709873999988],[82.660209133000023,29.078614720000019],[82.662855875999981,29.082928735999985],[82.662681731000021,29.085148654000022],[82.664425021,29.093296989],[82.666735943,29.097197162999976],[82.674795877,29.09886263300001],[82.682187742,29.102336736999973],[82.691160062999984,29.100349556000026],[82.696717611999986,29.103933498],[82.700333102,29.108012675999987],[82.700853325000026,29.112140738999983],[82.705043757,29.118390663000014],[82.705787949000012,29.125725870999986],[82.714812514000016,29.126741977],[82.720722347,29.129308892999973],[82.726609092999979,29.130228773],[82.729736060999983,29.132448552000028],[82.736964838,29.13519641],[82.744045302000018,29.135700472],[82.747948726,29.134893542999976],[82.753197492000027,29.135907780000025],[82.75758172899998,29.138030338000021],[82.759232258999987,29.13787419]]]}},
{"type":"Feature","properties":{"adm3_pcode":"NP0662302","adm3_name":"Thulibheri","adm2_name":"Dolpa","local_level_type":"urban municipality"},"geometry":{"type":"Polygon","coordinates":[[[82.995799068999986,29.104038904],[83.005359318999979,29.101741764999986],[83.011538673000018,29.098415293000016],[83.017131846999973,29.09865942],[83.024420712999984,29.093459263],[83.030731522999986,29.09139824],[83.02731333700001,29.086393085],[83.026714344000027,29.080837651000024],[83.025733753,29.079531319000012],[83.027063845999976,29.075266544999977],[83.027069282000014,29.069117737],[83.028230221,29.067461471],[83.026869815,29.065680927000017],[83.02648437900001,29.062030757],[83.027928287,29.060031464000019],[83.018172497000023,29.046936457000015],[83.020680341,29.037808149999989],[83.020053327000028,29.033364362999976],[83.021571787000028,29.03132513700001],[83.024267001,29.030537251],[83.02413089700002,29.027339982],[83.026090684,29.021570731],[83.023525803999974,29.017354329999989],[83.018795665000027,29.01572515700002],[83.016974323999989,29.017011072],[83.012281460999986,29.016972190999979],[83.007556248000014,29.018971932999989],[83.007418218999987,29.015122786],[83.000394025,29.01619176600002],[82.992035757,29.014399239],[82.989396412000019,29.015128318999984],[82.985681446,29.013634148],[82.981479069999978,29.014001612000015],[82.97243812,29.016580922],[82.9668077,29.019447507999985],[82.963782646000027,29.023919673000023],[82.956958929999985,29.015374419000011],[82.959456182,29.013956962],[82.961150002000011,29.008331008000027],[82.960062532999984,29.004819564],[82.960421624999981,28.997816340999975],[82.9570627,28.994948303],[82.957358450000015,28.992929494],[82.960499143999982,28.990064368999981],[82.961154920000013,28.984294972999976],[82.958532194999975,28.982111572],[82.957153002999974,28.982272286000011],[82.955304839,28.984267698],[82.953998072,28.984557589000019],[82.948878504,28.981995870999981],[82.947989507999978,28.975323472000014],[82.949059122,28.968664165],[82.947506604000012,28.961253574000011],[82.944685782000022,28.955865276999987],[82.941638919000013,28.954070708000017],[82.936531718000026,28.948621381],[82.935048758999983,28.944177329000013],[82.935928264999973,28.940985824999984],[82.934939473999975,28.937215594],[82.938303421,28.939003793999973],[82.942607071,28.939838409],[82.945874195999977,28.939530236999985],[82.949382062999973,28.938068926000028],[82.948779409999986,28.934139404],[82.945021536000013,28.928299445999983],[82.944761622999977,28.925701182000012],[82.94590830300001,28.921397345],[82.945080494000024,28.917470505999972],[82.946917068,28.910648036999987],[82.943159568,28.901665869],[82.946580195000024,28.897176834999982],[82.95043569,28.886812849000023],[82.951662891000012,28.874641801],[82.953527662999988,28.867151706000016],[82.953736847000016,28.856434381999975],[82.952921146,28.853164046000018],[82.942982002,28.843226996],[82.943817105999983,28.841733458000022],[82.94282520500002,28.840356507000024],[82.942080533000023,28.83517840899998],[82.94680833000001,28.828958178],[82.942225298999972,28.827070406000018],[82.937146095,28.827928251],[82.930094317,28.827013100999977],[82.925909749000027,28.827518928000018],[82.91745513,28.831369444000018],[82.910192431999974,28.830990679000024],[82.904760205,28.832284352999977],[82.903724961000023,28.829569086999982],[82.900730935000013,28.829224447],[82.897990818999972,28.82541256899998],[82.895988418,28.824658607],[82.892754754,28.826639563000015],[82.88579964500002,28.826077196000028],[82.879456043,28.830371142],[82.873048332999986,28.831114099],[82.867465466,28.834186919],[82.865674400999978,28.83393279],[82.865109196999981,28.832346803],[82.864047662000019,28.831852895],[82.854476138999985,28.832159970000021],[82.847881627999982,28.827366935999976],[82.843660966000016,28.826446643999986],[82.841134737,28.826939246999984],[82.839422481999975,28.829468862999988],[82.835575773000016,28.831594359],[82.833343415,28.830214951000016],[82.825852543999986,28.830700354999976],[82.820151333000013,28.829867907],[82.817004481000026,28.831265855000026],[82.813849897000011,28.828669047],[82.799236533999988,28.820622502],[82.796704922,28.821493133999979],[82.793241549000015,28.819840483],[82.791654363000021,28.821190898],[82.787224389000016,28.821733154000015],[82.781642283999986,28.824215904000027],[82.778162846999976,28.819542405999982],[82.771396228000015,28.814917853999987],[82.765717059999986,28.808527793999986],[82.763476265,28.813595919000022],[82.760027184000023,28.81605220199998],[82.759313583,28.819778660999987],[82.75669609900001,28.821062816],[82.754634853000027,28.825564058],[82.747812951000014,28.832655676],[82.746348187000024,28.837132992000022],[82.743595926000012,28.840792987999976],[82.74244993100001,28.845232561999978],[82.738206991000027,28.845993678000013],[82.735998501999973,28.847937589000026],[82.729059011,28.847671634999983],[82.726299161999975,28.846283219999975],[82.723617021999985,28.84970436499998],[82.720067756,28.8495512],[82.711999873000025,28.851477338],[82.708034985999973,28.854006232000017],[82.704567820000022,28.854582001999972],[82.699823550000019,28.859730893],[82.699771468999984,28.861011524],[82.696870451,28.862875933999987],[82.695559719000016,28.864658750999979],[82.696678212999984,28.869992649999972],[82.69822727899998,28.871913559],[82.69817038399998,28.876480513],[82.69966581,28.882718023],[82.698831676,28.88569411200001],[82.697378024999978,28.887585977000015],[82.694820585,28.886230437],[82.691629825,28.886488241],[82.690830899,28.888278125999989],[82.693230147,28.894127497999989],[82.700152699,28.901028779],[82.708644817,28.896813672],[82.712046198999985,28.898411576],[82.715066348999983,28.898580231999972],[82.718328870999983,28.900357117999988],[82.723106455,28.901367909999976],[82.725955840999973,28.903382016000023],[82.725522488000024,28.905263586],[82.726718679999976,28.906298946999982],[82.733761410999989,28.90957725200002],[82.740999798000018,28.909924767],[82.744898379,28.913874587],[82.751458134000018,28.912884465],[82.755726007000021,28.915330679000022],[82.75841671500001,28.918028409999977],[82.760055040999987,28.921920826000019],[82.760373789000028,28.926240807],[82.759646943,28.92976416],[82.760588526999982,28.93485920400002],[82.763742042999979,28.937748235000015],[82.76536207800001,28.940679552],[82.768508484999984,28.942783469],[82.769381493000026,28.949086776],[82.770461875000024,28.950756764],[82.769541152999977,28.952532460999976],[82.764383974,28.955875323999976],[82.762522682999986,28.95805522],[82.760584060999975,28.968081327],[82.769285724999975,28.975990231000026],[82.776395217000015,28.98137828],[82.781636027,28.983505476],[82.786312607000013,28.985257510999986],[82.794984537,28.986260238999989],[82.799249627999984,28.990238874],[82.802142323999988,28.995317199999988],[82.808490681000023,29.000029112],[82.811552934000019,29.001029193000022],[82.815308309999978,28.997333028000014],[82.820117104000019,28.996919702000014],[82.828049841,28.993725305999988],[82.831239719,28.987541175],[82.835767506000025,28.986233864999974],[82.837274106,28.983472580000011],[82.841479492000019,28.982536730999982],[82.84524424,28.978903748999983],[82.848498442,28.97801363100001],[82.853907107999987,28.979929724999977],[82.858650528999988,28.979873052000016],[82.862052189,28.976922252],[82.86588356599998,28.975838098],[82.867044626999984,28.974275760000012],[82.874461651,28.972756827000012],[82.877226393,28.976352851],[82.880827876000012,28.977781334999975],[82.885726153,28.983878349],[82.887554825,28.984784419],[82.891639312999985,28.992105993999985],[82.893411361,28.993320596999979],[82.894450892,28.997285497],[82.89831409300001,29.004821611000011],[82.90383227,29.011685439000019],[82.9062869,29.019766919],[82.905941010999982,29.025953531000027],[82.906961086000024,29.030951210000012],[82.906547897999985,29.033751570999982],[82.904754597000021,29.036021833],[82.903367834,29.039763841000024],[82.904030474000024,29.040788819999989],[82.911643328000025,29.043302516999972],[82.915039205000028,29.045240517000025],[82.924757836000026,29.044664533],[82.93211156000001,29.049178042],[82.937165747999984,29.049290359999986],[82.946766258000025,29.052411033],[82.949410883999974,29.062484956999981],[82.948359298000014,29.064565499000025],[82.948776072999976,29.06986039100002],[82.952084317000015,29.075818518],[82.957788554999979,29.078409491],[82.959601826999972,29.083726592],[82.961382182000023,29.08508237],[82.96775268,29.095035924],[82.98135116200001,29.097478911],[82.986057969,29.100137862],[82.990684258999977,29.101135904999978],[82.995799068999986,29.104038904]]]}},
{"type":"Feature","properties":{"adm3_pcode":"NP0662401","adm3_name":"Shey Phoksundo","adm2_name":"Dolpa","local_level_type":"rural municipality"},"geometry":{"type":"Polygon","coordinates":[[[82.914856726999972,29.706355120000012],[82.919453482,29.705988977],[82.926655923999988,29.70058271900001],[82.935365134,29.705418655000017],[82.935761692000028,29.703092066000011],[82.942392197,29.695312144000013],[82.947936508999987,29.691993540999988],[82.94777818,29.687824300999978],[82.944869324000024,29.684977393999986],[82.944241052999985,29.681020940999986],[82.940841786000021,29.674078721],[82.946725375000028,29.673191896],[82.947216710000021,29.668887929],[82.956012644999987,29.662349176000021],[82.964927801999977,29.662441683],[82.970155867000017,29.66412211],[82.970565959999988,29.665943133999974],[82.973015789999977,29.667058257],[82.980896212,29.667263487000014],[82.984920326,29.668401757000026],[82.986244651,29.668134427999973],[82.991555588999972,29.663323521999985],[82.995998702,29.664814267],[83.00043141499998,29.664534300000014],[83.008494961999986,29.672520435000024],[83.010803878,29.667440381],[83.01367460199998,29.664904163000017],[83.013974280000014,29.660391025000024],[83.020950883000012,29.657700073],[83.020393792999982,29.653719621],[83.020946281000022,29.650633792],[83.023456448,29.650160626],[83.033370887999979,29.654169035],[83.038340903,29.647903446999976],[83.038726242999985,29.644035874],[83.039754747000018,29.643091541],[83.041509179,29.637880677999988],[83.042145326000025,29.632688670999983],[83.043264275000013,29.630797614000016],[83.049804587999972,29.629967294999972],[83.054494641000019,29.626692048999985],[83.062011789,29.627417537999975],[83.065355425,29.626029220000021],[83.066194278000012,29.618522182],[83.065291757000011,29.616497168000024],[83.068189424000025,29.613495242],[83.06925054200002,29.60988490699998],[83.081511313000021,29.606663775000015],[83.083646144999989,29.603773516],[83.085590525999976,29.602711081999985],[83.092201569999986,29.60537281500001],[83.08941395,29.60840536500001],[83.090061849999984,29.61195317],[83.101023495999982,29.614272067],[83.102175418,29.616409073999989],[83.105312014,29.618349631],[83.108473614,29.616834946999973],[83.116399543999989,29.61638724],[83.116739447999976,29.624732532999985],[83.12024789100002,29.628538296999977],[83.122958493,29.626869183],[83.125475101,29.623254433999989],[83.131427902999974,29.617844280999975],[83.135606549999977,29.622445732000017],[83.141933388999973,29.624798677],[83.144912966999982,29.622526312],[83.149965814999973,29.623794837],[83.162934361999987,29.617767164999975],[83.165044238,29.615935432000015],[83.163542256000028,29.612844945],[83.163410854,29.609030109],[83.159757103,29.602980301],[83.160092151000015,29.601516380000021],[83.158834706999983,29.598082303000012],[83.158972598999981,29.596355464999988],[83.160576945,29.596232502000021],[83.163900282999975,29.594286737],[83.168052312999976,29.595711232999975],[83.175262528000019,29.592242107],[83.179897881999977,29.592947491000018],[83.188321266,29.597426833999975],[83.188687271,29.600789777999978],[83.18614476099998,29.605898763000027],[83.187602888000015,29.608244382],[83.190972680000016,29.608181503000026],[83.193305511,29.610029431999976],[83.196722898000019,29.611096701],[83.198752599999978,29.606201],[83.205029593,29.607504103],[83.21255198,29.605703955000024],[83.218023865000021,29.605443066000021],[83.217984149000017,29.601139338999985],[83.216204962,29.597756813],[83.216645657000015,29.594500184000026],[83.214395324,29.589236074999974],[83.229382072000021,29.581418289999988],[83.230841457999986,29.58038016],[83.231919114999982,29.577819600999987],[83.239124891000017,29.577497935],[83.242241326999988,29.578187921],[83.246932346,29.576635765],[83.250992338,29.577522561000023],[83.261087337999982,29.577563280999982],[83.261379256,29.573620026000015],[83.267594683000027,29.569517818],[83.263844321000022,29.569402331999981],[83.260129181000025,29.567374272999984],[83.25625084,29.567077424999979],[83.254507381,29.564575317],[83.250693236000018,29.563432799],[83.243130633000021,29.563777897000023],[83.239113132999989,29.563066961],[83.232998040999973,29.559468072000016],[83.229705505000027,29.558697903],[83.225130256,29.55551581200001],[83.220413818999987,29.550336592],[83.218983202,29.55032819500002],[83.219067226999982,29.548582983000017],[83.216718970999978,29.546223289000011],[83.214286443999981,29.54539470200001],[83.213933707000024,29.544097943],[83.211048829,29.542071146000012],[83.207621269000015,29.537375027],[83.205476466,29.535941251],[83.204680962999987,29.532248706000019],[83.197697957,29.521197431000019],[83.192637629999979,29.518954120999979],[83.187425177000023,29.514796987000011],[83.181740116000014,29.512824640000019],[83.180311532000019,29.511187333],[83.173979966,29.507701678999979],[83.170533321,29.504220260000011],[83.168494462000012,29.498744609000028],[83.162023393000027,29.496249926000019],[83.160906947,29.495009148],[83.154860934999988,29.493040109],[83.15265122400001,29.490585552000027],[83.147199522,29.490938681999978],[83.136352252999984,29.487677126],[83.130389235,29.482409956000026],[83.130647483000018,29.480882414],[83.131572683,29.480232052000019],[83.133365669999989,29.481127935000018],[83.138520087000018,29.481470421999973],[83.140778416999979,29.480812894],[83.143858615999989,29.478126067],[83.145283398,29.476337568000019],[83.14575419099998,29.474141466999981],[83.148301705,29.471850345],[83.151123639,29.47157516599998],[83.158448068999974,29.466095602],[83.161121842999989,29.462424671],[83.165933654000014,29.452050084],[83.166319104000024,29.448953314],[83.167910878999976,29.446335583],[83.167886268000018,29.442796472],[83.174467431999972,29.436936870000011],[83.175422498999978,29.433455707],[83.173410376999982,29.428453951999984],[83.182391267000014,29.42310502700002],[83.188738391000015,29.414656098000023],[83.195219201999976,29.411463184000013],[83.197172706,29.40746677300001],[83.19983258000002,29.405188900999974],[83.211327039000025,29.398109488999978],[83.223711283,29.392617631],[83.228360426999984,29.388340976],[83.230879793999975,29.387254804],[83.238375051999981,29.376985311],[83.245663189000027,29.37382147],[83.249240509,29.368157488],[83.248410714999977,29.363639393000028],[83.252855190999981,29.359827565999979],[83.251337635000027,29.357362707999982],[83.252345612999989,29.354855580999981],[83.257961630000011,29.350427579999973],[83.258387942000013,29.347639781999987],[83.252029285,29.342601334],[83.247876215000019,29.337024659],[83.246553614999982,29.338433757000018],[83.244794021000018,29.336434352000026],[83.238143621,29.332981565000011],[83.230281516,29.332223698],[83.229827046000025,29.330743639],[83.219757204000018,29.325790438000013],[83.215969701,29.326609614],[83.213499652,29.330138624000028],[83.208658376000017,29.329904757],[83.198832272,29.332981440000026],[83.19867732199998,29.328595593999978],[83.197683708,29.325481428999979],[83.192532727000014,29.322188776000019],[83.191226073,29.320038018],[83.194575456999985,29.315752341],[83.195582969999975,29.311502062999978],[83.191425926000022,29.307626668000012],[83.189233246000015,29.303562258],[83.185784368999975,29.302138335999985],[83.183267783000019,29.298631245000024],[83.182435687,29.293580325],[83.177164367999978,29.289239704000011],[83.17946286,29.283544953999979],[83.179473259000019,29.282245825000018],[83.176207854999973,29.277969356000028],[83.176677628,29.273765565000019],[83.178645135000011,29.26949649],[83.178822732000015,29.263610411],[83.180389147000028,29.26040804500002],[83.185655397,29.25605528],[83.187540393,29.252931412],[83.18431689099998,29.250011068],[83.183041305000017,29.247364229000027],[83.179032568000025,29.245868992],[83.178612676,29.243419087],[83.177335874999983,29.24215030900001],[83.169137133999982,29.23804624600001],[83.157863874999975,29.239971953],[83.148932810000019,29.235214751],[83.144440073999988,29.233819184000026],[83.141619193999986,29.231369554000025],[83.136408307000011,29.232890081],[83.13498483799998,29.234735014000023],[83.132033845000024,29.235649756999976],[83.129462185000023,29.239140519999978],[83.125002791999975,29.242084302000023],[83.112033358000019,29.245508531999974],[83.105808593,29.244774564000011],[83.101119327,29.246218295],[83.095162024,29.245496892],[83.094863394000015,29.244687399999975],[83.097309817,29.238361148000024],[83.103106041999979,29.234649081999976],[83.104594567,29.232750843000019],[83.102097230000027,29.22603942500001],[83.102245907999986,29.222445008000022],[83.098662833999981,29.219348801000024],[83.092885447000015,29.218520349000016],[83.089212423999982,29.216562285],[83.087440886000024,29.214853915],[83.086323219,29.212089965000018],[83.089416202999985,29.207584055999973],[83.09026598600002,29.203387643999974],[83.090054038,29.199186279],[83.090872005999984,29.195273840000027],[83.090465558,29.192392912],[83.089157462,29.190462195],[83.092920664000019,29.186235957],[83.093652755999983,29.182889026999987],[83.09889481,29.176076363999982],[83.096727841000018,29.173614432000022],[83.096767956,29.170718449999981],[83.095555569999988,29.167085453000027],[83.101307032000022,29.161311452],[83.100958842000011,29.157616663],[83.102474909000023,29.153451632999975],[83.104392557999972,29.151748009000016],[83.104226849999975,29.150815217],[83.100770489000013,29.14855899600002],[83.097604048999983,29.148325718000024],[83.095159242000022,29.14593852500002],[83.086079149,29.143397992000018],[83.079614748999973,29.135562801],[83.079192279999972,29.133708029],[83.074059573999989,29.132028291999973],[83.074779004999982,29.127526530000011],[83.073731625,29.125505013],[83.070909293999989,29.123728382000024],[83.067073572000027,29.123345358],[83.059270504999972,29.12032689],[83.060273841000026,29.11553397199998],[83.05901680300002,29.113454457999978],[83.054018972,29.107726096000022],[83.049861255,29.106153864000021],[83.046505831,29.103272139000012],[83.044948767,29.101427285999989],[83.04492423,29.100299327000016],[83.036908585,29.09330590899998],[83.031095035000021,29.091452802],[83.029422883999985,29.09162788499998],[83.024420712999984,29.093459263],[83.017131846999973,29.09865942],[83.011538673000018,29.098415293000016],[83.006396435999989,29.101359253999988],[82.997990647999984,29.103989879999972],[82.994926938999981,29.103989520000027],[82.990684258999977,29.101135904999978],[82.986057969,29.100137862],[82.98135116200001,29.097478911],[82.968730977,29.09543590200002],[82.964678495999976,29.090719776000014],[82.961382182000023,29.08508237],[82.959601826999972,29.083726592],[82.957788554999979,29.078409491],[82.952084317000015,29.075818518],[82.948776072999976,29.06986039100002],[82.948359298000014,29.064565499000025],[82.949410883999974,29.062484956999981],[82.946766258000025,29.052411033],[82.937165747999984,29.049290359999986],[82.93211156000001,29.049178042],[82.927565619,29.045819344],[82.924417946,29.044582908999985],[82.915039205000028,29.045240517000025],[82.911643328000025,29.043302516999972],[82.904641756,29.041299032999973],[82.903367834,29.039763841000024],[82.901387581999984,29.047069325],[82.897140039000021,29.056205729],[82.894442955999978,29.059905282999978],[82.890868465999972,29.061763681],[82.886034189999975,29.061502631999986],[82.875184076999972,29.062596300999985],[82.859950234,29.067502237999975],[82.856602893,29.066695574],[82.851378575000012,29.0679705],[82.844457713999986,29.067405822000012],[82.838291906999984,29.068293207000011],[82.832902849,29.067220159999977],[82.819387475999974,29.071344635],[82.816431038000019,29.075809364],[82.813287675000026,29.077771010999982],[82.810435068,29.086907810000014],[82.807141977000015,29.088811521000025],[82.80526709999998,29.092288672],[82.801226199999974,29.095990079999979],[82.802601880999987,29.099530023999989],[82.800713329000018,29.102436290000014],[82.792498551999984,29.106476664000013],[82.787562814000012,29.105056220999984],[82.783509547999984,29.105213518000028],[82.780684222,29.106270501999973],[82.774413528000025,29.105471293],[82.770188411,29.111892447],[82.770437451000021,29.114520146000018],[82.769575442000018,29.117699276],[82.765200417000017,29.123703778999982],[82.761643019000019,29.12713097],[82.759038325,29.132716288999973],[82.759232258999987,29.13787419],[82.762255869,29.143092067],[82.762998501000027,29.150264602],[82.765946795,29.152987145999987],[82.766992484000014,29.155200395],[82.766888696000024,29.167270901999984],[82.768843189999984,29.172993028],[82.767492242,29.179668139],[82.769942781,29.186057899],[82.769301136000024,29.191469701000017],[82.765302854000026,29.195249226999977],[82.765696343,29.199366726999983],[82.765217585000016,29.203034317],[82.763968267,29.205573750999974],[82.758809455,29.212499906],[82.752638021,29.216791101000013],[82.750386252999988,29.220484850999981],[82.744764538000027,29.225723528],[82.747946636999984,29.227242],[82.750100046,29.229679995000026],[82.756983964000028,29.230770373999974],[82.763423892,29.23431026999998],[82.76796207000001,29.235157388],[82.778890144,29.235257607999984],[82.784026153000013,29.237458359000016],[82.788035541,29.237652652],[82.785841973,29.240291999000021],[82.784154251000018,29.244169613999986],[82.783725458999982,29.246033248],[82.784481781000011,29.249797722999972],[82.777800452,29.255386790999978],[82.776201938999975,29.257600561],[82.775650413999983,29.259420197],[82.777379963999977,29.263919932000022],[82.777320552,29.266161348000026],[82.774151470999982,29.269907951999983],[82.773753668999973,29.272067246],[82.774597379,29.274578588999987],[82.778071528,29.277846964999981],[82.787532124999984,29.280524674999981],[82.789739075,29.283668542999976],[82.79467553500001,29.286435550000022],[82.796333318999984,29.28907583199998],[82.795993096000018,29.293184508000024],[82.792715871999974,29.298534212],[82.792221760000018,29.304303670000024],[82.790756022999972,29.307355615],[82.790159577999987,29.311728136999989],[82.787667678,29.314351107],[82.784301519999985,29.320105770999987],[82.77833035499998,29.322153363999973],[82.7742103,29.324729623999986],[82.77068522899998,29.330360610000014],[82.762936071000013,29.337856047],[82.763468777000014,29.339527775000022],[82.770828245000018,29.347241672],[82.769720193000012,29.351192039000011],[82.773037111,29.357650617],[82.780719453000017,29.366291685000022],[82.778843048999988,29.368045054999982],[82.781102275000023,29.375707130000023],[82.780098297,29.378246628999989],[82.776389909999978,29.382168646000025],[82.771621483,29.382871319],[82.763043373000016,29.381229026000028],[82.757482531999983,29.382983903000024],[82.753248871999972,29.388526572999979],[82.753221305000011,29.391999624999983],[82.746866534999981,29.392490356999986],[82.744855916,29.393420989],[82.739243306999981,29.40270760300001],[82.737369786999977,29.400808875999985],[82.728576980000014,29.401083903000028],[82.724176342000021,29.403516046],[82.72162957,29.406346932000019],[82.710809849999976,29.409776947000012],[82.706815774,29.409566778999988],[82.701870821999989,29.418907898999976],[82.702958072,29.423966009000026],[82.702424334,29.427066524999987],[82.707181263999985,29.429350135999982],[82.712528454999983,29.430220639000026],[82.714729751999982,29.431642478000015],[82.715415479,29.434351048999986],[82.717930591000027,29.436594566],[82.717869928000027,29.438883228],[82.719246385000019,29.441045861000021],[82.71708729,29.444827665],[82.725179419000028,29.448861288999979],[82.725118173,29.452164858],[82.726341747,29.455656676999979],[82.728402804999973,29.457509974],[82.729880778999984,29.461207152999975],[82.734697770000025,29.466271258],[82.735322138000015,29.468606987999976],[82.734732566,29.469904983],[82.730783052,29.472515241999986],[82.723407859000019,29.479260437999983],[82.725654792,29.48290182400001],[82.726271266000026,29.486218649000023],[82.728443073,29.490420855000025],[82.728509141000018,29.492794199],[82.726761119,29.496336405000022],[82.727107671999988,29.497618541],[82.7262498,29.500140855999973],[82.727925442000014,29.500386920999972],[82.728275414,29.502501293000023],[82.731692093999982,29.507628807],[82.732849677,29.508129278000013],[82.74009465,29.506950937],[82.744881415,29.5078848],[82.747940884,29.507397142],[82.754920117999973,29.510502960999986],[82.765759119999984,29.511503910999977],[82.766481689999978,29.512464707999982],[82.764789259,29.514266765],[82.773881731000017,29.516146231],[82.778165651999984,29.515912757000024],[82.781455860999984,29.51430558200002],[82.786365228000022,29.518667377999975],[82.786711245,29.52165435500001],[82.784861026999977,29.523324547000016],[82.784911474000012,29.525580276000028],[82.791977592000023,29.533845305],[82.792525657999988,29.536119226999972],[82.795948975999977,29.537546398000018],[82.798920403000011,29.545760305999977],[82.802737807000028,29.549484582],[82.803098218,29.551438780000012],[82.8082551,29.556422148000024],[82.810290963999989,29.555633001999979],[82.813489026000013,29.555717919000017],[82.815491674999976,29.556416948],[82.81910431,29.559396914999979],[82.817681306,29.562959061000015],[82.815425843000014,29.563969682],[82.814224280000019,29.565954979000026],[82.81468419700002,29.569957927000019],[82.81359837399998,29.571669064],[82.813309627000024,29.576526858000022],[82.807527712000024,29.586522775],[82.809068965,29.588273261999973],[82.809382516000028,29.592856714999982],[82.805868769000028,29.594773794999981],[82.805336988000022,29.596787598999981],[82.805833112000016,29.59958197200001],[82.801398012,29.603547408],[82.801516952999975,29.605628029],[82.799530531000016,29.609013434000019],[82.799184208999975,29.611773109000012],[82.796097837,29.61387192799998],[82.79655673100001,29.619079263],[82.794479249,29.625957278999977],[82.794196487000022,29.631491633999985],[82.796395129000018,29.637395807000019],[82.798273580999989,29.639438145999975],[82.799555715,29.6396054],[82.803107386000022,29.638088096999979],[82.805153414000017,29.638336542],[82.812728986000025,29.642308667],[82.813804528999981,29.645234474],[82.815340354,29.646565312],[82.820182225999986,29.648078995999981],[82.822866342999987,29.64584974600001],[82.8269151,29.64902282700001],[82.826715578,29.654454255000019],[82.828883855000015,29.66917160700001],[82.826121268,29.676531254],[82.826042234,29.681808074],[82.827337536000016,29.685863403999974],[82.827013938,29.689764535999984],[82.833174606999989,29.689255117000016],[82.838534200000026,29.691740281000023],[82.844173592,29.689895105],[82.846505836,29.689944761],[82.849466226,29.687712827999974],[82.856291882999983,29.68648192500001],[82.857781219,29.684582187999979],[82.860579775000019,29.684520611999972],[82.868204575,29.686221073000013],[82.876738541,29.691927675999978],[82.881339609,29.691531285],[82.886087998999983,29.692703500999983],[82.887362032999988,29.694791452],[82.887586285999987,29.699200295000026],[82.889789572999973,29.701016347],[82.898905609,29.702587782000023],[82.902795922,29.701009677],[82.908196824000015,29.70034838700002],[82.91116632,29.702032777],[82.914856726999972,29.706355120000012]]]}},
{"type":"Feature","properties":{"adm3_pcode":"NP0662402","adm3_name":"Jagadulla","adm2_name":"Dolpa","local_level_type":"rural municipality"},"geometry":{"type":"Polygon","coordinates":[[[82.707273339999972,29.409408864],[82.710809849999976,29.409776947000012],[82.72162957,29.406346932000019],[82.724176342000021,29.403516046],[82.728576980000014,29.401083903000028],[82.737369786999977,29.400808875999985],[82.739243306999981,29.40270760300001],[82.744855916,29.393420989],[82.746866534999981,29.392490356999986],[82.753221305000011,29.391999624999983],[82.753248871999972,29.388526572999979],[82.757482531999983,29.382983903000024],[82.763043373000016,29.381229026000028],[82.771621483,29.382871319],[82.776389909999978,29.382168646000025],[82.780098297,29.378246628999989],[82.781102275000023,29.375707130000023],[82.778843048999988,29.368045054999982],[82.780719453000017,29.366291685000022],[82.773037111,29.357650617],[82.769720193000012,29.351192039000011],[82.770828245000018,29.347241672],[82.763468777000014,29.339527775000022],[82.762964071999988,29.337617255999987],[82.77068522899998,29.330360610000014],[82.7742103,29.324729623999986],[82.77833035499998,29.322153363999973],[82.784014178,29.320436986],[82.787667678,29.314351107],[82.789959223999972,29.312073602999988],[82.790756022999972,29.307355615],[82.792221760000018,29.304303670000024],[82.792715871999974,29.298534212],[82.79544182799998,29.294665861999988],[82.796376991999978,29.289488980999977],[82.79514515,29.286893141],[82.789739075,29.283668542999976],[82.787532124999984,29.280524674999981],[82.780120481999973,29.278776909999976],[82.776622370999974,29.276807475999988],[82.77437704,29.274256365999975],[82.773753668999973,29.272067246],[82.774151470999982,29.269907951999983],[82.777320552,29.266161348000026],[82.777379963999977,29.263919932000022],[82.775650413999983,29.259420197],[82.776201938999975,29.257600561],[82.777800452,29.255386790999978],[82.784481781000011,29.249797722999972],[82.783725458999982,29.246033248],[82.784154251000018,29.244169613999986],[82.785841973,29.240291999000021],[82.788035541,29.237652652],[82.784026153000013,29.237458359000016],[82.778890144,29.235257607999984],[82.76796207000001,29.235157388],[82.763423892,29.23431026999998],[82.756983964000028,29.230770373999974],[82.750100046,29.229679995000026],[82.747946636999984,29.227242],[82.744764538000027,29.225723528],[82.750386252999988,29.220484850999981],[82.752638021,29.216791101000013],[82.758809455,29.212499906],[82.763968267,29.205573750999974],[82.765217585000016,29.203034317],[82.765696343,29.199366726999983],[82.765302854000026,29.195249226999977],[82.769301136000024,29.191469701000017],[82.769942781,29.186057899],[82.767492242,29.179668139],[82.768843189999984,29.172993028],[82.766888696000024,29.167270901999984],[82.766992484000014,29.155200395],[82.765946795,29.152987145999987],[82.762998501000027,29.150264602],[82.762255869,29.143092067],[82.759232258999987,29.13787419],[82.756848393999974,29.137908462999974],[82.753197492000027,29.135907780000025],[82.747948726,29.134893542999976],[82.744045302000018,29.135700472],[82.73652602300001,29.135102035999978],[82.729736060999983,29.132448552000028],[82.726609092999979,29.130228773],[82.720722347,29.129308892999973],[82.714812514000016,29.126741977],[82.705787949000012,29.125725870999986],[82.705043757,29.118390663000014],[82.700853325000026,29.112140738999983],[82.700333102,29.108012675999987],[82.696717611999986,29.103933498],[82.691160062999984,29.100349556000026],[82.682187742,29.102336736999973],[82.677044493999972,29.09964490599998],[82.666025427000022,29.096585647999973],[82.663446853999972,29.089552196],[82.662855875999981,29.082928735999985],[82.660209133000023,29.078614720000019],[82.663436849999982,29.070709873999988],[82.664035538,29.066615386000024],[82.667547567999975,29.059901809999985],[82.667253647,29.057882555],[82.663668862,29.052647983999975],[82.653947559000017,29.058931568999981],[82.650802645999988,29.060280459000012],[82.645445048,29.060948253],[82.643660802999989,29.066695195000023],[82.642619296000021,29.067929690000028],[82.63797058900002,29.069249372],[82.632729872000027,29.068776587],[82.630307182000024,29.069757835000019],[82.626219344,29.07387508],[82.624234221999984,29.077923613],[82.621187040999985,29.079572664000011],[82.618241620999981,29.079993456000011],[82.614094406,29.078238805000012],[82.607883152,29.073686130999988],[82.603762497,29.068733215],[82.59906823,29.067046861999984],[82.595774998000024,29.072973577000027],[82.578395141999977,29.084081287],[82.57686031999998,29.088794703000019],[82.565403386000014,29.091570773],[82.563402219000011,29.091653173],[82.55826745600001,29.089676466000014],[82.550286659,29.093194582000024],[82.545131519,29.091472039999985],[82.536979691,29.091338241000017],[82.524851805000026,29.093127018000018],[82.517319283,29.089126336],[82.515153153000028,29.08522754],[82.513768341,29.085243830000024],[82.509885842000017,29.089808536000021],[82.502517237,29.095315353999979],[82.490048221,29.099755567999978],[82.488777503,29.103802299],[82.484790034000014,29.110784093],[82.482736148000015,29.112762255],[82.480718845000013,29.113578398000016],[82.471325181,29.110600971],[82.469039045999978,29.110982401],[82.463466154,29.118759035999972],[82.457900944000016,29.120215754000014],[82.452191589999984,29.123771338999973],[82.450514563000013,29.127174874],[82.448036676000015,29.129118781999978],[82.447246039,29.132000753],[82.444479569,29.13375367499998],[82.441968956999972,29.137788575],[82.434202801000026,29.139116898999987],[82.434275234999973,29.141973697000026],[82.433087189999981,29.146149856000022],[82.440595436000024,29.151707892],[82.442725637000024,29.155358959000012],[82.44649439,29.15775191900002],[82.450020473,29.157752097000014],[82.454985201999989,29.156198441000015],[82.460716972,29.156839717000025],[82.467346201,29.162949314],[82.472150283000019,29.163685943000019],[82.473691968000026,29.162692433000018],[82.481925574,29.160727364000024],[82.488440044000015,29.161672313],[82.503011218999973,29.159944191000022],[82.511849461,29.156404527],[82.514353872000015,29.156310824],[82.523231572999975,29.161064081],[82.528277549999984,29.162274358],[82.530924473000027,29.163789757000018],[82.542067154999984,29.163295784000013],[82.554882303999989,29.165523146],[82.557057739000015,29.16653671],[82.560751526,29.170902362],[82.564399214,29.171094836],[82.567648851,29.173378298999978],[82.569765034999989,29.171601122000027],[82.570953998,29.171640885999977],[82.573417155000016,29.175187782000023],[82.578376513000023,29.179918231999977],[82.578732903,29.183081819],[82.582085485,29.190587299000015],[82.576836551999975,29.194895820999989],[82.570324974000016,29.196292406],[82.56217725800002,29.203235139000014],[82.558046983999986,29.204440214999977],[82.554013903999987,29.20458614],[82.549689498000021,29.207550237000021],[82.545602649999978,29.212174498000024],[82.543754079999985,29.215819382],[82.545066196999983,29.219870776999983],[82.542999840999983,29.226785791999987],[82.538558801000022,29.230970711999987],[82.535753724000017,29.232020321999983],[82.534028619000026,29.236582059999989],[82.539057797,29.240419343999974],[82.540122460000021,29.243809483],[82.537894838,29.246367524999982],[82.534383792000028,29.247680100000025],[82.531972686000017,29.247488955999984],[82.530832853,29.250002456],[82.53845843900001,29.25323677199998],[82.540721571,29.256299459],[82.547316852,29.259873916],[82.55187061700002,29.265692507999972],[82.551332047000017,29.269818492000013],[82.552055774,29.272289148000027],[82.550549961,29.276343812999983],[82.550389478,29.279765680000025],[82.556796526000028,29.286977795999974],[82.560088349000011,29.289108524000028],[82.565032958000018,29.290618709],[82.571206476999976,29.291343422000011],[82.580416018,29.295429121999973],[82.590614164999977,29.30303625800002],[82.588747844000011,29.306866437999986],[82.591156620999982,29.314217293000013],[82.590290553999978,29.326673562],[82.583551428000021,29.332039898],[82.58170953299998,29.336199486],[82.574742768000021,29.337546127999985],[82.574247636,29.341356892000022],[82.570421131999979,29.345754489],[82.570360638000011,29.352131957999973],[82.571795227,29.356698618999985],[82.568437486,29.360404222999989],[82.56799751,29.36539056700002],[82.560823195000012,29.367523571999982],[82.557103230999985,29.372370628],[82.557039966,29.373547267],[82.549879823000026,29.376396956],[82.548009875999981,29.380260319],[82.552503285,29.388608738000016],[82.553010399000016,29.395168198000022],[82.557260523000025,29.403764215000024],[82.558360783000012,29.411419395],[82.57384749900001,29.413805347],[82.580641964,29.416108425],[82.5826851,29.417307532999985],[82.583690589000014,29.420378701],[82.586118715,29.422531225],[82.592540618999976,29.421015964],[82.595123547000014,29.422716719999983],[82.598502759999974,29.423374772999978],[82.614675619000025,29.423273343],[82.623143127,29.424565476999987],[82.626211706,29.421525369],[82.626768164999987,29.413551681],[82.625641154,29.406158286999982],[82.623850039999979,29.402174880000018],[82.62381775,29.398182562999978],[82.626973373999988,29.395481612000026],[82.634988635000013,29.393333434],[82.637955209999973,29.391270796000015],[82.640664026000024,29.388280738999981],[82.641759874,29.385296784],[82.652290204999986,29.390793997],[82.659096436000027,29.395346367],[82.658969551999974,29.399738518999982],[82.66080963600001,29.401816167],[82.663777961999983,29.402759436999986],[82.670541316000026,29.401500845999976],[82.67301958500002,29.402405237999972],[82.675556522000022,29.403878389],[82.678124020999974,29.408340201999977],[82.682937458000026,29.409874195999976],[82.687128272,29.412538574999985],[82.68740789200001,29.414007319],[82.68561294,29.417595958],[82.686617470999977,29.421685844000024],[82.690142232000028,29.425155513],[82.697284133999972,29.428268084000024],[82.699721921999981,29.428526411],[82.702424334,29.427066524999987],[82.702958072,29.423966009000026],[82.702003951,29.417808566000019],[82.705923187,29.410609169999987],[82.707273339999972,29.409408864]]]}},
{"type":"Feature","properties":{"adm3_pcode":"NP0662403","adm3_name":"Dolpo Buddha","adm2_name":"Dolpa","local_level_type":"rural municipality"},"geometry":{"type":"Polygon","coordinates":[[[83.267976262,29.56924247500001],[83.270592121,29.567910328999972],[83.277821242000016,29.568906227000014],[83.283909418,29.562731835000022],[83.282672681,29.561168835999979],[83.282036593999976,29.557529475000024],[83.278718226000024,29.557863390000023],[83.273855899000012,29.554435505000015],[83.268707553000013,29.55659741],[83.267024031,29.556664813],[83.263846374000025,29.554933049],[83.258829072000026,29.557178696999983],[83.256497259000014,29.557483757],[83.255274378000024,29.55674155600002],[83.255529938999985,29.555132522],[83.258730903000014,29.551013768000018],[83.254119351999975,29.544597975999977],[83.256180207999989,29.541063837000024],[83.255787737999981,29.539227875999984],[83.260612945,29.53676693],[83.263748223999983,29.532922838],[83.264956766000012,29.526072617000011],[83.268683156,29.522082797],[83.267900757,29.519304165999984],[83.268869048999989,29.516941151000026],[83.26655668799998,29.513387194000018],[83.268257881000011,29.511075622000021],[83.268341599,29.509113743],[83.267350143999977,29.507407574000013],[83.271485573,29.507809227],[83.275144121999972,29.502616579],[83.28199383499998,29.498686239999984],[83.291935022000018,29.502761209000028],[83.293377854000028,29.504359023],[83.302238123999985,29.4996691],[83.304336055000022,29.501256736000016],[83.309280165000018,29.502692245],[83.311939339999981,29.506903647],[83.315667728999983,29.508903334000024],[83.320320938,29.504501754999978],[83.325789719,29.503275455],[83.329173627999978,29.503570045],[83.33199307000001,29.499959487000012],[83.34437774700001,29.49475660600001],[83.347190418000025,29.492230635999988],[83.345335482,29.489208072999986],[83.347828237999977,29.484722654],[83.347156719999987,29.480990863999978],[83.347580777000019,29.478532035],[83.346291361,29.476899479],[83.341965802,29.474999272],[83.343398271000012,29.473168027999975],[83.343973103999986,29.468411539999977],[83.342266892,29.465797941],[83.346700482000017,29.462591997],[83.349076282,29.459707427000012],[83.351469662,29.458805612],[83.35370789000001,29.451370774],[83.356613697,29.450645012999985],[83.361864898000022,29.451793552000026],[83.366122169999983,29.450016161],[83.365454926999973,29.447962653],[83.363018045999979,29.446191651999982],[83.364327565999986,29.439717523000013],[83.370630947,29.434338497999988],[83.371331661999989,29.428511046999972],[83.377034225999978,29.427308562],[83.381047705000015,29.423147576000019],[83.385609209,29.423220578999974],[83.387562961000015,29.422397249000028],[83.390944242999979,29.422823327],[83.396707864,29.421446547000016],[83.404572776,29.422381899000015],[83.409835456999986,29.421385763999979],[83.412657,29.421941882],[83.414219311000011,29.42080963799998],[83.41588030600002,29.410371192000014],[83.420621892999975,29.405298614],[83.424661747000016,29.403967238],[83.426120519999984,29.402401344],[83.420364407000022,29.397429836000015],[83.421212287,29.391665882999973],[83.423488324,29.387074219],[83.422581062,29.384636431],[83.42041582600001,29.383027793999986],[83.411718565,29.380264909],[83.415382158,29.376022359999979],[83.415063368,29.371022442000026],[83.413094097999988,29.36686117],[83.416759204000016,29.364865225000017],[83.417279848000021,29.36358629],[83.416793708,29.361454853999987],[83.415041248000023,29.359013301],[83.417200888000025,29.356246092],[83.423405295,29.356286563000026],[83.42703344,29.352677393000022],[83.428589602999978,29.349774248000017],[83.436812784999972,29.350456568000027],[83.438916396000025,29.349488754],[83.444869095,29.34020227000002],[83.442342782000026,29.335682709000025],[83.446453551,29.329072698],[83.444389466000018,29.325626483],[83.443058563000022,29.320620111999972],[83.439291153,29.31688927099998],[83.439872476,29.312646546],[83.438234594,29.308658388000026],[83.444146526,29.306461311000021],[83.443594115999986,29.299766420000026],[83.448259181000026,29.29925798],[83.451316366000015,29.297511128],[83.450628291999976,29.293540545999974],[83.455788778,29.290599964000023],[83.454799498,29.286522198],[83.459885879000012,29.286132316000021],[83.46030417999998,29.284018205999985],[83.462077409000017,29.282464377999986],[83.462439040999982,29.276779283999986],[83.465135847999989,29.27452766],[83.468112465,29.273535735999985],[83.471457935999979,29.274169357],[83.473628258000019,29.277525331999982],[83.478694123000025,29.281009905000019],[83.487131186,29.280142558000023],[83.487691305,29.279720669000028],[83.487196197,29.276147991000016],[83.491877144999989,29.275214027],[83.493377722,29.273778246],[83.493064593999975,29.269980841],[83.490909271000021,29.266561935000027],[83.491461107000021,29.264804605999984],[83.493945253999982,29.262698215],[83.496614640000018,29.262733067999989],[83.50010821799998,29.260253665],[83.502645891999975,29.259469153999987],[83.504097901000023,29.255551851],[83.508336359999987,29.256968288999985],[83.511960022999972,29.255567164000013],[83.514722517999985,29.255807372999982],[83.514212593000025,29.252593413],[83.515979760999983,29.248063608999985],[83.517129703000023,29.246387281000011],[83.519426982000027,29.24504663],[83.517682313000023,29.240562765],[83.522289404999981,29.239221400000019],[83.522700930999974,29.238243872],[83.521368986000027,29.235338244],[83.516379744,29.231381839999983],[83.515050369999983,29.227993506000018],[83.518075426999985,29.22664424200002],[83.517457057,29.221415526999976],[83.518802811,29.218474381000021],[83.520147781999981,29.217130339999983],[83.522741627000016,29.21672679400001],[83.519528034000018,29.215147576],[83.519053277000012,29.212542745],[83.514516762000028,29.206796890000021],[83.503776016000018,29.201485831000014],[83.50076409899998,29.202097225999978],[83.496908320999978,29.201505344],[83.493996044000028,29.20373202899998],[83.494680743,29.210650652000027],[83.490863933000014,29.214337751000016],[83.488635586999976,29.215436862999979],[83.486034129000018,29.221354900999984],[83.485251833,29.225660241000014],[83.479252954,29.228792793000025],[83.472988585,29.230283993],[83.470487952999974,29.231920864000017],[83.467620907000025,29.231722274],[83.453218574,29.236369613000022],[83.435465084999976,29.237380797000014],[83.421125436000011,29.232837424000024],[83.410969371000022,29.22701848600002],[83.409482487,29.225151009],[83.396608077,29.217555129],[83.394328186999985,29.215176249000024],[83.374204154999973,29.200550276],[83.366591482999979,29.198342233],[83.36098066400001,29.199179502999982],[83.355646397999976,29.195635058],[83.337615184000015,29.191184556],[83.330344398000022,29.192240093],[83.325056139000026,29.191074427999979],[83.32171926,29.188957507999987],[83.318638826999972,29.184764346],[83.318023718,29.181966468999974],[83.317052929999988,29.181106595000017],[83.312004691000027,29.18039276899998],[83.309126191000018,29.181156153000018],[83.305709784999976,29.183888159],[83.299546538000016,29.190979469000013],[83.296173754999984,29.193488122000019],[83.295911683999975,29.192577764000021],[83.297407041999975,29.189666742999975],[83.296983624,29.188478034000013],[83.295780423999986,29.187889756],[83.29095457,29.188313142000027],[83.286486912999976,29.185853297999984],[83.277996262999977,29.191410836999978],[83.273862730000019,29.192861451],[83.267666933999976,29.196461581999984],[83.264210026,29.190505702],[83.255085783000027,29.180446860000018],[83.25514919699998,29.178112576999979],[83.254132003,29.176070061000019],[83.254505680000022,29.174078125999984],[83.252952667999978,29.172734100000014],[83.252831286,29.170818399999973],[83.253476305,29.168692605999979],[83.255148549000012,29.167082344],[83.255770209,29.164309109999976],[83.249824838999984,29.157660067],[83.253448430999981,29.153631371000017],[83.254717156000027,29.149503771000013],[83.25691903500001,29.14694448],[83.261072367999986,29.145952387000023],[83.266578407,29.147270666],[83.275905814,29.138975327000026],[83.290080788000012,29.13186908199998],[83.28988539300002,29.125012960999982],[83.288971242,29.12318098999998],[83.284955404000016,29.123547643],[83.280974908000019,29.122204517],[83.277794576000019,29.122848343999976],[83.273006534,29.119971282999984],[83.275240799000017,29.116653937000024],[83.274884929,29.115752015],[83.276632447999987,29.109407127],[83.276378586000021,29.107364373999985],[83.275259608,29.1045838],[83.269595343,29.100007882],[83.272188891999974,29.09574287800001],[83.269657516,29.091204194999989],[83.26842502,29.086900383999989],[83.269969921999973,29.084553812000024],[83.270068733000016,29.080918149000013],[83.267521648000013,29.077518484],[83.266501224000024,29.074449625],[83.266508459000022,29.069027001],[83.277178085,29.059452989000022],[83.277713367,29.054344404],[83.276758036999979,29.049331601],[83.27388371,29.047705456000017],[83.272447590000013,29.044661526000027],[83.271463723000011,29.038640190000024],[83.269137569,29.03404164],[83.270020579,29.030791453],[83.269095981000021,29.023268131],[83.266552003000015,29.01768935299998],[83.26354818599998,29.013339707],[83.259719686999972,29.011099039999976],[83.25200844,29.010023204999982],[83.248591133,29.011028246000024],[83.245817511999974,29.013933872],[83.241503809,29.012648609999985],[83.238846782999985,29.013145585000018],[83.235910938000018,29.009758975000011],[83.233365047,29.009031627000013],[83.229072879,29.005961904],[83.22201136000001,29.004743717999986],[83.218847520999987,29.005598341],[83.21639553,29.009154849000026],[83.21373481,29.006994131],[83.210859028000016,29.006174224],[83.20783717,29.006986539000025],[83.203374968,29.009770775],[83.197536539999987,29.00822701300001],[83.194927010000015,29.008660244999987],[83.189694082000017,29.012249208000014],[83.187389172999985,29.017026419],[83.178691612000023,29.016522392000013],[83.175095124,29.015255202],[83.170628664,29.018426340000019],[83.163875562999976,29.016144568000016],[83.160882124000011,29.020817717],[83.162646900000027,29.029312399999981],[83.165532727000027,29.033977076999975],[83.165432738999982,29.043294716999981],[83.163092688,29.052156301000025],[83.153221722000012,29.067090145],[83.151807313,29.065878922000024],[83.150295599,29.06190389],[83.144570164000015,29.056911822000018],[83.138057851999974,29.054156599],[83.135098758000026,29.050826235999978],[83.132763033,29.049787106999986],[83.130437343999972,29.043814807999979],[83.126714178999976,29.046044043999984],[83.126105220999989,29.048013852999986],[83.123235331999979,29.049375558],[83.118079309999985,29.054141913000024],[83.115197301000023,29.058440285000017],[83.101019060999988,29.063272429999984],[83.097270212000012,29.068593255999986],[83.09021965,29.069490687999973],[83.086390008000023,29.071257964999973],[83.081440489999977,29.071348191000027],[83.071334083000011,29.075765188999981],[83.067245437999986,29.076363819999983],[83.06507575,29.084719453],[83.060203708000017,29.091693672000019],[83.05748379,29.093531021999979],[83.052297274000011,29.095132042999978],[83.05071288900001,29.096893793],[83.046724208,29.09863838299998],[83.044862720000026,29.101261986999987],[83.049861255,29.106153864000021],[83.054018972,29.107726096000022],[83.05901680300002,29.113454457999978],[83.060273841000026,29.11553397199998],[83.059438727999975,29.120472442],[83.067073572000027,29.123345358],[83.070909293999989,29.123728382000024],[83.073731625,29.125505013],[83.074779004999982,29.127526530000011],[83.074059573999989,29.132028291999973],[83.079192279999972,29.133708029],[83.079614748999973,29.135562801],[83.086079149,29.143397992000018],[83.095159242000022,29.14593852500002],[83.097604048999983,29.148325718000024],[83.100770489000013,29.14855899600002],[83.104453251,29.151073885000017],[83.102474909000023,29.153451632999975],[83.100958842000011,29.157616663],[83.101307032000022,29.161311452],[83.095555569999988,29.167085453000027],[83.096767956,29.170718449999981],[83.096727841000018,29.173614432000022],[83.09889481,29.176076363999982],[83.093652755999983,29.182889026999987],[83.092920664000019,29.186235957],[83.089157462,29.190462195],[83.090465558,29.192392912],[83.090872005999984,29.195273840000027],[83.090054038,29.199186279],[83.09026598600002,29.203387643999974],[83.089416202999985,29.207584055999973],[83.086323219,29.212089965000018],[83.087440886000024,29.214853915],[83.089212423999982,29.216562285],[83.092885447000015,29.218520349000016],[83.098662833999981,29.219348801000024],[83.102245907999986,29.222445008000022],[83.102097230000027,29.22603942500001],[83.104594567,29.232750843000019],[83.103106041999979,29.234649081999976],[83.097309817,29.238361148000024],[83.094863394000015,29.244687399999975],[83.095162024,29.245496892],[83.101119327,29.246218295],[83.105808593,29.244774564000011],[83.112033358000019,29.245508531999974],[83.125002791999975,29.242084302000023],[83.129462185000023,29.239140519999978],[83.132033845000024,29.235649756999976],[83.13498483799998,29.234735014000023],[83.136408307000011,29.232890081],[83.141619193999986,29.231369554000025],[83.144440073999988,29.233819184000026],[83.148932810000019,29.235214751],[83.157863874999975,29.239971953],[83.169137133999982,29.23804624600001],[83.177335874999983,29.24215030900001],[83.178612676,29.243419087],[83.179032568000025,29.245868992],[83.183041305000017,29.247364229000027],[83.18431689099998,29.250011068],[83.187540393,29.252931412],[83.185655397,29.25605528],[83.180389147000028,29.26040804500002],[83.178822732000015,29.263610411],[83.178645135000011,29.26949649],[83.176677628,29.273765565000019],[83.176207854999973,29.277969356000028],[83.179473259000019,29.282245825000018],[83.17946286,29.283544953999979],[83.177164367999978,29.289239704000011],[83.182435687,29.293580325],[83.183267783000019,29.298631245000024],[83.185784368999975,29.302138335999985],[83.189233246000015,29.303562258],[83.191425926000022,29.307626668000012],[83.195582969999975,29.311502062999978],[83.194575456999985,29.315752341],[83.191226073,29.320038018],[83.192532727000014,29.322188776000019],[83.197683708,29.325481428999979],[83.19867732199998,29.328595593999978],[83.198832272,29.332981440000026],[83.208658376000017,29.329904757],[83.213499652,29.330138624000028],[83.215969701,29.326609614],[83.219757204000018,29.325790438000013],[83.229827046000025,29.330743639],[83.230281516,29.332223698],[83.238143621,29.332981565000011],[83.244794021000018,29.336434352000026],[83.246553614999982,29.338433757000018],[83.247876215000019,29.337024659],[83.252029285,29.342601334],[83.25852548,29.347940569],[83.258077368999977,29.350218477],[83.256400868000014,29.35218733],[83.252345612999989,29.354855580999981],[83.251337635000027,29.357362707999982],[83.252855190999981,29.359827565999979],[83.248410714999977,29.363639393000028],[83.249240509,29.368157488],[83.245663189000027,29.37382147],[83.238375051999981,29.376985311],[83.230879793999975,29.387254804],[83.228360426999984,29.388340976],[83.223711283,29.392617631],[83.211327039000025,29.398109488999978],[83.19983258000002,29.405188900999974],[83.197172706,29.40746677300001],[83.195219201999976,29.411463184000013],[83.188738391000015,29.414656098000023],[83.182391267000014,29.42310502700002],[83.173410376999982,29.428453951999984],[83.175422498999978,29.433455707],[83.174467431999972,29.436936870000011],[83.167886268000018,29.442796472],[83.167910878999976,29.446335583],[83.166319104000024,29.448953314],[83.165933654000014,29.452050084],[83.161121842999989,29.462424671],[83.158448068999974,29.466095602],[83.151123639,29.47157516599998],[83.148301705,29.471850345],[83.14575419099998,29.474141466999981],[83.145283398,29.476337568000019],[83.143858615999989,29.478126067],[83.141024824999988,29.480667848999985],[83.138520087000018,29.481470421999973],[83.133365669999989,29.481127935000018],[83.131572683,29.480232052000019],[83.130647483000018,29.480882414],[83.130479343,29.482651873],[83.136352252999984,29.487677126],[83.147199522,29.490938681999978],[83.15265122400001,29.490585552000027],[83.154860934999988,29.493040109],[83.160906947,29.495009148],[83.162023393000027,29.496249926000019],[83.168494462000012,29.498744609000028],[83.170533321,29.504220260000011],[83.173979966,29.507701678999979],[83.180311532000019,29.511187333],[83.181740116000014,29.512824640000019],[83.187425177000023,29.514796987000011],[83.192637629999979,29.518954120999979],[83.197697957,29.521197431000019],[83.204680962999987,29.532248706000019],[83.205476466,29.535941251],[83.207621269000015,29.537375027],[83.211048829,29.542071146000012],[83.213933707000024,29.544097943],[83.214286443999981,29.54539470200001],[83.216718970999978,29.546223289000011],[83.219067226999982,29.548582983000017],[83.218983202,29.55032819500002],[83.220413818999987,29.550336592],[83.225130256,29.55551581200001],[83.229705505000027,29.558697903],[83.232998040999973,29.559468072000016],[83.239113132999989,29.563066961],[83.243130633000021,29.563777897000023],[83.250693236000018,29.563432799],[83.254507381,29.564575317],[83.255537759,29.566642641999977],[83.256820634,29.567274603999977],[83.260129181000025,29.567374272999984],[83.263844321000022,29.569402331999981],[83.267976262,29.56924247500001]]]}},
{"type":"Feature","properties":{"adm3_pcode":"NP0662404","adm3_name":"Mudkechula","adm2_name":"Dolpa","local_level_type":"rural municipality"},"geometry":{"type":"Polygon","coordinates":[[[82.429309596,29.138846664000027],[82.437536539,29.138918779999983],[82.441968956999972,29.137788575],[82.444479569,29.13375367499998],[82.447246039,29.132000753],[82.448036676000015,29.129118781999978],[82.450514563000013,29.127174874],[82.452191589999984,29.123771338999973],[82.457900944000016,29.120215754000014],[82.463466154,29.118759035999972],[82.469039045999978,29.110982401],[82.471325181,29.110600971],[82.480718845000013,29.113578398000016],[82.482736148000015,29.112762255],[82.484790034000014,29.110784093],[82.488777503,29.103802299],[82.490048221,29.099755567999978],[82.502517237,29.095315353999979],[82.509885842000017,29.089808536000021],[82.513768341,29.085243830000024],[82.515153153000028,29.08522754],[82.517319283,29.089126336],[82.524851805000026,29.093127018000018],[82.536979691,29.091338241000017],[82.545131519,29.091472039999985],[82.550286659,29.093194582000024],[82.55826745600001,29.089676466000014],[82.563402219000011,29.091653173],[82.565403386000014,29.091570773],[82.57686031999998,29.088794703000019],[82.578395141999977,29.084081287],[82.595774998000024,29.072973577000027],[82.59906823,29.067046861999984],[82.603762497,29.068733215],[82.607883152,29.073686130999988],[82.614094406,29.078238805000012],[82.618241620999981,29.079993456000011],[82.621187040999985,29.079572664000011],[82.624234221999984,29.077923613],[82.626219344,29.07387508],[82.630307182000024,29.069757835000019],[82.632729872000027,29.068776587],[82.63797058900002,29.069249372],[82.642619296000021,29.067929690000028],[82.643660802999989,29.066695195000023],[82.645445048,29.060948253],[82.650802645999988,29.060280459000012],[82.653947559000017,29.058931568999981],[82.663668862,29.052647983999975],[82.663834053000016,29.051307673],[82.662951072999988,29.050065086000018],[82.655188689999989,29.043678995999983],[82.644131687000026,29.040710102999981],[82.638480011000013,29.037849344],[82.631797335999977,29.035692880999989],[82.627700130999983,29.029861294],[82.624382191,29.027490651],[82.620263591000025,29.026095155],[82.615850852999984,29.020932065000011],[82.618778704000022,29.014619816],[82.618009277999988,29.009798750000016],[82.614349409,29.006172591999984],[82.614244337,29.00416640100002],[82.616678525,29.00002557],[82.631376075,28.98807752099998],[82.634387781999976,28.98221917],[82.632174205000013,28.975915093000026],[82.630317156,28.975363929000025],[82.626657761999979,28.976120553999976],[82.622211871,28.975860759999989],[82.615283448000014,28.978442041999983],[82.612604455,28.977566395],[82.599319099000013,28.982476428999973],[82.593392186000017,28.980853739],[82.591106962000026,28.982604856000023],[82.588527855,28.986797804999981],[82.584175566,28.987058777000016],[82.578309745000013,28.989856805999977],[82.580068809000011,28.990378346999989],[82.577650510000012,28.993668318],[82.571665936999977,28.997436881],[82.552749240000026,29.004688800999986],[82.547461283000018,29.004079151999974],[82.537751291,29.010388299],[82.534328233,29.011568950000026],[82.52832603600001,29.012209300999984],[82.524153621999972,29.014378350000015],[82.517606176000015,29.012355314],[82.506417567000028,29.015767892999975],[82.497982227000023,29.015064957],[82.493952996000019,29.016528511],[82.484879010999975,29.014849592000019],[82.480711514,29.011668074],[82.480614093999975,29.008211580000022],[82.479249755000012,29.006275674999983],[82.470342405999986,29.002879731],[82.467733700999986,29.002732330000015],[82.467747863999989,29.000603028],[82.465458263000016,28.996160029],[82.461087513999985,28.991281663999985],[82.456797312999981,28.98975174200001],[82.454148170999986,28.989809760000014],[82.44949513,28.992322957999988],[82.447775262999983,28.99104236300002],[82.438720064999984,28.990564397000014],[82.43296604,28.99354666],[82.429647241999987,28.99672388],[82.428263258000015,28.999156445999972],[82.421103015000028,29.000621704000025],[82.41254611,29.004151501000024],[82.39868808,29.002850664],[82.397228374,29.004386],[82.395892645,29.012715835999984],[82.392072068,29.017692693000015],[82.392746626000019,29.019677269999988],[82.398199617999978,29.027023046000011],[82.398902377000013,29.03779006100001],[82.403584062,29.04057174899998],[82.40400050400001,29.04388744900001],[82.405348711999977,29.046306995],[82.406349423999984,29.057404545999987],[82.40345517999998,29.064557590999982],[82.404628241000012,29.069279484],[82.403486828999974,29.072769268],[82.408600208999985,29.081762261999984],[82.408276151,29.087054706],[82.410642826000014,29.090390432],[82.411894925000013,29.095918814000015],[82.415536235,29.099437293],[82.414899822,29.105898997],[82.416640874,29.107105413],[82.41806598300002,29.110784656000021],[82.416669979,29.114340430000027],[82.417977201999975,29.119480223999972],[82.415767948,29.122318366],[82.413534169,29.123320802000023],[82.416212384,29.125694496999984],[82.416986246000022,29.127386914999988],[82.415829347,29.133549701],[82.417580296999972,29.136654940000028],[82.427164792999974,29.137333582999986],[82.429309596,29.138846664000027]]]}},
{"type":"Feature","properties":{"adm3_pcode":"NP0662405","adm3_name":"Kaike","adm2_name":"Dolpa","local_level_type":"rural municipality"},"geometry":{"type":"Polygon","coordinates":[[[83.046441054000013,29.098879980999982],[83.05071288900001,29.096893793],[83.052297274000011,29.095132042999978],[83.05748379,29.093531021999979],[83.060203708000017,29.091693672000019],[83.06507575,29.084719453],[83.067245437999986,29.076363819999983],[83.071334083000011,29.075765188999981],[83.081440489999977,29.071348191000027],[83.086390008000023,29.071257964999973],[83.09021965,29.069490687999973],[83.097270212000012,29.068593255999986],[83.101019060999988,29.063272429999984],[83.115197301000023,29.058440285000017],[83.118079309999985,29.054141913000024],[83.123235331999979,29.049375558],[83.126105220999989,29.048013852999986],[83.126714178999976,29.046044043999984],[83.130524907999984,29.043167993999987],[83.126162664999981,29.038111766999975],[83.124491463000027,29.037575353000022],[83.126190163999979,29.034850193000011],[83.126142346999984,29.032296488999975],[83.123509736000017,29.030691346000026],[83.120778047999977,29.027423103999979],[83.110668873,29.023424878000014],[83.10689632499998,29.023271271],[83.102902377000021,29.019597235],[83.098540053000022,29.018476331999977],[83.096920252000018,29.016394747999982],[83.096144727000024,29.013581183999975],[83.093733037,29.011322791],[83.092179064,29.011091288999978],[83.087697839999976,29.002748737],[83.087605721999978,28.999946556],[83.085372651,28.99675994],[83.085768807000022,28.995691169],[83.085087992000012,28.994121114999984],[83.087361440999985,28.990730464000023],[83.086964781,28.985796849999986],[83.087679122,28.982704645000013],[83.088680945000021,28.981678443000021],[83.088273067999978,28.978274000999988],[83.084537773000022,28.974626027999989],[83.081205335,28.969067861999974],[83.074825918999977,28.964361634],[83.075015188,28.962183901],[83.073639028,28.960760134999987],[83.073697810999988,28.958658266999976],[83.072060373,28.95738386],[83.070879119999972,28.953056052000022],[83.069073839999987,28.951094579000028],[83.069129928999985,28.949373926000021],[83.067030529000021,28.946149503000015],[83.05537073,28.936939419999987],[83.052142131999972,28.935588118999988],[83.047939206000024,28.932244861000015],[83.045395875,28.931583945],[83.041157719000012,28.927477818999989],[83.038233583000022,28.925972725],[83.037346619,28.923909152000022],[83.034550648999982,28.922594479999987],[83.031445605999977,28.917618639000011],[83.03125763700001,28.914256320999982],[83.032359166999981,28.911548400000015],[83.031747156,28.90688150699998],[83.03314287500001,28.90520662],[83.03019404600002,28.900985275999972],[83.030423424,28.899268125],[83.031859318999977,28.897976890999985],[83.034715066999979,28.897494355],[83.037204700000018,28.895822609],[83.040016101999981,28.897302142],[83.043381899999986,28.897172706],[83.044709625,28.898785890999989],[83.047729706999974,28.899222335],[83.051328739999974,28.898250729999972],[83.059586411999987,28.899389066000026],[83.062434368000027,28.897913432999985],[83.063756188000013,28.89800607],[83.067414364,28.895744148],[83.069826981,28.895386405000011],[83.07621063800002,28.891194077000023],[83.090875720999975,28.890996073999986],[83.096259185,28.887592344999973],[83.100845762,28.887113210999985],[83.105926650000015,28.883379946],[83.112224649999973,28.881348605000028],[83.117993749999982,28.877975817999982],[83.121078129000011,28.878771917999984],[83.123046251,28.878137380999988],[83.124315001000014,28.878921579],[83.12682511700001,28.877988204000019],[83.128829640999982,28.878867405],[83.133107397,28.877771634],[83.137099853,28.874876087000018],[83.143082916000026,28.875031541],[83.146873568,28.87609319],[83.152840802000014,28.874060096],[83.156504616,28.87421163800002],[83.159130221,28.876181498999983],[83.165523517,28.874414447999982],[83.167732323999985,28.872278304000019],[83.16861774,28.870503981000013],[83.16831707,28.865453815000023],[83.168973759999972,28.864005146000011],[83.166508454,28.858528735999982],[83.166627221999988,28.853715743],[83.164425629999982,28.845141558000023],[83.165070930000013,28.841405474],[83.158606958,28.830607616],[83.158476670000027,28.820927378000022],[83.157222495999974,28.819340504000024],[83.159829624,28.814166208000017],[83.159279957000024,28.810607775],[83.161701642000025,28.803724695000028],[83.166444641999988,28.799781630999973],[83.16579163199998,28.798491865000017],[83.165784184000017,28.789732668999989],[83.167807261,28.784674166],[83.164791192,28.777335542],[83.154359313999976,28.769831130999989],[83.153465814000015,28.760272308000026],[83.151827087000015,28.757622774000026],[83.148211506999985,28.754836725000018],[83.146203647,28.752015577],[83.145831482,28.747163328999989],[83.141416158000027,28.746307463999983],[83.137224444000026,28.747864318999973],[83.132253737999974,28.74797685599998],[83.127570349999985,28.745880414],[83.121311330000026,28.745445169999982],[83.114919301999976,28.743145406999986],[83.113536480999983,28.743531037000025],[83.112056670000015,28.747173493],[83.107968493999977,28.749230927999974],[83.102498587000014,28.753408459000013],[83.102161621,28.760256949999984],[83.098092732999987,28.766568558000017],[83.095032125999978,28.767651161],[83.084937223999987,28.777817508],[83.081648324000014,28.779439621],[83.08016398,28.781728138],[83.079151029,28.786104095999974],[83.072458112999982,28.783423613000025],[83.068262312,28.779911871000024],[83.067821345000027,28.781266803],[83.065058667000017,28.783814713000027],[83.057851852999988,28.785740675],[83.045604184000013,28.786444171000028],[83.035972922999974,28.792714384000021],[83.02996479,28.793142752],[83.025372241000014,28.792311195000025],[83.022234820999984,28.79069367],[83.012215700000013,28.798906010999985],[83.008865449999973,28.799790503],[83.005041033999987,28.799561653000012],[82.997264687999973,28.803841826999985],[82.990377602000024,28.801591176999978],[82.986783132000028,28.802509413],[82.981305725000027,28.800564382],[82.978486898000028,28.801576184],[82.97560525,28.803543896],[82.974986321000017,28.807281355999976],[82.973634714000013,28.809249341],[82.97007778,28.811353906000022],[82.96804778,28.81570541100001],[82.965762633999987,28.816572172],[82.96581568,28.820242585000017],[82.959780378,28.819869089],[82.950725902999977,28.823660727],[82.949537798,28.827671151],[82.94680833000001,28.828958178],[82.942080533000023,28.83517840899998],[82.94282520500002,28.840356507000024],[82.943817105999983,28.841733458000022],[82.943065175000015,28.843387794000023],[82.952921146,28.853164046000018],[82.953736847000016,28.856434381999975],[82.953527662999988,28.867151706000016],[82.951662891000012,28.874641801],[82.95043569,28.886812849000023],[82.946580195000024,28.897176834999982],[82.943159568,28.901665869],[82.946917068,28.910648036999987],[82.945080494000024,28.917470505999972],[82.94590830300001,28.921397345],[82.944761622999977,28.925701182000012],[82.945021536000013,28.928299445999983],[82.948779409999986,28.934139404],[82.949382062999973,28.938068926000028],[82.945874195999977,28.939530236999985],[82.942607071,28.939838409],[82.938303421,28.939003793999973],[82.934939473999975,28.937215594],[82.935928264999973,28.940985824999984],[82.935048758999983,28.944177329000013],[82.936531718000026,28.948621381],[82.941638919000013,28.954070708000017],[82.944685782000022,28.955865276999987],[82.947506604000012,28.961253574000011],[82.949059122,28.968664165],[82.947989507999978,28.975323472000014],[82.948878504,28.981995870999981],[82.953998072,28.984557589000019],[82.955304839,28.984267698],[82.957153002999974,28.982272286000011],[82.958532194999975,28.982111572],[82.961154920000013,28.984294972999976],[82.960499143999982,28.990064368999981],[82.957358450000015,28.992929494],[82.9570627,28.994948303],[82.960421624999981,28.997816340999975],[82.960062532999984,29.004819564],[82.961150002000011,29.008331008000027],[82.959456182,29.013956962],[82.956958929999985,29.015374419000011],[82.963782646000027,29.023919673000023],[82.967108162999978,29.019230968999977],[82.973386686000026,29.016220469000018],[82.982833953000011,29.013842711],[82.986050395,29.013661776999982],[82.989829290999978,29.015176696000026],[82.992408330999979,29.014447178000012],[83.000394025,29.01619176600002],[83.007418218999987,29.015122786],[83.007556248000014,29.018971932999989],[83.012281460999986,29.016972190999979],[83.016974323999989,29.017011072],[83.018795665000027,29.01572515700002],[83.02407184499998,29.017822982999974],[83.025896413,29.020838482999977],[83.025874994999981,29.023121085000014],[83.02413089700002,29.027339982],[83.024267001,29.030537251],[83.021571787000028,29.03132513700001],[83.020053327000028,29.033364362999976],[83.020680341,29.037808149999989],[83.018172497000023,29.046936457000015],[83.027928287,29.060031464000019],[83.02648437900001,29.062030757],[83.026869815,29.065680927000017],[83.028230221,29.067461471],[83.027069282000014,29.069117737],[83.027063845999976,29.075266544999977],[83.025733753,29.079531319000012],[83.026714344000027,29.080837651000024],[83.027139682999973,29.085913627000025],[83.030423819000021,29.091204315000027],[83.036908585,29.09330590899998],[83.045075955000016,29.100523683],[83.046441054000013,29.098879980999982]]]}},
{"type":"Feature","properties":{"adm3_pcode":"NP0662406","adm3_name":"Chharka Tangsong","adm2_name":"Dolpa","local_level_type":"rural municipality"},"geometry":{"type":"Polygon","coordinates":[[[83.432344643000022,29.236893855],[83.442697106000026,29.237311857],[83.453218574,29.236369613000022],[83.467620907000025,29.231722274],[83.470487952999974,29.231920864000017],[83.472988585,29.230283993],[83.479252954,29.228792793000025],[83.485251833,29.225660241000014],[83.486034129000018,29.221354900999984],[83.488635586999976,29.215436862999979],[83.490863933000014,29.214337751000016],[83.494680743,29.210650652000027],[83.493996044000028,29.20373202899998],[83.496793084999979,29.201534213],[83.50076409899998,29.202097225999978],[83.503776016000018,29.201485831000014],[83.514516762000028,29.206796890000021],[83.519053277000012,29.212542745],[83.519528034000018,29.215147576],[83.522741627000016,29.21672679400001],[83.530362228,29.213356665999981],[83.529985733,29.20960181800001],[83.530831584,29.20825808],[83.53412705,29.206485359],[83.535949796000011,29.203809635000027],[83.539019216999975,29.202667540999983],[83.552290098000014,29.200111739000022],[83.555402782999977,29.203990681999983],[83.560006773999987,29.204454777000024],[83.563103571,29.206052993000014],[83.565263128000026,29.204253129999984],[83.571450199000026,29.202730184000018],[83.572229054,29.201604862000011],[83.572160364000013,29.199175210000021],[83.569342672,29.196725453],[83.569192510999983,29.193442877999985],[83.569854422999981,29.190451662999976],[83.574473142999977,29.188842324],[83.57596141,29.187385232],[83.576836684,29.183578158999978],[83.575965123,29.180166959000019],[83.590072276,29.174165427999981],[83.596044828,29.174921268],[83.604310705999978,29.178076923999981],[83.607389039,29.181034263000015],[83.610105802000021,29.180742083999974],[83.614306672,29.174778888999981],[83.614621264,29.171326211],[83.622706671,29.168288185],[83.623787933000017,29.166723535000017],[83.626579705999973,29.165477131999978],[83.626848895000023,29.16362362000001],[83.62950329,29.16052257299998],[83.633281759,29.158437451],[83.641561706,29.161189207],[83.644281158000013,29.163763577],[83.643856772,29.167008458999987],[83.646021755,29.168800766],[83.649518726,29.168428732],[83.652223607,29.171532927999976],[83.654797421000012,29.172759918999986],[83.655629260000012,29.175065220000022],[83.657285264,29.176093590999983],[83.662358953000023,29.173444523],[83.665540043000021,29.170415983],[83.665929117000019,29.169115297000019],[83.661965805000023,29.164923695000027],[83.662999957000011,29.162920752],[83.662371609,29.159813504999988],[83.662763745,29.156680903999984],[83.663206144000014,29.155687253],[83.67208555000002,29.152789996000024],[83.675693846,29.148949007999988],[83.676360309000017,29.147241585000017],[83.675083654,29.145281505000014],[83.675671121,29.141388973],[83.674832652000021,29.137020222],[83.679218515,29.131652912],[83.67873868800001,29.125033449999989],[83.680316661,29.123433429999977],[83.668256735,29.123242100000027],[83.662461146,29.12473633899998],[83.660132503,29.124420601999987],[83.658255962,29.122759422],[83.653686605000019,29.121184024],[83.651337114,29.119061300999988],[83.650505740000028,29.113423684999987],[83.65244343400002,29.109197419999987],[83.65169591,29.106554066],[83.64980412,29.104459959999986],[83.646092107000015,29.104101221],[83.636212748999981,29.107336638],[83.628764768999986,29.106831121000027],[83.626217248999978,29.103156979],[83.62311252,29.101437780000026],[83.620513448,29.097785138],[83.616317439,29.09843857200002],[83.615148616999988,29.097370436],[83.614882721000015,29.094297368000014],[83.616003094,29.092575816000021],[83.623311156,29.088256186000024],[83.62639959400002,29.085676783999986],[83.627745977000018,29.082526971],[83.630626907000021,29.080999510000026],[83.629419419999977,29.071559506000028],[83.631412967000017,29.064885816000015],[83.630913970999984,29.06242768200002],[83.62648509600001,29.062427389999982],[83.619521443,29.059684437999977],[83.618073173000028,29.055125896],[83.618892632999973,29.045750895000026],[83.616019443000027,29.040365039999983],[83.612457088999975,29.035944154],[83.612571560999982,29.033722298999976],[83.615279757999986,29.027569802000016],[83.614013559999989,29.022340311999983],[83.61644708,29.018882645000019],[83.615264728999989,29.016712262999988],[83.611847263000016,29.014723026000013],[83.616866905999984,29.006159899000011],[83.614380215999972,28.998622709000017],[83.615394870999978,28.994680599],[83.614922058,28.987677449999978],[83.610108659,28.982930418000024],[83.609170426999981,28.980235565999976],[83.60443257999998,28.980133066],[83.599070815,28.985621413999979],[83.591968396000027,28.983630057000028],[83.590236811000011,28.981013389],[83.588924739,28.980694869],[83.586819389000027,28.976964404],[83.58729243800002,28.972520697],[83.585347307,28.967684073999976],[83.581548439000017,28.964930053999979],[83.58250969,28.961268297],[83.579954294,28.956137958999989],[83.578848203,28.955071831],[83.574782309999989,28.953879782],[83.571166602,28.947246574000019],[83.566871914999979,28.943325357],[83.562119406000022,28.94516761],[83.558556967000015,28.944826169],[83.556909307000012,28.941616371],[83.55781715,28.938393261999977],[83.556398371,28.93369777700002],[83.549380417,28.926871891000019],[83.546107955000025,28.921815922],[83.542248066000013,28.918682373000024],[83.539768926000022,28.914921387999982],[83.53532166399998,28.911360623],[83.532720427000015,28.909564025],[83.52850959,28.908623721000026],[83.527418832000023,28.903838603999986],[83.525244789,28.901940932],[83.522803794000026,28.897928200000024],[83.520301726000014,28.89627464],[83.514588219000018,28.889507897999977],[83.505998780000027,28.884674981999979],[83.501360862000013,28.878608188999976],[83.499385241000027,28.877192309],[83.50112449300002,28.873178462],[83.503153676000011,28.871303743],[83.50591527,28.865162687],[83.506182432,28.856942773000014],[83.501948799,28.851680812999973],[83.501346205,28.849424617000011],[83.501720061000015,28.846123305],[83.49785257000002,28.842583359],[83.491879464000021,28.846430204],[83.485792038,28.846035321999977],[83.481535439000027,28.844650646],[83.481268538,28.840164969],[83.48021587300002,28.837752378],[83.480543927999975,28.83605690600001],[83.48303082000001,28.83382745900002],[83.483465670999976,28.832191110999986],[83.479590625000014,28.824156126],[83.479987444000017,28.817128196999988],[83.485014638,28.812188697000011],[83.485617381999987,28.807226241000023],[83.487928883,28.802040671999976],[83.487494159999983,28.79743484],[83.486510142999975,28.79536172600001],[83.486812127,28.790510832999985],[83.484276167000019,28.786966243],[83.483343752,28.782811921000018],[83.470100375000015,28.781729685000016],[83.461069252000016,28.780042571000024],[83.456183665000026,28.773722511000017],[83.445988578000026,28.768878355000027],[83.442160828999988,28.769634162999978],[83.436318009999979,28.768743589999985],[83.425682128,28.765935429000024],[83.410326871999985,28.760595114000012],[83.400168302,28.760708318000013],[83.388399782000022,28.763028669],[83.383247673000028,28.756427255],[83.377546368000026,28.753949019],[83.376064824000025,28.747497274000011],[83.374231195,28.744472710000025],[83.363731084999984,28.736537272000021],[83.361902693,28.734108153000022],[83.356144855000025,28.733622920000016],[83.349816912,28.735986041],[83.345289407,28.735562695],[83.331165198,28.738141924999979],[83.325452912,28.737881172000016],[83.31995850200002,28.736085063000019],[83.312992765,28.735591936],[83.308467684999982,28.732638511],[83.297823016,28.731697118],[83.281902788000025,28.725635613],[83.276826173000018,28.721906750000016],[83.27421904900001,28.723812470999974],[83.27044259500002,28.725132103000021],[83.264257843,28.726321273],[83.259014928999989,28.726202390000026],[83.247888597999975,28.730334524999989],[83.244683921999979,28.732624451999982],[83.239309602999981,28.734845601000018],[83.236909079999975,28.739668497000025],[83.229179435999981,28.742812088],[83.226724336000018,28.742486767],[83.222924514,28.740531761999989],[83.218093650000014,28.735128308000014],[83.215980210999987,28.733850642],[83.209834893,28.731901849999986],[83.204898411999977,28.732996297],[83.2000289,28.73519408300001],[83.197073244000023,28.73795340800001],[83.194914525,28.73847751400001],[83.186358955,28.743528855000022],[83.166458235999983,28.745117525000012],[83.163016925000022,28.746436163],[83.153970932999982,28.747751402],[83.145831482,28.747163328999989],[83.146203647,28.752015577],[83.148211506999985,28.754836725000018],[83.151827087000015,28.757622774000026],[83.153465814000015,28.760272308000026],[83.154359313999976,28.769831130999989],[83.164791192,28.777335542],[83.167807261,28.784674166],[83.165784184000017,28.789732668999989],[83.16579163199998,28.798491865000017],[83.166444641999988,28.799781630999973],[83.161701642000025,28.803724695000028],[83.159279957000024,28.810607775],[83.159829624,28.814166208000017],[83.157222495999974,28.819340504000024],[83.158476670000027,28.820927378000022],[83.158606958,28.830607616],[83.165070930000013,28.841405474],[83.164425629999982,28.845141558000023],[83.166627221999988,28.853715743],[83.166508454,28.858528735999982],[83.168973759999972,28.864005146000011],[83.16831707,28.865453815000023],[83.16861774,28.870503981000013],[83.167732323999985,28.872278304000019],[83.165523517,28.874414447999982],[83.159130221,28.876181498999983],[83.156504616,28.87421163800002],[83.152840802000014,28.874060096],[83.146873568,28.87609319],[83.143082916000026,28.875031541],[83.137099853,28.874876087000018],[83.133107397,28.877771634],[83.128829640999982,28.878867405],[83.12682511700001,28.877988204000019],[83.124315001000014,28.878921579],[83.123046251,28.878137380999988],[83.121078129000011,28.878771917999984],[83.117993749999982,28.877975817999982],[83.112224649999973,28.881348605000028],[83.105926650000015,28.883379946],[83.100845762,28.887113210999985],[83.096259185,28.887592344999973],[83.090875720999975,28.890996073999986],[83.07621063800002,28.891194077000023],[83.069826981,28.895386405000011],[83.067414364,28.895744148],[83.063756188000013,28.89800607],[83.062434368000027,28.897913432999985],[83.059586411999987,28.899389066000026],[83.051328739999974,28.898250729999972],[83.047729706999974,28.899222335],[83.044709625,28.898785890999989],[83.043381899999986,28.897172706],[83.040016101999981,28.897302142],[83.036422116999972,28.895909526000025],[83.034715066999979,28.897494355],[83.030686587,28.898771425],[83.030111191,28.900526754999987],[83.03314287500001,28.90520662],[83.031747156,28.90688150699998],[83.032359166999981,28.911548400000015],[83.03125763700001,28.914256320999982],[83.03161507599998,28.917962736],[83.034550648999982,28.922594479999987],[83.037346619,28.923909152000022],[83.039219307,28.926818912999977],[83.041157719000012,28.927477818999989],[83.045696394,28.931775619],[83.047939206000024,28.932244861000015],[83.052142131999972,28.935588118999988],[83.05537073,28.936939419999987],[83.067030529000021,28.946149503000015],[83.069129928999985,28.949373926000021],[83.069073839999987,28.951094579000028],[83.070879119999972,28.953056052000022],[83.072060373,28.95738386],[83.073697810999988,28.958658266999976],[83.073639028,28.960760134999987],[83.075015188,28.962183901],[83.074825918999977,28.964361634],[83.081205335,28.969067861999974],[83.084537773000022,28.974626027999989],[83.087504011000021,28.977007855000011],[83.088680945000021,28.981678443000021],[83.087370710000016,28.983505630000025],[83.087361440999985,28.990730464000023],[83.085087992000012,28.994121114999984],[83.085768807000022,28.995691169],[83.085372651,28.99675994],[83.087605721999978,28.999946556],[83.087697839999976,29.002748737],[83.092179064,29.011091288999978],[83.093733037,29.011322791],[83.096144727000024,29.013581183999975],[83.096920252000018,29.016394747999982],[83.098815763,29.018645133],[83.102902377000021,29.019597235],[83.10689632499998,29.023271271],[83.110668873,29.023424878000014],[83.120778047999977,29.027423103999979],[83.123509736000017,29.030691346000026],[83.124761623999973,29.030913783000017],[83.126294125000015,29.032978742000012],[83.126190163999979,29.034850193000011],[83.124491463000027,29.037575353000022],[83.126162664999981,29.038111766999975],[83.130309136,29.042568859000028],[83.130527993999976,29.045056008000017],[83.132763033,29.049787106999986],[83.135098758000026,29.050826235999978],[83.138057851999974,29.054156599],[83.144570164000015,29.056911822000018],[83.150295599,29.06190389],[83.151807313,29.065878922000024],[83.153221722000012,29.067090145],[83.163092688,29.052156301000025],[83.165432738999982,29.043294716999981],[83.165532727000027,29.033977076999975],[83.162646900000027,29.029312399999981],[83.160882124000011,29.020817717],[83.163875562999976,29.016144568000016],[83.170628664,29.018426340000019],[83.175095124,29.015255202],[83.178691612000023,29.016522392000013],[83.187389172999985,29.017026419],[83.189694082000017,29.012249208000014],[83.194927010000015,29.008660244999987],[83.197536539999987,29.00822701300001],[83.203374968,29.009770775],[83.20783717,29.006986539000025],[83.210859028000016,29.006174224],[83.21373481,29.006994131],[83.21639553,29.009154849000026],[83.218847520999987,29.005598341],[83.22201136000001,29.004743717999986],[83.229072879,29.005961904],[83.233365047,29.009031627000013],[83.235910938000018,29.009758975000011],[83.238846782999985,29.013145585000018],[83.241503809,29.012648609999985],[83.245817511999974,29.013933872],[83.248591133,29.011028246000024],[83.25200844,29.010023204999982],[83.259719686999972,29.011099039999976],[83.26354818599998,29.013339707],[83.266552003000015,29.01768935299998],[83.269095981000021,29.023268131],[83.270020579,29.030791453],[83.269137569,29.03404164],[83.271463723000011,29.038640190000024],[83.272447590000013,29.044661526000027],[83.27388371,29.047705456000017],[83.276566507999974,29.04895832],[83.277713367,29.054344404],[83.277178085,29.059452989000022],[83.266627633999974,29.068833645999973],[83.266174951999972,29.071619193],[83.267308624,29.077054897999972],[83.270068733000016,29.080918149000013],[83.269969921999973,29.084553812000024],[83.26842502,29.086900383999989],[83.269657516,29.091204194999989],[83.272188891999974,29.09574287800001],[83.269595343,29.100007882],[83.275259608,29.1045838],[83.276644705000024,29.108985416999985],[83.276064256999973,29.113288386000022],[83.274884929,29.115752015],[83.275240799000017,29.116653937000024],[83.272894865000012,29.119765363999988],[83.277794576000019,29.122848343999976],[83.280974908000019,29.122204517],[83.284955404000016,29.123547643],[83.288971242,29.12318098999998],[83.28988539300002,29.125012960999982],[83.290080788000012,29.13186908199998],[83.275905814,29.138975327000026],[83.266578407,29.147270666],[83.261072367999986,29.145952387000023],[83.25691903500001,29.14694448],[83.254717156000027,29.149503771000013],[83.253448430999981,29.153631371000017],[83.249824838999984,29.157660067],[83.255770209,29.164309109999976],[83.255148549000012,29.167082344],[83.253476305,29.168692605999979],[83.252831286,29.170818399999973],[83.252952667999978,29.172734100000014],[83.254505680000022,29.174078125999984],[83.254132003,29.176070061000019],[83.25514919699998,29.178112576999979],[83.255085783000027,29.180446860000018],[83.264210026,29.190505702],[83.267666933999976,29.196461581999984],[83.273862730000019,29.192861451],[83.277996262999977,29.191410836999978],[83.286486912999976,29.185853297999984],[83.29095457,29.188313142000027],[83.295780423999986,29.187889756],[83.296983624,29.188478034000013],[83.297407041999975,29.189666742999975],[83.295911683999975,29.192577764000021],[83.296173754999984,29.193488122000019],[83.299546538000016,29.190979469000013],[83.305709784999976,29.183888159],[83.309126191000018,29.181156153000018],[83.312004691000027,29.18039276899998],[83.317052929999988,29.181106595000017],[83.318023718,29.181966468999974],[83.318638826999972,29.184764346],[83.32171926,29.188957507999987],[83.325056139000026,29.191074427999979],[83.330344398000022,29.192240093],[83.337615184000015,29.191184556],[83.355646397999976,29.195635058],[83.36098066400001,29.199179502999982],[83.366591482999979,29.198342233],[83.374204154999973,29.200550276],[83.394328186999985,29.215176249000024],[83.396608077,29.217555129],[83.401242027000023,29.21986311500001],[83.403722956000024,29.222096073999978],[83.409482487,29.225151009],[83.410969371000022,29.22701848600002],[83.419292767,29.231873044999986],[83.432344643000022,29.236893855]]]}},
{"type":"Feature","properties":{"adm3_pcode":"NP0663301","adm3_name":"Chandannath","adm2_name":"Jumla","local_level_type":"urban municipality"},"geometry":{"type":"Polygon","coordinates":[[[82.141417579,29.358662287000016],[82.146640723000019,29.356348516000025],[82.149180752,29.35636724],[82.150096857,29.354094840000016],[82.151881752,29.353416367000023],[82.158220625000013,29.34753557],[82.159225762,29.343029441],[82.163667885,29.340841335],[82.170475552000028,29.339117220999981],[82.173100755,29.335932119],[82.17915517,29.333160841999984],[82.181389234,29.330240582999977],[82.18590937,29.326875901],[82.187890690000017,29.322112811000011],[82.189982615000019,29.3209597],[82.19501119,29.320371204000026],[82.19846641700002,29.316582606999987],[82.199796714,29.311229748000017],[82.202307585000028,29.306657898000026],[82.207369981999989,29.302126081999972],[82.21208844,29.300096278000012],[82.217026702999988,29.293675198000017],[82.214631027999985,29.290449149999972],[82.211367060999976,29.289179656999977],[82.208948482999972,29.281142741999986],[82.205826875000014,29.279747762999989],[82.20447485699998,29.273976904],[82.20311575,29.272976415000016],[82.205263295,29.26843943],[82.203879368,29.264599515999976],[82.204047719000016,29.261512493],[82.200699349999979,29.258921809000014],[82.194208743,29.248753594],[82.188008072,29.243082153999978],[82.185230149,29.242599283],[82.180393101,29.243580371],[82.176572459,29.242314868999983],[82.169630757999983,29.243503530999988],[82.16477749,29.243128619],[82.159541242999978,29.244367302],[82.156638166,29.242924142999982],[82.151619203,29.244054588999973],[82.133515261000014,29.24271838300001],[82.130921517,29.244515428],[82.127675948999979,29.248388520999981],[82.129275209000014,29.249520814],[82.136213293000026,29.25117845],[82.135598609,29.252115229000026],[82.134501548,29.253324475999989],[82.130405599000028,29.253733565],[82.127352138,29.25709077099998],[82.122457189999977,29.259838568000021],[82.118246941,29.26041514100001],[82.112538336,29.264184393],[82.111394398000016,29.26580210100002],[82.107064101,29.266539469],[82.103423009999972,29.271094179999977],[82.101385618999984,29.279857897999989],[82.095621873000027,29.284890033000011],[82.095348694999984,29.286295086],[82.092338165,29.289712037000015],[82.092713676000017,29.293026920999978],[82.089298837,29.295887667999978],[82.089905387999977,29.298735911],[82.093710768999983,29.303890238],[82.09393006099998,29.306606364],[82.099328397000022,29.319147714999986],[82.100499582,29.320725961],[82.106649554,29.324069614999985],[82.107240981000018,29.326935982],[82.110232176000011,29.331307058],[82.121083482000017,29.335903228],[82.129666519000011,29.338038967999978],[82.129487833999974,29.342375561999972],[82.130212191999988,29.344624864000025],[82.12646091900001,29.349668215],[82.126049874999978,29.351618214999974],[82.127051516999984,29.356603391000021],[82.124314507,29.360339002999979],[82.125993596,29.363299815],[82.141417579,29.358662287000016]]]}},
{"type":"Feature","properties":{"adm3_pcode":"NP0663401","adm3_name":"Kanaka Sundari","adm2_name":"Jumla","local_level_type":"rural municipality"},"geometry":{"type":"Polygon","coordinates":[[[82.047961806999979,29.48407654],[82.055105565000019,29.481581940000012],[82.0569223,29.479219563000015],[82.060576790000027,29.479763379000019],[82.068077808999988,29.483860170000014],[82.073159753000027,29.483165185000018],[82.076759813000024,29.48372249900001],[82.083315755,29.482318290000023],[82.090499460999979,29.475881183000013],[82.091359141999988,29.473357056],[82.091026724000017,29.471496785999989],[82.092237324999985,29.470577890000015],[82.093140896000023,29.466993300000013],[82.093222122999975,29.464353733999985],[82.095830295999974,29.462843727],[82.097629094000013,29.460614023],[82.100312541999983,29.460429455],[82.101883800999985,29.458618897],[82.106721118,29.459742550999977],[82.110698656000011,29.465142856999989],[82.115544925,29.46551502],[82.120963131,29.468205349000016],[82.124581848999981,29.46692077199998],[82.128464001999987,29.470354572000019],[82.130837813000028,29.469824657],[82.133789789,29.463118950000023],[82.139854435000018,29.461247028],[82.141440995999972,29.459830495],[82.142476158000022,29.457047457999977],[82.142533354000022,29.452955589999988],[82.145494876999976,29.447034434999978],[82.139303708999989,29.438077051999983],[82.142175096000017,29.433275417],[82.143527679999977,29.429125074000012],[82.152635665999981,29.426874543],[82.157221368000023,29.419637659999978],[82.160953909999989,29.416943778000018],[82.168768248999982,29.415346231],[82.170759455,29.416461031999972],[82.172214449000023,29.416191078],[82.17195915100001,29.410778015],[82.173600581000017,29.406063291],[82.171873058000017,29.403272648999973],[82.17154066,29.390739812],[82.170390973999986,29.389017642999988],[82.16738088,29.389292196999975],[82.166148936000013,29.388644425999985],[82.168547881,29.387459572000012],[82.171604047000017,29.376658497999983],[82.176446559,29.367765459],[82.176781797,29.362766679],[82.179319205000013,29.352824766000026],[82.177047282999979,29.345437856999979],[82.175692450999975,29.346268571999985],[82.171712477000028,29.343957914999976],[82.164645451000013,29.34350329],[82.163300182,29.341047499000013],[82.159225762,29.343029441],[82.158220625000013,29.34753557],[82.151881752,29.353416367000023],[82.150096857,29.354094840000016],[82.149180752,29.35636724],[82.146640723000019,29.356348516000025],[82.142611984999974,29.358352083],[82.125993596,29.363299815],[82.122491258000025,29.366701321999983],[82.121382555000025,29.368855605000022],[82.121669801,29.370283163000011],[82.118880166999986,29.374307811],[82.107275135,29.377174373],[82.105601948000015,29.379261090999989],[82.102054520000024,29.381221106],[82.098914340000022,29.38688571900002],[82.097689370000012,29.387450711999975],[82.089666095999974,29.38724361300001],[82.083375930999978,29.388537649],[82.078123953999977,29.385607470000025],[82.073722057,29.385546035],[82.070591609000019,29.379082153000013],[82.067051631000027,29.380283365000025],[82.06561646,29.379895630000021],[82.065028782000013,29.377067446000012],[82.063335529000028,29.376253185],[82.058867104,29.368297483999982],[82.053881848,29.365028153000026],[82.047211512999979,29.358280370999978],[82.04420113499998,29.36036557],[82.037459448999982,29.359439244999976],[82.03185313,29.360601428],[82.028785535,29.364590325],[82.022814754000024,29.366366259000017],[82.020709015000023,29.367771785],[82.017356918000019,29.367368837000015],[82.014269491999983,29.369244117],[82.011658163,29.369081279999989],[82.009470038000018,29.371687193000014],[82.006324842000026,29.371706458],[82.000743101000012,29.375165553999977],[81.993774261,29.374110238000014],[81.991924338999979,29.376729092],[81.990935908999973,29.380099450999978],[81.987664972,29.380595045],[81.981474994999985,29.384389601],[81.983312548000015,29.388135966999982],[81.978960251,29.388970949],[81.977100730000018,29.390315359999988],[81.974401947,29.394945388999986],[81.970631715000025,29.398121600000025],[81.967972060000022,29.399115406000021],[81.96544240999998,29.402153837000014],[81.961184231,29.402734969999983],[81.959626658,29.404663391999975],[81.95753395600002,29.404006235],[81.952750594,29.404771344999972],[81.950986232,29.403674233],[81.94550230599998,29.403056897999988],[81.942877733999978,29.399450883999975],[81.942360264,29.395013350999989],[81.936540748000027,29.394961895999984],[81.93224461,29.393629708],[81.929888242,29.393801782000025],[81.92941478,29.398530460000018],[81.927311426000017,29.402614049000022],[81.928461398000024,29.41223716899998],[81.930234480000024,29.414936005000015],[81.929035390000024,29.418415601],[81.929988633999983,29.428247574000011],[81.928494694,29.432550275999972],[81.930801600999985,29.437297804000025],[81.935251833999985,29.442312277999974],[81.938094418,29.443749310999976],[81.945355947,29.442552152000019],[81.958436205999988,29.443392454],[81.964242427999977,29.445770692],[81.970269426000016,29.455071476],[81.972538142000019,29.456978832],[81.972414540999978,29.459893869999974],[81.973981466999987,29.46230704300001],[81.976631280999982,29.462885341],[81.979247629999975,29.465132919999974],[81.979482474,29.468313689000013],[81.977379101,29.470185421999986],[81.979006077,29.472925190000012],[81.987306120000028,29.473407392000013],[81.99754477099998,29.470746290000022],[81.998831404999976,29.470858424000028],[82.001702842999975,29.473092319999978],[82.006040504,29.472915213000022],[82.010141956999973,29.468932581999979],[82.014168924999979,29.46145433800001],[82.017633430999979,29.465774174999979],[82.018904123000027,29.466229087999977],[82.019974621000017,29.468501205],[82.022024580999982,29.469031310999981],[82.025285961,29.468291239999985],[82.028709721999974,29.469403811],[82.034273611,29.477814234999983],[82.041041028,29.482761810999989],[82.047961806999979,29.48407654]]]}},
{"type":"Feature","properties":{"adm3_pcode":"NP0663402","adm3_name":"Sinja","adm2_name":"Jumla","local_level_type":"rural municipality"},"geometry":{"type":"Polygon","coordinates":[[[81.959626658,29.404663391999975],[81.961184231,29.402734969999983],[81.96544240999998,29.402153837000014],[81.967972060000022,29.399115406000021],[81.970631715000025,29.398121600000025],[81.974401947,29.394945388999986],[81.977100730000018,29.390315359999988],[81.978960251,29.388970949],[81.983312548000015,29.388135966999982],[81.981474994999985,29.384389601],[81.987664972,29.380595045],[81.990935908999973,29.380099450999978],[81.991924338999979,29.376729092],[81.993774261,29.374110238000014],[82.000743101000012,29.375165553999977],[82.006324842000026,29.371706458],[82.009470038000018,29.371687193000014],[82.011658163,29.369081279999989],[82.013897913999983,29.369355225],[82.016297494000014,29.367645294],[82.020709015000023,29.367771785],[82.022814754000024,29.366366259000017],[82.026101129999972,29.365747802999977],[82.029439766,29.364098067999976],[82.031217648999984,29.360840897],[82.037459448999982,29.359439244999976],[82.04420113499998,29.36036557],[82.047211512999979,29.358280370999978],[82.053881848,29.365028153000026],[82.058867104,29.368297483999982],[82.063335529000028,29.376253185],[82.065028782000013,29.377067446000012],[82.06561646,29.379895630000021],[82.067051631000027,29.380283365000025],[82.070591609000019,29.379082153000013],[82.073722057,29.385546035],[82.078123953999977,29.385607470000025],[82.083375930999978,29.388537649],[82.089666095999974,29.38724361300001],[82.098432586,29.387225869000019],[82.102054520000024,29.381221106],[82.105601948000015,29.379261090999989],[82.107275135,29.377174373],[82.118195502999981,29.374687951999988],[82.121669801,29.370283163000011],[82.121382555000025,29.368855605000022],[82.122491258000025,29.366701321999983],[82.125993596,29.363299815],[82.124314507,29.360339002999979],[82.127051516999984,29.356603391000021],[82.126049874999978,29.351618214999974],[82.12646091900001,29.349668215],[82.130212191999988,29.344624864000025],[82.129487833999974,29.342375561999972],[82.129666519000011,29.338038967999978],[82.121083482000017,29.335903228],[82.110232176000011,29.331307058],[82.107240981000018,29.326935982],[82.106649554,29.324069614999985],[82.100499582,29.320725961],[82.099328397000022,29.319147714999986],[82.09393006099998,29.306606364],[82.093710768999983,29.303890238],[82.089905387999977,29.298735911],[82.088272567999979,29.294350983000015],[82.080255052999973,29.2903313],[82.074330552999982,29.283608026000024],[82.058096633,29.284159362000025],[82.052672224,29.285442788000012],[82.047730590000015,29.281929105000017],[82.039458534,29.278504489],[82.036955577000015,29.284322911],[82.031637905000025,29.288841288000015],[82.031290575000014,29.292238592],[82.026641282000014,29.295021641],[82.024144309,29.29505210100001],[82.019635517999973,29.299965327999985],[82.017138607,29.300063282999986],[82.014003247,29.298839788],[82.009992845999989,29.299359681],[82.007708509,29.300608469],[82.001104479999981,29.300236344999973],[81.99804710799998,29.299138213999981],[81.994911822,29.300481107],[81.992953979,29.299726522000014],[81.989979687000016,29.300233556000023],[81.98556311599998,29.299542181],[81.980653217999986,29.306462279000016],[81.980893275000028,29.308278487999985],[81.982895273999986,29.31040657],[81.982032838,29.313205235],[81.984044967999978,29.318256356],[81.984353203000012,29.323351636999973],[81.9840656,29.324294295000016],[81.981131227999981,29.325418834],[81.98072255400001,29.327699992000021],[81.974513419,29.326804859],[81.970591189,29.324336593999988],[81.970453920000011,29.323090270000023],[81.966827261,29.324575891999984],[81.96484185700001,29.327211241999976],[81.964446356,29.330105716999981],[81.962569406999989,29.331014668000023],[81.955747713999983,29.337586768999984],[81.952417357,29.337657964000016],[81.94929450799998,29.339006481000013],[81.941208549,29.338977926999974],[81.935318758,29.340751676000025],[81.930401384,29.33984325199998],[81.928995719999989,29.342171827000016],[81.929704808999986,29.345629079],[81.925047485999983,29.353303295999979],[81.925358631999984,29.359812882000028],[81.927300232999983,29.363606807999986],[81.927598765000027,29.366358742999978],[81.926292793000016,29.367660226999988],[81.92678423000001,29.370740198000021],[81.926183009999988,29.380062007999982],[81.924640441,29.381631277],[81.925017118000028,29.382774488],[81.924270936000028,29.384561561999988],[81.92604508300002,29.387086727],[81.928626318999989,29.388999523999985],[81.929888242,29.393801782000025],[81.93224461,29.393629708],[81.936540748000027,29.394961895999984],[81.942360264,29.395013350999989],[81.942877733999978,29.399450883999975],[81.94550230599998,29.403056897999988],[81.950986232,29.403674233],[81.952750594,29.404771344999972],[81.95753395600002,29.404006235],[81.959626658,29.404663391999975]]]}},
{"type":"Feature","properties":{"adm3_pcode":"NP0663403","adm3_name":"Patarasi","adm2_name":"Jumla","local_level_type":"rural municipality"},"geometry":{"type":"Polygon","coordinates":[[[82.328591610999979,29.507792826000014],[82.330738627000017,29.504778515],[82.33382603299998,29.504041691999987],[82.339724163000028,29.504169581999975],[82.34566755100002,29.493928999],[82.363483627,29.490353224999978],[82.370468404,29.491221938000024],[82.371870230000013,29.493571052999982],[82.375493296,29.49679712],[82.380443214000024,29.498374172000013],[82.384563832000026,29.501899219],[82.386187742,29.501541777],[82.391423557,29.496895226],[82.393472646000021,29.490885940999988],[82.395946827999978,29.486662871000021],[82.396424892000027,29.483270383],[82.401135840999984,29.478653758],[82.401947113,29.475093163999986],[82.403550988,29.473506524000015],[82.404182693999985,29.471327985000016],[82.406809442999986,29.469024676],[82.4104393,29.46383734],[82.409286612000017,29.459174318],[82.409727807000024,29.455764079],[82.41104978300001,29.4541375],[82.411106771,29.45122296],[82.417829486000016,29.447637895000014],[82.426547703999972,29.449184319999972],[82.428842461999977,29.445564755000021],[82.432330467999975,29.443303518],[82.442144262,29.446086595999986],[82.444657549,29.448930431],[82.447886464000021,29.449991381000018],[82.45162224500001,29.457372878],[82.452695894999977,29.464447235000023],[82.462098934999972,29.47026215],[82.46570798099998,29.47143803199998],[82.471434193999983,29.474877299000013],[82.474657789999981,29.479367931000013],[82.477044901,29.479388840000013],[82.479716309000025,29.481373132999977],[82.480810562999977,29.483147111],[82.480861757000014,29.485561948999987],[82.485778145999973,29.485746193000011],[82.489228251999975,29.491246547],[82.495970288000024,29.493468942999982],[82.497975054,29.491443724000021],[82.5015396,29.483595008],[82.50014375,29.479285264],[82.500232946999972,29.475066658],[82.505518063000011,29.470687769999984],[82.505505352,29.468856314999982],[82.502056461999985,29.464965561999975],[82.501829359999988,29.459020361],[82.500205732999973,29.457678210999973],[82.502204092,29.45108373],[82.502244508,29.445590365999976],[82.504900529,29.442018551],[82.504992931,29.440068734000022],[82.507504082000025,29.437205662999986],[82.510646068000028,29.435238143999982],[82.51299529,29.420462928],[82.516330168000025,29.419471695000027],[82.519187548,29.421585103999973],[82.525373191000028,29.422305569],[82.541645816000027,29.420698529],[82.548688172000027,29.417293202],[82.552235438000025,29.414237539999988],[82.557046435000018,29.412814745999981],[82.558360783000012,29.411419395],[82.557260523000025,29.403764215000024],[82.553010399000016,29.395168198000022],[82.552503285,29.388608738000016],[82.548009875999981,29.380260319],[82.549879823000026,29.376396956],[82.557039966,29.373547267],[82.557103230999985,29.372370628],[82.560823195000012,29.367523571999982],[82.56799751,29.36539056700002],[82.568437486,29.360404222999989],[82.571795227,29.356698618999985],[82.570360638000011,29.352131957999973],[82.570421131999979,29.345754489],[82.574247636,29.341356892000022],[82.574742768000021,29.337546127999985],[82.58170953299998,29.336199486],[82.583551428000021,29.332039898],[82.590290553999978,29.326673562],[82.591156620999982,29.314217293000013],[82.588747844000011,29.306866437999986],[82.590614164999977,29.30303625800002],[82.580416018,29.295429121999973],[82.571206476999976,29.291343422000011],[82.565032958000018,29.290618709],[82.560088349000011,29.289108524000028],[82.556796526000028,29.286977795999974],[82.550389478,29.279765680000025],[82.550549961,29.276343812999983],[82.552055774,29.272289148000027],[82.551332047000017,29.269818492000013],[82.551921607,29.265882491000013],[82.54779490300001,29.26035269],[82.544482215000016,29.25787637000002],[82.540721571,29.256299459],[82.53845843900001,29.25323677199998],[82.532902050000018,29.251107760000025],[82.530132282000011,29.252101313000026],[82.525699160999977,29.250825489000022],[82.520564175,29.250741732],[82.518575951,29.247255462],[82.517893218999973,29.241541857000016],[82.512691048000022,29.241786317999981],[82.511070297,29.243498073000012],[82.510575576,29.245495380000023],[82.508900989999972,29.245544349999989],[82.50335189499998,29.244257698000013],[82.500233003,29.244468631000018],[82.496338249000019,29.243038580000018],[82.493921495999984,29.244046700000013],[82.491674753999973,29.24326436299998],[82.485840028999974,29.244251745999975],[82.473542380000026,29.241719795999984],[82.473194945999978,29.240758316999973],[82.470515148,29.239479706999987],[82.46949655100002,29.241935714000022],[82.466843929999982,29.244229211],[82.462932135000017,29.241852060999975],[82.46148875199998,29.239492945999984],[82.456828824000013,29.23628936],[82.447044103999986,29.232597618],[82.442917685,29.234838847],[82.426991505999979,29.236669688],[82.423077889000012,29.237886453999977],[82.417318455999975,29.236258393000014],[82.413094343000012,29.233080125000015],[82.406351469000015,29.232084428],[82.401827642,29.232355211000026],[82.391498574000025,29.227886845],[82.387603371000012,29.230196260000014],[82.384165651999979,29.230155148999984],[82.380582726,29.229017139],[82.378447482000013,29.230760069999974],[82.371401164000019,29.232289509999987],[82.369283595000013,29.234553081],[82.360070455000027,29.238751928999989],[82.35844429399998,29.242331947000025],[82.353518536000024,29.245178672],[82.350856925000016,29.250228414],[82.344876574000011,29.255566391],[82.345287005999978,29.259367107],[82.344597506000014,29.264216459000011],[82.342440432999979,29.267046102999984],[82.341410059999987,29.270877107],[82.339012399000012,29.27347233],[82.336352805,29.274484570000027],[82.334604750999972,29.276651469],[82.330688929000019,29.278851206000013],[82.323079382,29.280004858999973],[82.319660133000014,29.281432552000012],[82.308462458,29.275651546],[82.294717584000011,29.272381956],[82.283150910000018,29.26595719300002],[82.278365151,29.267814262],[82.270988744000022,29.273033791999978],[82.264760576000015,29.280377956],[82.2615472,29.280412841999976],[82.257148642,29.282096308],[82.255284605999975,29.284188836],[82.252521457,29.285504859000014],[82.244035442999973,29.284675247],[82.234462136,29.287283364000018],[82.22785633,29.291521370999988],[82.225954951,29.29540017],[82.222413427999982,29.29898728500001],[82.218152316999976,29.296003811999981],[82.217026702999988,29.293675198000017],[82.21208844,29.300096278000012],[82.207369981999989,29.302126081999972],[82.202307585000028,29.306657898000026],[82.199796714,29.311229748000017],[82.19846641700002,29.316582606999987],[82.19501119,29.320371204000026],[82.189061483999978,29.321310714999981],[82.187231075,29.323093022000023],[82.18590937,29.326875901],[82.181389234,29.330240582999977],[82.17915517,29.333160841999984],[82.173100755,29.335932119],[82.170475552000028,29.339117220999981],[82.163300182,29.341047499000013],[82.164645451000013,29.34350329],[82.171712477000028,29.343957914999976],[82.175692450999975,29.346268571999985],[82.177047282999979,29.345437856999979],[82.179319205000013,29.352824766000026],[82.176781797,29.362766679],[82.176446559,29.367765459],[82.171604047000017,29.376658497999983],[82.168547881,29.387459572000012],[82.166148936000013,29.388644425999985],[82.16738088,29.389292196999975],[82.170390973999986,29.389017642999988],[82.17154066,29.390739812],[82.171873058000017,29.403272648999973],[82.173600581000017,29.406063291],[82.17195915100001,29.410778015],[82.172214449000023,29.416191078],[82.176965585,29.414417001],[82.178500284,29.41263519],[82.180509429999972,29.407107359],[82.183130151,29.406263164],[82.185375156000021,29.40627251],[82.189713693999977,29.409220049],[82.19431153,29.411078008],[82.2004243,29.40883755599998],[82.203559865999978,29.409226504],[82.204924464999976,29.410592211],[82.21000633,29.410769457000015],[82.213632347999976,29.406845875999977],[82.215382837999982,29.407948611],[82.217244790999985,29.413371698],[82.222149823999985,29.418996935],[82.222508097,29.421810616000016],[82.223524929,29.423307930000021],[82.223308029,29.426111165],[82.22198253900001,29.428428366999981],[82.22452808700001,29.430581454999981],[82.230113749999987,29.431174983],[82.234215828,29.433654126000022],[82.236711297,29.437063658999989],[82.239570496999988,29.438802977000023],[82.247296549,29.43332691400002],[82.256014205999975,29.437940802000014],[82.258364388000018,29.437760729],[82.261117771999977,29.440490765999982],[82.262344301999974,29.443149538],[82.266664552,29.44494656],[82.267773216000023,29.444791716],[82.270144072,29.441958952],[82.275997150000023,29.441869110000027],[82.283317867999983,29.443492569999989],[82.286730514999988,29.440967418000014],[82.293590553,29.442263213],[82.295074436,29.444271797999988],[82.295211918,29.447389697],[82.298017325999979,29.448494574999984],[82.298822249000011,29.450033943],[82.296237822000023,29.454711968000026],[82.29625854,29.456238639999981],[82.301231264000023,29.461169943000016],[82.301679263999972,29.464408773],[82.298998137000012,29.470468106],[82.304343992999975,29.475573836000024],[82.306103318,29.478650889],[82.301495885,29.481880644],[82.301668076,29.483656169000028],[82.300717163,29.485846386999981],[82.302098747,29.491076609],[82.300428043000011,29.493988812999987],[82.304541974000017,29.494298096000023],[82.309977731,29.503868286],[82.314564836999978,29.504747711999983],[82.316811495000024,29.506568076],[82.328591610999979,29.507792826000014]]]}},
{"type":"Feature","properties":{"adm3_pcode":"NP0663404","adm3_name":"Hima","adm2_name":"Jumla","local_level_type":"rural municipality"},"geometry":{"type":"Polygon","coordinates":[[[81.935318758,29.340751676000025],[81.941208549,29.338977926999974],[81.94929450799998,29.339006481000013],[81.952417357,29.337657964000016],[81.955747713999983,29.337586768999984],[81.962569406999989,29.331014668000023],[81.964446356,29.330105716999981],[81.96484185700001,29.327211241999976],[81.966827261,29.324575891999984],[81.970453920000011,29.323090270000023],[81.970591189,29.324336593999988],[81.974513419,29.326804859],[81.98072255400001,29.327699992000021],[81.981131227999981,29.325418834],[81.9840656,29.324294295000016],[81.984353203000012,29.323351636999973],[81.984044967999978,29.318256356],[81.982032838,29.313205235],[81.982895273999986,29.31040657],[81.980893275000028,29.308278487999985],[81.980653217999986,29.306462279000016],[81.98556311599998,29.299542181],[81.989979687000016,29.300233556000023],[81.992953979,29.299726522000014],[81.994911822,29.300481107],[81.99804710799998,29.299138213999981],[82.001104479999981,29.300236344999973],[82.007708509,29.300608469],[82.009992845999989,29.299359681],[82.014003247,29.298839788],[82.017138607,29.300063282999986],[82.019635517999973,29.299965327999985],[82.024144309,29.29505210100001],[82.026641282000014,29.295021641],[82.031290575000014,29.292238592],[82.031637905000025,29.288841288000015],[82.036955577000015,29.284322911],[82.039458534,29.278504489],[82.036761453999986,29.275735332000011],[82.029423464999979,29.275329637000027],[82.019872527000018,29.278109551],[82.017584156999987,29.277838294],[82.011296464999987,29.273916252999982],[82.008058107000011,29.273248267999975],[82.003750062,29.273679915],[82.001770105999981,29.269161118999989],[81.997472023,29.264970882999989],[81.99259669700001,29.264504167999974],[81.988359140999989,29.261666494999986],[81.985199318000014,29.261890615000027],[81.977536588000021,29.260013803],[81.974982108,29.25754687],[81.974558199,29.255840209999974],[81.971037586000023,29.254138066999985],[81.966639396,29.249633984000013],[81.96364802,29.248175951],[81.963537133999978,29.246291063],[81.956829288,29.243567155],[81.950548633999972,29.237555685000018],[81.94797451,29.236247707000018],[81.944488778,29.230728107],[81.942893805999972,29.230802514],[81.941641317,29.229313634],[81.936956932999976,29.227291692],[81.926496376999978,29.219801548000021],[81.914363872000024,29.208433303999982],[81.910453539,29.20132322],[81.908735628999978,29.205701788],[81.907624226,29.205244689999972],[81.906067048000011,29.206141646999981],[81.902840598000012,29.210252906],[81.901233875,29.213791491],[81.898988696,29.213066775000016],[81.894203646999983,29.213858943999981],[81.889633367999977,29.218610500000011],[81.886605643,29.219347825],[81.885210679000011,29.220911159000025],[81.880361929,29.222801788000027],[81.875398964,29.227072631999988],[81.871790458000021,29.227141317000019],[81.869816567999976,29.225498635],[81.868629477000013,29.22569572499998],[81.865269662,29.23025587799998],[81.86509897000002,29.231745612],[81.860876166000025,29.235402148],[81.861172459999977,29.237543077999987],[81.858997317999979,29.240915670999982],[81.854938108999988,29.241656729999988],[81.84980344500002,29.244459333],[81.84983828999998,29.249141773000019],[81.846171299,29.258688205999988],[81.846755694000024,29.263349093999977],[81.847749940000028,29.266317957000012],[81.85357351,29.266801933000011],[81.854519126000014,29.270386802000019],[81.858405829,29.271257339999977],[81.859534326000016,29.273160615999984],[81.862374575999979,29.272476907999987],[81.865629936,29.272900229000015],[81.867984947000025,29.271878921],[81.873775103000014,29.271347241],[81.876164152,29.271399208999981],[81.879246954,29.27277068799998],[81.880484572,29.274140703],[81.880329669,29.280019842],[81.882419906,29.285460053],[81.892255623999972,29.292132200000026],[81.897080862,29.297583138],[81.898742572,29.300968909],[81.897113446,29.30616765100001],[81.895774039,29.307575126000017],[81.897431872000027,29.307710638],[81.898629664999987,29.310037064000028],[81.900925959,29.310998257999984],[81.904359426999974,29.314320124],[81.906297908,29.317807577999986],[81.907294069999978,29.321887898999989],[81.914645805000021,29.322424206],[81.920936301999973,29.32672514799998],[81.927006425,29.329229691000023],[81.930190297000024,29.332829963999984],[81.930846055000018,29.337575532000017],[81.929899948000013,29.340119656000013],[81.93180557,29.339763528999981],[81.935318758,29.340751676000025]]]}},
{"type":"Feature","properties":{"adm3_pcode":"NP0663405","adm3_name":"Tila","adm2_name":"Jumla","local_level_type":"rural municipality"},"geometry":{"type":"Polygon","coordinates":[[[82.018665317,29.278100721999976],[82.029423464999979,29.275329637000027],[82.036761453999986,29.275735332000011],[82.035326476000023,29.271833112000024],[82.032930161000024,29.269404364000025],[82.03144491,29.260402678999981],[82.028446429999974,29.254568114999984],[82.028720293,29.249996356999986],[82.027118189000021,29.247249963],[82.026878335,29.244542960999979],[82.024150593,29.240706902999989],[82.024039102000017,29.237768736000021],[82.025496077000014,29.235202059000017],[82.025341777,29.232300327000019],[82.030051031000028,29.224671917000023],[82.030732245000024,29.221632958999976],[82.030199738000022,29.219230299],[82.031785018,29.216168669000012],[82.033467605999988,29.215889532],[82.029079170999978,29.21104679299998],[82.030603160999988,29.20719836],[82.029529276,29.20560293],[82.037427622,29.203047283999979],[82.039411512000015,29.201123677999988],[82.043140972,29.199531631000013],[82.045166494999989,29.196912839999982],[82.047226887000022,29.197742543],[82.054385034,29.197817203999989],[82.061466909999979,29.192923012],[82.062016036999978,29.192203649000021],[82.061755018999975,29.188452494999979],[82.059572421999974,29.182982032999973],[82.059892244000025,29.176839857],[82.061433422999983,29.172815003999972],[82.063432406,29.172517185],[82.064430976999972,29.171476234000011],[82.063189443999988,29.169018506999976],[82.059457883999983,29.166014292999989],[82.050098245000015,29.161516012],[82.039175269999987,29.153005141999984],[82.036065883999981,29.149589476000017],[82.034399936,29.148923450999973],[82.031902984,29.144542134],[82.029762371,29.142837510999982],[82.025344817000018,29.13453021700002],[82.024424880000026,29.131264381],[82.018397176,29.126032216999988],[82.016269173000012,29.121688276999976],[82.020591798999988,29.116878097999972],[82.020286164000026,29.11304138700001],[82.01900409000001,29.109606873000018],[82.019937303,29.104822394999985],[82.017503373000011,29.102100361999987],[82.017564979999975,29.099359242],[82.016559228,29.096779778999974],[82.014559415,29.094694942999979],[82.009846630000027,29.097430433],[82.002281552,29.099905218],[81.998050325,29.102763018000019],[81.997261894000019,29.101424566],[81.988328202,29.10661320600002],[81.980756277000012,29.107667998000011],[81.975199654999983,29.111234087000014],[81.972501615,29.116243020000013],[81.964871370000026,29.121468049999976],[81.960788594,29.125850709000019],[81.957655419,29.12796184299998],[81.947799990000021,29.129200335],[81.947548055000027,29.13085774000001],[81.949030831000016,29.135376528999984],[81.948260903,29.137145853],[81.949939883000013,29.139242996],[81.950053003,29.142041362999976],[81.948431041,29.145115928999985],[81.945446033999986,29.147219002999975],[81.943955820999975,29.149401716],[81.936034136999979,29.150192591],[81.935868427,29.152532807999989],[81.934670755000013,29.153779487],[81.929968812000027,29.154897189999986],[81.926346763000026,29.157250106999982],[81.92343871700001,29.157484418000024],[81.921243844,29.156728144],[81.917466395000019,29.158102899000028],[81.913494902000025,29.156650351],[81.910123531000011,29.157604901000013],[81.903554123,29.157175659000018],[81.902619945000026,29.16010074899998],[81.900375767000014,29.162599297999975],[81.900208754,29.16451093],[81.897771503,29.165659538],[81.895716305,29.167809433],[81.894554557999982,29.172761519],[81.895655724999983,29.175851121999983],[81.901293457,29.182406470999979],[81.901564398,29.183624986999973],[81.900711109999975,29.185175829],[81.903207775999988,29.184827397999982],[81.906480928,29.186188007],[81.908109672000023,29.187992737],[81.908495543000015,29.192099799],[81.910068508,29.195786103999978],[81.910453539,29.20132322],[81.913017465999985,29.206565833000013],[81.926496376999978,29.219801548000021],[81.936956932999976,29.227291692],[81.941641317,29.229313634],[81.942893805999972,29.230802514],[81.944488778,29.230728107],[81.94797451,29.236247707000018],[81.950548633999972,29.237555685000018],[81.956829288,29.243567155],[81.963537133999978,29.246291063],[81.96364802,29.248175951],[81.966639396,29.249633984000013],[81.971037586000023,29.254138066999985],[81.974558199,29.255840209999974],[81.974982108,29.25754687],[81.977536588000021,29.260013803],[81.985199318000014,29.261890615000027],[81.988359140999989,29.261666494999986],[81.99259669700001,29.264504167999974],[81.997472023,29.264970882999989],[82.001770105999981,29.269161118999989],[82.003750062,29.273679915],[82.008058107000011,29.273248267999975],[82.011296464999987,29.273916252999982],[82.018665317,29.278100721999976]]]}},
{"type":"Feature","properties":{"adm3_pcode":"NP0663406","adm3_name":"Tatopani","adm2_name":"Jumla","local_level_type":"rural municipality"},"geometry":{"type":"Polygon","coordinates":[[[82.09684904300002,29.283560423999972],[82.101385618999984,29.279857897999989],[82.103423009999972,29.271094179999977],[82.107064101,29.266539469],[82.111394398000016,29.26580210100002],[82.112538336,29.264184393],[82.118246941,29.26041514100001],[82.122457189999977,29.259838568000021],[82.127352138,29.25709077099998],[82.130405599000028,29.253733565],[82.134501548,29.253324475999989],[82.135598609,29.252115229000026],[82.136213293000026,29.25117845],[82.129275209000014,29.249520814],[82.127675948999979,29.248388520999981],[82.130921517,29.244515428],[82.133515261000014,29.24271838300001],[82.151619203,29.244054588999973],[82.156638166,29.242924142999982],[82.159541242999978,29.244367302],[82.16477749,29.243128619],[82.169630757999983,29.243503530999988],[82.176572459,29.242314868999983],[82.180393101,29.243580371],[82.185230149,29.242599283],[82.188008072,29.243082153999978],[82.192993313999978,29.240703323999981],[82.194694847,29.236689160000026],[82.196348515000011,29.235704463],[82.19660202,29.233620410000015],[82.199151501000017,29.232839707999972],[82.200997719999975,29.231068400000026],[82.207097832999978,29.230740583],[82.208523453999987,29.22732867000002],[82.211444642,29.226086517],[82.212466491999976,29.220172393999974],[82.219912277,29.217603429],[82.22303051199998,29.215723149999974],[82.222232336,29.211023262000026],[82.222556289000011,29.207937054000013],[82.225567892000015,29.20074157800002],[82.226646598,29.192187949000015],[82.231032820999985,29.188455423999983],[82.237543228999982,29.186133171999984],[82.241143170999976,29.186420075],[82.244040632,29.184137704000022],[82.244484780999983,29.183035188000019],[82.242757055000027,29.18101453700001],[82.239820267000027,29.174518846000012],[82.243062645,29.17092054],[82.244442941999978,29.161939956000026],[82.247338569000021,29.160843976000024],[82.253997661000028,29.160885507999978],[82.256348898,29.161201826000024],[82.257470286,29.162237808999976],[82.256702037000025,29.157919011],[82.258062442999972,29.156426668999984],[82.269300983,29.155964254000025],[82.273132119000024,29.154297214999985],[82.269445854000026,29.148677680999981],[82.269262829000013,29.144813537],[82.271869571000025,29.13972073399998],[82.275742284999978,29.136950300000024],[82.275859116,29.135228211000026],[82.273729237999987,29.130940513999974],[82.278068463000011,29.127443839000023],[82.272404881999989,29.12305885],[82.264405752000016,29.121415883],[82.26508872,29.115042171000027],[82.26636806800002,29.113906858],[82.269614687,29.113912218],[82.264983574999974,29.110331418999976],[82.262567214,29.107106306999981],[82.253982081,29.109866361],[82.246199495999974,29.104343008],[82.236526747000028,29.101222967000012],[82.234240231,29.102010923000023],[82.232430737000016,29.104799575000015],[82.228693167000017,29.105654878],[82.225086244000011,29.104372881000018],[82.225542964999988,29.099402097999985],[82.224577231000012,29.09565318],[82.223711633999983,29.093795778000015],[82.219702562,29.090158057],[82.215900217000012,29.089452752999989],[82.211406501,29.087050659],[82.204620611999985,29.090267261],[82.203138527000021,29.089017543000011],[82.200935516000015,29.088928956000018],[82.201936505999981,29.082309021000015],[82.203383404000022,29.08054126899998],[82.19835029,29.073289617],[82.194565254999986,29.072691803],[82.191086589,29.070198796],[82.187921839000012,29.066523215000018],[82.18377342399998,29.065490749999981],[82.180515062999973,29.061788794999984],[82.177275066,29.06511031399998],[82.173003014000017,29.06555821],[82.171768032999978,29.066802827],[82.171002086999977,29.069441758999972],[82.167357649,29.069265971999982],[82.166829740000026,29.064969298999983],[82.162685438999972,29.061139093],[82.158306521999975,29.058504148],[82.156551163000017,29.053841240999986],[82.15465257,29.052608014999976],[82.150752098,29.052785879],[82.150289902999987,29.049884640000016],[82.147724098000026,29.048133764999989],[82.14950285499998,29.041579647999981],[82.1478391,29.040605901999982],[82.146784544000013,29.037971379999988],[82.146575300999984,29.032510194999986],[82.144283942000015,29.031627492999974],[82.138465607,29.031735586000025],[82.137548711000022,29.029505841],[82.131913656,29.026704581],[82.129873503,29.023060951],[82.12824293,29.022086704],[82.125344949,29.015513457999987],[82.120556592000014,29.016047464],[82.118607574,29.014435148000018],[82.118728041999987,29.011982315000012],[82.11742700100001,29.006965447000027],[82.119805376999977,29.003077279000024],[82.12161498,28.997799857000018],[82.123583006,28.995503035000013],[82.122907929,28.994525241000019],[82.120580829,28.993439432],[82.117928243999984,28.99387429],[82.11351758,28.991258281],[82.109377349,28.990286436000019],[82.105062926000016,28.987581498],[82.103854629000011,28.985529795],[82.100160404,28.984364599],[82.097153419,28.981959903000018],[82.096460902,28.977957327000013],[82.094584897,28.975193678999972],[82.095226389,28.97435839100001],[82.089735010000027,28.974348876000022],[82.084616725999979,28.973273713000026],[82.078252041999974,28.969316610000021],[82.072313193000014,28.971021991999976],[82.070164879,28.973317310000027],[82.068035400999975,28.974333435],[82.062863849,28.974622582999984],[82.057460822,28.978567388999977],[82.049130409999975,28.981064162999985],[82.045988925000017,28.986319443000014],[82.042864232,28.989258],[82.044394727999986,28.995085983000024],[82.042552318999981,28.996848355],[82.041560598,28.999269554000023],[82.044319893000022,29.003403024000022],[82.040867434,29.006335078],[82.039175559,29.011881227],[82.034455709999975,29.014757455],[82.033337517,29.016561519999982],[82.028025452,29.018555633],[82.025882014999979,29.020705841],[82.016603354999972,29.023356836],[82.01481809400002,29.026864296999975],[82.01154767700001,29.029546063999987],[82.011404643,29.032310306],[82.013053667,29.0357287],[82.012460346000012,29.037197054999979],[82.014012665999985,29.038843238000027],[82.014135941,29.043258892999972],[82.01559570500001,29.045273351999981],[82.015616256999976,29.049013006],[82.017210240999987,29.051615226000024],[82.013326510000013,29.055443063999974],[82.016661388999978,29.060957600999984],[82.014079378000019,29.063650065],[82.012166,29.067713347],[82.012918834,29.071054985999979],[82.012032436000027,29.072045132000028],[82.013044010999977,29.074006589000021],[82.015443749999974,29.073848639],[82.017750026999977,29.07560182200001],[82.018281295,29.080801534999978],[82.019314356999985,29.083297381000023],[82.016982010999982,29.091976605000013],[82.014559415,29.094694942999979],[82.016559228,29.096779778999974],[82.017564979999975,29.099359242],[82.017503373000011,29.102100361999987],[82.019937303,29.104822394999985],[82.01900409000001,29.109606873000018],[82.020286164000026,29.11304138700001],[82.020591798999988,29.116878097999972],[82.016269173000012,29.121688276999976],[82.018397176,29.126032216999988],[82.024424880000026,29.131264381],[82.025344817000018,29.13453021700002],[82.029762371,29.142837510999982],[82.031902984,29.144542134],[82.034399936,29.148923450999973],[82.036065883999981,29.149589476000017],[82.039175269999987,29.153005141999984],[82.050098245000015,29.161516012],[82.059457883999983,29.166014292999989],[82.063189443999988,29.169018506999976],[82.064430976999972,29.171476234000011],[82.063432406,29.172517185],[82.061433422999983,29.172815003999972],[82.059892244000025,29.176839857],[82.059572421999974,29.182982032999973],[82.061755018999975,29.188452494999979],[82.062016036999978,29.192203649000021],[82.061466909999979,29.192923012],[82.054385034,29.197817203999989],[82.047226887000022,29.197742543],[82.045166494999989,29.196912839999982],[82.043140972,29.199531631000013],[82.039411512000015,29.201123677999988],[82.037427622,29.203047283999979],[82.029529276,29.20560293],[82.030603160999988,29.20719836],[82.029079170999978,29.21104679299998],[82.033467605999988,29.215889532],[82.031785018,29.216168669000012],[82.030199738000022,29.219230299],[82.030732245000024,29.221632958999976],[82.030051031000028,29.224671917000023],[82.025341777,29.232300327000019],[82.025496077000014,29.235202059000017],[82.024005956999986,29.239029868999978],[82.024150593,29.240706902999989],[82.026878335,29.244542960999979],[82.027118189000021,29.247249963],[82.028720293,29.249996356999986],[82.028446429999974,29.254568114999984],[82.03144491,29.260402678999981],[82.031474780999986,29.263639129000012],[82.033124686,29.269942005000019],[82.035326476000023,29.271833112000024],[82.036697651999987,29.275659151000013],[82.039429477,29.278488928],[82.047730590000015,29.281929105000017],[82.051726982,29.285156987999983],[82.05989039100001,29.28401434],[82.074330552999982,29.283608026000024],[82.080255052999973,29.2903313],[82.087580737,29.293774713],[82.089298837,29.295887667999978],[82.092713676000017,29.293026920999978],[82.092338165,29.289712037000015],[82.09684904300002,29.283560423999972]]]}},
{"type":"Feature","properties":{"adm3_pcode":"NP0663407","adm3_name":"Guthichaur","adm2_name":"Jumla","local_level_type":"rural municipality"},"geometry":{"type":"Polygon","coordinates":[[[82.244035442999973,29.284675247],[82.252521457,29.285504859000014],[82.255284605999975,29.284188836],[82.257148642,29.282096308],[82.2615472,29.280412841999976],[82.264760576000015,29.280377956],[82.270988744000022,29.273033791999978],[82.278365151,29.267814262],[82.283150910000018,29.26595719300002],[82.294717584000011,29.272381956],[82.308462458,29.275651546],[82.319660133000014,29.281432552000012],[82.323079382,29.280004858999973],[82.330688929000019,29.278851206000013],[82.334604750999972,29.276651469],[82.336352805,29.274484570000027],[82.339012399000012,29.27347233],[82.341410059999987,29.270877107],[82.342440432999979,29.267046102999984],[82.344597506000014,29.264216459000011],[82.345287005999978,29.259367107],[82.344876574000011,29.255566391],[82.350856925000016,29.250228414],[82.353518536000024,29.245178672],[82.35844429399998,29.242331947000025],[82.360220749,29.238648940000019],[82.369283595000013,29.234553081],[82.371401164000019,29.232289509999987],[82.378447482000013,29.230760069999974],[82.380582726,29.229017139],[82.384165651999979,29.230155148999984],[82.387603371000012,29.230196260000014],[82.391498574000025,29.227886845],[82.401827642,29.232355211000026],[82.406351469000015,29.232084428],[82.413094343000012,29.233080125000015],[82.417318455999975,29.236258393000014],[82.423077889000012,29.237886453999977],[82.426991505999979,29.236669688],[82.442917685,29.234838847],[82.447044103999986,29.232597618],[82.456828824000013,29.23628936],[82.46148875199998,29.239492945999984],[82.462932135000017,29.241852060999975],[82.466843929999982,29.244229211],[82.46949655100002,29.241935714000022],[82.470515148,29.239479706999987],[82.473194945999978,29.240758316999973],[82.473542380000026,29.241719795999984],[82.485840028999974,29.244251745999975],[82.491674753999973,29.24326436299998],[82.493921495999984,29.244046700000013],[82.496338249000019,29.243038580000018],[82.500233003,29.244468631000018],[82.50335189499998,29.244257698000013],[82.508900989999972,29.245544349999989],[82.510575576,29.245495380000023],[82.511070297,29.243498073000012],[82.512691048000022,29.241786317999981],[82.517683810999984,29.241462860000013],[82.518575951,29.247255462],[82.520564175,29.250741732],[82.525699160999977,29.250825489000022],[82.531223136,29.252004963],[82.532902050000018,29.251107760000025],[82.530832853,29.250002456],[82.531972686000017,29.247488955999984],[82.534383792000028,29.247680100000025],[82.537894838,29.246367524999982],[82.540122460000021,29.243809483],[82.539057797,29.240419343999974],[82.534028619000026,29.236582059999989],[82.535753724000017,29.232020321999983],[82.538558801000022,29.230970711999987],[82.542999840999983,29.226785791999987],[82.545066196999983,29.219870776999983],[82.543754079999985,29.215819382],[82.545602649999978,29.212174498000024],[82.549689498000021,29.207550237000021],[82.554013903999987,29.20458614],[82.558046983999986,29.204440214999977],[82.56217725800002,29.203235139000014],[82.570324974000016,29.196292406],[82.575187078,29.195516489],[82.579452538999988,29.193358316],[82.582085485,29.190587299000015],[82.582024948000026,29.189777],[82.578861315999973,29.183435038000027],[82.578376513000023,29.179918231999977],[82.573417155000016,29.175187782000023],[82.571400743000027,29.171970424],[82.569765034999989,29.171601122000027],[82.567648851,29.173378298999978],[82.564399214,29.171094836],[82.560751526,29.170902362],[82.557057739000015,29.16653671],[82.552685054,29.164852049999979],[82.542067154999984,29.163295784000013],[82.530924473000027,29.163789757000018],[82.528277549999984,29.162274358],[82.523231572999975,29.161064081],[82.514353872000015,29.156310824],[82.511849461,29.156404527],[82.503011218999973,29.159944191000022],[82.488440044000015,29.161672313],[82.481925574,29.160727364000024],[82.473691968000026,29.162692433000018],[82.472150283000019,29.163685943000019],[82.467346201,29.162949314],[82.460716972,29.156839717000025],[82.454985201999989,29.156198441000015],[82.449637836000022,29.157817148999982],[82.446231303,29.157630677999975],[82.442725637000024,29.155358959000012],[82.440595436000024,29.151707892],[82.433087189999981,29.146149856000022],[82.434275234999973,29.141973697000026],[82.434202801000026,29.139116898999987],[82.430791326000019,29.139171406],[82.427164792999974,29.137333582999986],[82.420583002,29.137279428],[82.416964703000019,29.13616297599998],[82.415598523000028,29.132496608],[82.416986246000022,29.127386914999988],[82.416212384,29.125694496999984],[82.413534169,29.123320802000023],[82.415767948,29.122318366],[82.417977201999975,29.119480223999972],[82.416669979,29.114340430000027],[82.41806598300002,29.110784656000021],[82.416640874,29.107105413],[82.414899822,29.105898997],[82.415536235,29.099437293],[82.411711395,29.095503537000013],[82.402536762000011,29.099001014],[82.397529878,29.102386750999983],[82.395907468000019,29.102672074999987],[82.395451548999972,29.101666350000016],[82.392329272999973,29.102373112],[82.387925429,29.1058516],[82.380396860000019,29.107496834000017],[82.372597489999976,29.1103827],[82.366690979999987,29.110479103999978],[82.359970071000021,29.114266714999985],[82.355579675,29.113851064000016],[82.35486292500002,29.115701006999984],[82.352331567000022,29.116475396999988],[82.345227221000016,29.116483664999976],[82.342726098000014,29.114600614999972],[82.337382564,29.115204355],[82.32949808,29.111665002999985],[82.323049178000019,29.109983063000016],[82.317000235000023,29.110850079999977],[82.314381218,29.113938754],[82.301268204,29.119714338],[82.286780233,29.116791267999986],[82.285529984,29.115860461000011],[82.282811874,29.124502432999975],[82.27380529200002,29.130806714000016],[82.275859116,29.135228211000026],[82.275742284999978,29.136950300000024],[82.271926565,29.13965930400002],[82.269744737,29.14294815400001],[82.269377804999976,29.14847307399998],[82.273132119000024,29.154297214999985],[82.269300983,29.155964254000025],[82.258062442999972,29.156426668999984],[82.256702037000025,29.157919011],[82.257470286,29.162237808999976],[82.256348898,29.161201826000024],[82.253997661000028,29.160885507999978],[82.247338569000021,29.160843976000024],[82.244442941999978,29.161939956000026],[82.243062645,29.17092054],[82.239820267000027,29.174518846000012],[82.242757055000027,29.18101453700001],[82.244484780999983,29.183035188000019],[82.241143170999976,29.186420075],[82.237543228999982,29.186133171999984],[82.231466891000025,29.188266509000016],[82.226646598,29.192187949000015],[82.225567892000015,29.20074157800002],[82.222556289000011,29.207937054000013],[82.222232336,29.211023262000026],[82.22303051199998,29.215723149999974],[82.219912277,29.217603429],[82.212466491999976,29.220172393999974],[82.211444642,29.226086517],[82.208523453999987,29.22732867000002],[82.207097832999978,29.230740583],[82.200997719999975,29.231068400000026],[82.199151501000017,29.232839707999972],[82.19660202,29.233620410000015],[82.196348515000011,29.235704463],[82.194694847,29.236689160000026],[82.192993313999978,29.240703323999981],[82.188008072,29.243082153999978],[82.194208743,29.248753594],[82.200699349999979,29.258921809000014],[82.204047719000016,29.261512493],[82.203879368,29.264599515999976],[82.205263295,29.26843943],[82.20311575,29.272976415000016],[82.20447485699998,29.273976904],[82.205826875000014,29.279747762999989],[82.208948482999972,29.281142741999986],[82.211367060999976,29.289179656999977],[82.214631027999985,29.290449149999972],[82.218152316999976,29.296003811999981],[82.221102864999978,29.298536870000021],[82.222413427999982,29.29898728500001],[82.224021295999989,29.297716176999984],[82.22785633,29.291521370999988],[82.234462136,29.287283364000018],[82.244035442999973,29.284675247]]]}},
{"type":"Feature","properties":{"adm3_pcode":"NP0664301","adm3_name":"Raskot","adm2_name":"Kalikot","local_level_type":"urban municipality"},"geometry":{"type":"Polygon","coordinates":[[[81.64762995000001,29.321388142999979],[81.652836047999983,29.321547703000022],[81.656118384000024,29.319623365999973],[81.664244967,29.319276388999981],[81.668409939000014,29.316993223999987],[81.669928109000011,29.316834511000025],[81.672171156,29.318014183],[81.673489051999979,29.317247398],[81.673183052000013,29.312780497],[81.675493494000023,29.305638758999976],[81.672283279,29.300464756999986],[81.672508605000019,29.298140288000013],[81.671678514,29.295654258000013],[81.672435254,29.294008298],[81.672478467000019,29.288921647],[81.674955226,29.283666985000025],[81.672129685000016,29.279760932999977],[81.674515112,29.27620079899998],[81.674435495000012,29.2730884],[81.671016415,29.268849182999986],[81.66711748900002,29.266642333],[81.666831146,29.263650545000019],[81.668261651000023,29.259623815],[81.670483702000013,29.257291626999972],[81.672612970999978,29.257400459],[81.674218462,29.256185594999977],[81.676426525000011,29.256738325000015],[81.678433976,29.254756789],[81.681301841999982,29.254338368999981],[81.682568409,29.251494338999976],[81.681661997999981,29.249987716000021],[81.682255962999989,29.247534953000013],[81.68348519,29.246434697999973],[81.679083656999978,29.243576651000012],[81.677559244,29.243410708],[81.674879724,29.240631740000026],[81.667111751,29.235724023999978],[81.66485861000001,29.23299462],[81.661134784000012,29.23079121],[81.657062729000017,29.22668116],[81.651810193000017,29.223497067999972],[81.648535700000025,29.220267072000013],[81.641443918,29.220283157999972],[81.638689995999982,29.219552],[81.633829606,29.215704351],[81.633170592,29.217983378999975],[81.630197684,29.221475762000011],[81.619995791,29.230252925],[81.619217897999988,29.236985100000027],[81.618106334,29.238501629999973],[81.617776272000015,29.240921275],[81.618488666000019,29.244775177],[81.617686725,29.247537533000013],[81.610714315999985,29.250206499],[81.608879795,29.251405861000023],[81.608762160000026,29.252831975999982],[81.606459541,29.2526259],[81.604231256,29.254036736999979],[81.601233878000016,29.259506747999978],[81.610897826999974,29.271887169000024],[81.614081340999974,29.27465601900002],[81.615321692,29.276955634999979],[81.61730115,29.278092368999978],[81.623629204,29.285858549000011],[81.634288917999982,29.293418933999988],[81.631773034,29.29561888],[81.622331517000021,29.298757953],[81.617747528999985,29.298192754000013],[81.616395298999976,29.297017031],[81.616439104,29.300454461000015],[81.619576323999979,29.302519626],[81.622642902999985,29.305967849000012],[81.624689928,29.306357529000024],[81.622329979000028,29.307525699],[81.620940174,29.31070132100001],[81.61716373500002,29.315033863],[81.616905673000019,29.316850878000025],[81.617566464,29.316523041999972],[81.623455756999988,29.321363362999989],[81.627733825,29.323188442],[81.634590328,29.329760551],[81.64197112,29.333697414000028],[81.642364977,29.331748914],[81.646443926000018,29.328002884],[81.64700346799998,29.325002422000011],[81.646317590000024,29.32347868],[81.64762995000001,29.321388142999979]]]}},
{"type":"Feature","properties":{"adm3_pcode":"NP0664302","adm3_name":"Khandachakra","adm2_name":"Kalikot","local_level_type":"urban municipality"},"geometry":{"type":"Polygon","coordinates":[[[81.647356752,29.195733212999983],[81.649799550000012,29.195414590999974],[81.653477329,29.197083926],[81.656966673,29.196606707],[81.65713660199998,29.195838967999975],[81.653805782,29.193863479000015],[81.650281731,29.188825647999977],[81.646916456999975,29.18117937400001],[81.647260322000022,29.179145380000023],[81.650048059000028,29.179479201999982],[81.6521386,29.178704365999977],[81.654587690000028,29.17945708100001],[81.662430969000013,29.177426755999988],[81.664528301000018,29.177723134000018],[81.669089241999984,29.18107045],[81.669103076,29.183215500000017],[81.670678225000017,29.183821153],[81.672622891,29.187488153],[81.67402992,29.189012718000015],[81.677791635,29.190220785],[81.680790264999985,29.194802650999975],[81.683944677999989,29.196471665999979],[81.689186141999983,29.196904888],[81.690597659,29.199042709000025],[81.693400688999986,29.200406497000017],[81.702530952000018,29.203216741],[81.704022023,29.201887074000012],[81.712304295000024,29.200419953],[81.713269179,29.19617417500001],[81.712150356999985,29.19145441],[81.712596247000022,29.187344548999988],[81.710661147,29.183400636999977],[81.719742517999975,29.17742876],[81.725602327999979,29.178195647999985],[81.735061601999973,29.181430544000023],[81.74109960200002,29.184142441],[81.746291073,29.187941412999976],[81.745332892000022,29.181182026999977],[81.740155072999983,29.169115886999975],[81.74178462499998,29.161087908000013],[81.744456861,29.158984327999974],[81.748079239999981,29.152319063],[81.751230430000021,29.152569771],[81.758311779,29.148988455],[81.759222852,29.141844132000017],[81.760949042,29.139084663],[81.767172416999983,29.133710001999987],[81.765277145000027,29.131992947000015],[81.765024346000018,29.129768087],[81.760828456000013,29.124369279],[81.752897256999972,29.119311698],[81.749533928,29.114598149000017],[81.74262795300001,29.110127466999984],[81.738276195000026,29.108879270999978],[81.735464514,29.109005218],[81.733676345,29.107670629999973],[81.731710306000025,29.107426498999985],[81.723733878000019,29.108268307],[81.722435035999979,29.105915819000018],[81.715860546999977,29.103154108000012],[81.710132397,29.106161997000015],[81.706630646,29.105090983000025],[81.703204158,29.106018034999977],[81.697856671000011,29.104227877000028],[81.694650304999982,29.107152183999972],[81.689591038,29.108231637000017],[81.688184356000022,29.108164435999981],[81.685894397000027,29.10592498699998],[81.682102129999976,29.107796259],[81.679094379,29.10643103000001],[81.674763872000028,29.108307044000014],[81.670792231,29.108108131],[81.669228546,29.109388239999987],[81.664332450000018,29.110138914],[81.662808638,29.111235976999978],[81.662204984000027,29.113853287999973],[81.660640428000022,29.114914417000023],[81.656879743,29.115514871000016],[81.654409794,29.114074282],[81.649797302000025,29.117293041999972],[81.643377392,29.115871334000019],[81.635758082999985,29.117903974],[81.632749896,29.119770132999975],[81.628983542000014,29.119388615],[81.626057347000028,29.121145972000022],[81.624071431,29.121119196999985],[81.620463764000021,29.119574914999987],[81.612791867,29.120014016000027],[81.61029577,29.123420289000023],[81.608381950000023,29.124405669999987],[81.60571355899998,29.124760598000023],[81.604156435,29.122617902],[81.604348201,29.120266621999974],[81.602696626000011,29.119640095000022],[81.599515774,29.121643988000017],[81.59726466,29.12418722000001],[81.595610967000027,29.123199789000012],[81.59499510400002,29.123653676],[81.595313406,29.125280965],[81.59449824,29.126820624],[81.588396153000019,29.122417321],[81.584169928999984,29.121802006999985],[81.582922575999987,29.119727619],[81.580517186,29.1179515],[81.582077363,29.12394496600001],[81.581943524,29.126402047999989],[81.579460176,29.129773823999983],[81.580669718000024,29.135516182],[81.579112924000015,29.135886062999987],[81.581339701,29.141689430999975],[81.580975152,29.147122731000024],[81.584419163,29.154950928],[81.586696744,29.157370360000016],[81.593540392000023,29.159751547999974],[81.596617305999985,29.16188976799998],[81.60286025,29.162764149999987],[81.608322206000025,29.165412418000017],[81.610383814999977,29.167988144999981],[81.611769154,29.173205992000021],[81.614644207000026,29.176159070999972],[81.61842979,29.184246372000018],[81.618192825999984,29.190910748000022],[81.613551194000024,29.195166099],[81.614601857000025,29.202259954],[81.61863201,29.204756466999982],[81.621075424000026,29.208232427999974],[81.626600350999979,29.211980407],[81.627528161999976,29.208545115],[81.637276053,29.203290743000025],[81.642658407999988,29.198361152000018],[81.647356752,29.195733212999983]]]}},
{"type":"Feature","properties":{"adm3_pcode":"NP0664303","adm3_name":"Tilagupha","adm2_name":"Kalikot","local_level_type":"urban municipality"},"geometry":{"type":"Polygon","coordinates":[[[81.858707978999973,29.241147582],[81.861172459999977,29.237543077999987],[81.860876166000025,29.235402148],[81.86509897000002,29.231745612],[81.865269662,29.23025587799998],[81.868629477000013,29.22569572499998],[81.869816567999976,29.225498635],[81.871790458000021,29.227141317000019],[81.875398964,29.227072631999988],[81.880361929,29.222801788000027],[81.885210679000011,29.220911159000025],[81.886605643,29.219347825],[81.889633367999977,29.218610500000011],[81.894203646999983,29.213858943999981],[81.898988696,29.213066775000016],[81.901233875,29.213791491],[81.902840598000012,29.210252906],[81.906067048000011,29.206141646999981],[81.907624226,29.205244689999972],[81.908735628999978,29.205701788],[81.910622280999974,29.200564230999987],[81.908109672000023,29.187992737],[81.906480928,29.186188007],[81.903207775999988,29.184827397999982],[81.900711109999975,29.185175829],[81.901564398,29.183624986999973],[81.901293457,29.182406470999979],[81.895655724999983,29.175851121999983],[81.894554557999982,29.172761519],[81.895716305,29.167809433],[81.897771503,29.165659538],[81.900208754,29.16451093],[81.900375767000014,29.162599297999975],[81.902619945000026,29.16010074899998],[81.903554123,29.157175659000018],[81.910123531000011,29.157604901000013],[81.913494902000025,29.156650351],[81.917466395000019,29.158102899000028],[81.921243844,29.156728144],[81.92343871700001,29.157484418000024],[81.926346763000026,29.157250106999982],[81.929968812000027,29.154897189999986],[81.934670755000013,29.153779487],[81.935868427,29.152532807999989],[81.936034136999979,29.150192591],[81.943955820999975,29.149401716],[81.945446033999986,29.147219002999975],[81.948431041,29.145115928999985],[81.950053003,29.142041362999976],[81.949939883000013,29.139242996],[81.948260903,29.137145853],[81.949030831000016,29.135376528999984],[81.947548055000027,29.13085774000001],[81.947799990000021,29.129200335],[81.957655419,29.12796184299998],[81.960788594,29.125850709000019],[81.964871370000026,29.121468049999976],[81.972501615,29.116243020000013],[81.973704297999973,29.114459203000024],[81.975315578999982,29.111131723000028],[81.973142132000021,29.107396413],[81.973389683,29.099588015],[81.971228333999989,29.093890075],[81.970546196999976,29.089548467999975],[81.971261197999979,29.087610220999977],[81.97087504000001,29.085522033000018],[81.972046857,29.083420307999972],[81.968729439000015,29.076521775],[81.968148516999975,29.073226009999985],[81.971176376000017,29.068778592],[81.973935599000015,29.060225549999984],[81.958759228000019,29.053574633999972],[81.951317567,29.056203531999984],[81.94996495800001,29.05854767],[81.946954716999983,29.059935872999972],[81.944880806000015,29.063573068999972],[81.941055781999978,29.066013473999988],[81.936242600000014,29.070716280999989],[81.930541919,29.068421349],[81.927286805999984,29.06812133],[81.916336269,29.073025841],[81.914246688999981,29.072564167],[81.912984057000017,29.075403634999986],[81.912414607000017,29.086908998000013],[81.899592962999975,29.084412918],[81.891665892,29.085837234999985],[81.887104776,29.085181729999988],[81.880295855999975,29.080424322],[81.877788337000027,29.076324230000012],[81.871701288999986,29.079794758],[81.871319944999982,29.080940770999973],[81.866444848000015,29.081543020000026],[81.861774637999986,29.083402467999974],[81.860232802999974,29.085814659],[81.852809637,29.085289101],[81.849435262999975,29.086454131999972],[81.842794611999977,29.086153189000015],[81.836816903999988,29.087334243999976],[81.833993324,29.09226687],[81.833213924,29.092501775000017],[81.832845674,29.095246952000025],[81.828862782999977,29.101788226],[81.820139913,29.101614117],[81.818095482999979,29.102749857],[81.816950159999976,29.101633505999985],[81.813697102,29.101766071999975],[81.811236469999983,29.103382512],[81.807459053,29.103062425000019],[81.805130646,29.105020834000015],[81.80343962500001,29.105143737],[81.80031081300001,29.104591744],[81.799388216000011,29.103110804999972],[81.794077001,29.106573219999973],[81.792126137000025,29.106812543999979],[81.789894301,29.104310682],[81.787417522,29.103867313000023],[81.785579934,29.101933717],[81.780888961000016,29.101275336000015],[81.774439278999978,29.097863808999989],[81.76982723499998,29.097078317000012],[81.768635761999974,29.097619749999978],[81.766074627000023,29.096770478999986],[81.76310408,29.097590423999975],[81.761222477,29.096757474000015],[81.758950533000018,29.09697560799998],[81.756813866000016,29.098047853000025],[81.75542326599998,29.100259503000018],[81.75115591399998,29.10007595899998],[81.751241615000026,29.105428212999982],[81.748761192000018,29.106060180999975],[81.747105431000023,29.108758158],[81.745322686,29.108113941999989],[81.74262795300001,29.110127466999984],[81.749533928,29.114598149000017],[81.752897256999972,29.119311698],[81.760828456000013,29.124369279],[81.765024346000018,29.129768087],[81.765277145000027,29.131992947000015],[81.767172416999983,29.133710001999987],[81.760949042,29.139084663],[81.759222852,29.141844132000017],[81.758311779,29.148988455],[81.751230430000021,29.152569771],[81.748079239999981,29.152319063],[81.744456861,29.158984327999974],[81.74178462499998,29.161087908000013],[81.740155072999983,29.169115886999975],[81.745332892000022,29.181182026999977],[81.746291073,29.187941412999976],[81.753952297000012,29.190192500000023],[81.764227706999975,29.19688765],[81.767988994,29.197529331999988],[81.778855881000027,29.204456780999976],[81.785414084000024,29.205936486999974],[81.790375397999981,29.209624592000011],[81.794166505000021,29.209719448999977],[81.799586705000024,29.212930791000019],[81.806163401999981,29.214528987],[81.80749976300001,29.215596780999988],[81.807856288999972,29.218186359000015],[81.811212678,29.219688578999978],[81.819742024,29.225785385],[81.831203367,29.227426711000021],[81.834091423000018,29.230077193],[81.836966333000021,29.230546442],[81.838509338,29.235763040999984],[81.840934226,29.237383111999975],[81.846669647999988,29.239785284999982],[81.853557326999976,29.240066296],[81.856322735999981,29.241471892],[81.858707978999973,29.241147582]]]}},
{"type":"Feature","properties":{"adm3_pcode":"NP0664401","adm3_name":"Naraharinath","adm2_name":"Kalikot","local_level_type":"rural municipality"},"geometry":{"type":"Polygon","coordinates":[[[81.521129863999988,29.315553826999974],[81.523935181000013,29.314773627000022],[81.524447876000011,29.310600899],[81.52666261600001,29.304849215],[81.538604387000021,29.296414982999977],[81.538137770999981,29.292681513],[81.539110650999987,29.288558723],[81.544071787,29.281679059],[81.545935865999979,29.280466948000026],[81.548132982000027,29.274778133999973],[81.554092798,29.271079063],[81.557226508999975,29.266856938999979],[81.562735766,29.266294757000026],[81.563542422000012,29.265400350999982],[81.562072936999982,29.258574091000014],[81.562437710999973,29.254496538000012],[81.56501927,29.252557068999977],[81.565959242000019,29.250545519000013],[81.568195258,29.249985665],[81.570894318,29.247034977999988],[81.575674789,29.243637738000018],[81.574654931,29.236726179000016],[81.576704006,29.231098482],[81.575991989999977,29.223574298000017],[81.578070210000021,29.216559168],[81.577773130000026,29.212991933000012],[81.579288776999988,29.207264926],[81.579205800000011,29.203256923000026],[81.58029438,29.201048393],[81.579613237999979,29.200164841],[81.579939817000025,29.19686334],[81.582838797000022,29.190000208000015],[81.579578259000016,29.182279567000023],[81.579962422,29.177349156],[81.583388959999979,29.173652985999979],[81.583335165,29.169692166],[81.584943661000011,29.164760961000013],[81.586946383999987,29.161492668],[81.59009357399998,29.158406561999982],[81.586696744,29.157370360000016],[81.584059223999986,29.154257799],[81.580975152,29.147122731000024],[81.581339701,29.141689430999975],[81.579680085,29.13657607],[81.573104592,29.130547788],[81.570827479,29.129813074000026],[81.567835945000013,29.126701634000028],[81.565440845000012,29.126086906000012],[81.561863561,29.127410296],[81.552300908,29.128505684],[81.539727396999979,29.134223350000013],[81.537551093,29.13629606500001],[81.535179157000016,29.136819856999978],[81.532918516999985,29.14087338600001],[81.533214811999983,29.146506991000024],[81.52455532,29.152678982],[81.520043247,29.15274847500001],[81.518216355999982,29.153549562000023],[81.515395758000011,29.152716786999974],[81.513410211,29.15301317],[81.511906136999983,29.151185006],[81.498978645000022,29.151678152999978],[81.496833005999974,29.154762961000017],[81.49525219100002,29.159900586],[81.49462723900001,29.165431688000012],[81.495138794000013,29.168797569],[81.490561088999982,29.169809223000016],[81.487204427999984,29.172938885],[81.48667776000002,29.175841669000022],[81.489810058999979,29.180526653000015],[81.490649175999977,29.184960502000024],[81.484586364,29.192694947],[81.483770703,29.197333440000023],[81.481991199999982,29.200524929999972],[81.485574398999972,29.210746154],[81.486449073000017,29.225407301000018],[81.487468077000017,29.22786008700001],[81.490903926999977,29.230867918],[81.491796265,29.233021104999978],[81.494710119999979,29.236249532999977],[81.498116483,29.238779032000025],[81.499509854999985,29.238791925999976],[81.495100348,29.244783680000012],[81.493130356999984,29.2521964],[81.49476984,29.254549828],[81.494640623,29.257094714],[81.491093775000024,29.261619180000025],[81.486944875,29.263323838000019],[81.484119954,29.262995767],[81.479543303000014,29.264458190000028],[81.477518214999975,29.263933087],[81.475448887000027,29.266624744000012],[81.471318852000024,29.268637872999989],[81.467948504999981,29.271825778],[81.472735232,29.274799943],[81.475986961,29.275600478],[81.478732235,29.277690695999979],[81.483748951999985,29.279540344],[81.48757486,29.286726604000023],[81.490649992999977,29.290556789],[81.49568575,29.293508960999986],[81.499884168999984,29.297246734],[81.50370435100001,29.303160299000012],[81.504659509000021,29.30782144],[81.507848637,29.314542545],[81.510964495,29.312665202],[81.512401726,29.313137929],[81.51508938,29.31199526],[81.516173976,29.312342930999989],[81.517974993999985,29.314898406],[81.521129863999988,29.315553826999974]]]}},
{"type":"Feature","properties":{"adm3_pcode":"NP0664402","adm3_name":"Sanni Tribeni","adm2_name":"Kalikot","local_level_type":"rural municipality"},"geometry":{"type":"Polygon","coordinates":[[[81.625480784999979,29.368796782],[81.627440506000028,29.366080813],[81.634614742999986,29.364346077],[81.638150876,29.361464583999975],[81.638610285000027,29.35626763800002],[81.639431501999979,29.355309614000021],[81.642074309,29.356323244],[81.643573183,29.355454346999977],[81.643874929999981,29.343355917],[81.642052864,29.336778252999977],[81.64197112,29.333697414000028],[81.634590328,29.329760551],[81.627733825,29.323188442],[81.623455756999988,29.321363362999989],[81.617566464,29.316523041999972],[81.616905673000019,29.316850878000025],[81.61716373500002,29.315033863],[81.620940174,29.31070132100001],[81.622329979000028,29.307525699],[81.624689928,29.306357529000024],[81.622642902999985,29.305967849000012],[81.619576323999979,29.302519626],[81.617721403000019,29.301858348999986],[81.616439104,29.300454461000015],[81.616218544999981,29.298441146000016],[81.616395298999976,29.297017031],[81.617747528999985,29.298192754000013],[81.622331517000021,29.298757953],[81.631773034,29.29561888],[81.634288917999982,29.293418933999988],[81.623629204,29.285858549000011],[81.61730115,29.278092368999978],[81.615321692,29.276955634999979],[81.614081340999974,29.27465601900002],[81.610897826999974,29.271887169000024],[81.601233878000016,29.259506747999978],[81.604231256,29.254036736999979],[81.606459541,29.2526259],[81.608762160000026,29.252831975999982],[81.608879795,29.251405861000023],[81.610714315999985,29.250206499],[81.617686725,29.247537533000013],[81.618488666000019,29.244775177],[81.617776272000015,29.240921275],[81.618106334,29.238501629999973],[81.619217897999988,29.236985100000027],[81.619995791,29.230252925],[81.630197684,29.221475762000011],[81.633170592,29.217983378999975],[81.633829606,29.215704351],[81.624981145999982,29.211338381000019],[81.621075424000026,29.208232427999974],[81.61863201,29.204756466999982],[81.614211985,29.201548952999985],[81.613551194000024,29.195166099],[81.618192825999984,29.190910748000022],[81.61842979,29.184246372000018],[81.614644207000026,29.176159070999972],[81.611769154,29.173205992000021],[81.609615815999973,29.166759999000021],[81.608322206000025,29.165412418000017],[81.60286025,29.162764149999987],[81.596617305999985,29.16188976799998],[81.59009357399998,29.158406561999982],[81.586946383999987,29.161492668],[81.584943661000011,29.164760961000013],[81.583335165,29.169692166],[81.583388959999979,29.173652985999979],[81.579962422,29.177349156],[81.579578259000016,29.182279567000023],[81.582838797000022,29.190000208000015],[81.579939817000025,29.19686334],[81.579613237999979,29.200164841],[81.58029438,29.201048393],[81.579205800000011,29.203256923000026],[81.579288776999988,29.207264926],[81.577773130000026,29.212991933000012],[81.578070210000021,29.216559168],[81.575991989999977,29.223574298000017],[81.576704006,29.231098482],[81.574654931,29.236726179000016],[81.575522676999981,29.244145937999974],[81.570894318,29.247034977999988],[81.568195258,29.249985665],[81.565959242000019,29.250545519000013],[81.56501927,29.252557068999977],[81.562437710999973,29.254496538000012],[81.562072936999982,29.258574091000014],[81.563542422000012,29.265400350999982],[81.562735766,29.266294757000026],[81.557226508999975,29.266856938999979],[81.554092798,29.271079063],[81.548132982000027,29.274778133999973],[81.545935865999979,29.280466948000026],[81.544071787,29.281679059],[81.539110650999987,29.288558723],[81.538137770999981,29.292681513],[81.538604387000021,29.296414982999977],[81.530740120000019,29.30144965300002],[81.525834399000018,29.305817925999975],[81.523776438000027,29.31556373799998],[81.52879399699998,29.326030582999977],[81.53161921100002,29.327341188],[81.535785633999978,29.33107565],[81.540340239999978,29.332221232],[81.547256183,29.338179587000013],[81.550476979,29.345679932999985],[81.550268937,29.349477076000028],[81.558336365,29.357839098999989],[81.559104078000018,29.354251631000011],[81.560937127999978,29.351408547],[81.566335621,29.349087278000013],[81.566909566,29.347772034],[81.570355247,29.349665718999972],[81.572775902999979,29.353783119000013],[81.573679750999986,29.358635617],[81.573056673,29.36070222799998],[81.576170521,29.362791140000013],[81.579526317999978,29.36244947],[81.58167404400001,29.364754409],[81.589965151,29.365128492],[81.592817681999975,29.366029387000026],[81.599783049,29.365567403999989],[81.603660618999982,29.366928144999974],[81.609131048,29.367426551],[81.611384376999979,29.370145579],[81.613555507,29.370722058000013],[81.625480784999979,29.368796782]]]}},
{"type":"Feature","properties":{"adm3_pcode":"NP0664403","adm3_name":"Pachal Jharana","adm2_name":"Kalikot","local_level_type":"rural municipality"},"geometry":{"type":"Polygon","coordinates":[[[81.746278822000022,29.342116498999985],[81.751044939,29.341099537],[81.749468395,29.338318150000021],[81.753543666999974,29.330729976999976],[81.751490596,29.326131001000022],[81.752354605,29.322684148],[81.751807735999989,29.316292546999989],[81.753380479999976,29.308522043999972],[81.748080974,29.304115065000019],[81.749725123000019,29.297472019999987],[81.747625417,29.293775584],[81.756121995,29.290975904],[81.757132114,29.287334069999986],[81.759084624000025,29.285892919999981],[81.761080548999985,29.285362811000027],[81.768919273999984,29.286161537],[81.770998632999977,29.281929273],[81.774365412,29.279139894000025],[81.774554587000011,29.275060587999974],[81.775605057,29.272350044],[81.774704281000027,29.266932721999979],[81.773287284999981,29.263744685],[81.774346697,29.257370920000028],[81.773634168,29.250705154],[81.77130744599998,29.246121546999973],[81.773058033999973,29.245398701999989],[81.782909642,29.247903797999982],[81.784628688,29.24625841400001],[81.790735781000024,29.243405141999972],[81.796446367999977,29.237222362000011],[81.799246313000026,29.229685415],[81.805860263,29.224173586],[81.807761164,29.218929038],[81.80749976300001,29.215596780999988],[81.805370579,29.214163758999973],[81.799586705000024,29.212930791000019],[81.794166505000021,29.209719448999977],[81.790375397999981,29.209624592000011],[81.783592721,29.205121599999984],[81.777574379999976,29.203873255000019],[81.773643161999985,29.200756174999981],[81.769732163000015,29.199186203000011],[81.767988994,29.197529331999988],[81.764227706999975,29.19688765],[81.753952297000012,29.190192500000023],[81.747204808999982,29.188640110999984],[81.74109960200002,29.184142441],[81.725602327999979,29.178195647999985],[81.719742517999975,29.17742876],[81.710661147,29.183400636999977],[81.712596247000022,29.187344548999988],[81.712150356999985,29.19145441],[81.713269179,29.19617417500001],[81.712545894000016,29.200044242],[81.710198753999975,29.201263470000015],[81.704022023,29.201887074000012],[81.702530952000018,29.203216741],[81.693400688999986,29.200406497000017],[81.690597659,29.199042709000025],[81.689186141999983,29.196904888],[81.683944677999989,29.196471665999979],[81.680790264999985,29.194802650999975],[81.677791635,29.190220785],[81.67402992,29.189012718000015],[81.672622891,29.187488153],[81.670678225000017,29.183821153],[81.669103076,29.183215500000017],[81.669089241999984,29.18107045],[81.664528301000018,29.177723134000018],[81.662430969000013,29.177426755999988],[81.654587690000028,29.17945708100001],[81.6521386,29.178704365999977],[81.650048059000028,29.179479201999982],[81.647260322000022,29.179145380000023],[81.646916456999975,29.18117937400001],[81.650281731,29.188825647999977],[81.652927292000015,29.192949678],[81.65713660199998,29.195838967999975],[81.656966673,29.196606707],[81.653477329,29.197083926],[81.649799550000012,29.195414590999974],[81.647356752,29.195733212999983],[81.642658407999988,29.198361152000018],[81.637276053,29.203290743000025],[81.627528161999976,29.208545115],[81.626600350999979,29.211980407],[81.634979441999974,29.216098143000011],[81.638689995999982,29.219552],[81.641443918,29.220283157999972],[81.648535700000025,29.220267072000013],[81.651810193000017,29.223497067999972],[81.657062729000017,29.22668116],[81.661134784000012,29.23079121],[81.66485861000001,29.23299462],[81.667111751,29.235724023999978],[81.674879724,29.240631740000026],[81.677559244,29.243410708],[81.679083656999978,29.243576651000012],[81.68348519,29.246434697999973],[81.682255962999989,29.247534953000013],[81.681661997999981,29.249987716000021],[81.682568409,29.251494338999976],[81.681301841999982,29.254338368999981],[81.678433976,29.254756789],[81.676426525000011,29.256738325000015],[81.674218462,29.256185594999977],[81.672612970999978,29.257400459],[81.670483702000013,29.257291626999972],[81.668261651000023,29.259623815],[81.666831146,29.263650545000019],[81.66711748900002,29.266642333],[81.671016415,29.268849182999986],[81.674435495000012,29.2730884],[81.674515112,29.27620079899998],[81.672129685000016,29.279760932999977],[81.674955226,29.283666985000025],[81.672478467000019,29.288921647],[81.672435254,29.294008298],[81.671678514,29.295654258000013],[81.672508605000019,29.298140288000013],[81.672283279,29.300464756999986],[81.675493494000023,29.305638758999976],[81.673183052000013,29.312780497],[81.673489051999979,29.317247398],[81.672425426000018,29.318427897999982],[81.678185395000014,29.321407826999973],[81.682788739999978,29.319464824000022],[81.690802373999986,29.320515342000022],[81.693819745999974,29.325387617999979],[81.699643687,29.329381266999974],[81.703074445000027,29.330538396],[81.715888305000021,29.331271074000028],[81.722325029,29.332386749000023],[81.729815578,29.335156473999973],[81.73954095900001,29.333905230000028],[81.745375195,29.338839603999986],[81.746278822000022,29.342116498999985]]]}},
{"type":"Feature","properties":{"adm3_pcode":"NP0664404","adm3_name":"Palata","adm2_name":"Kalikot","local_level_type":"rural municipality"},"geometry":{"type":"Polygon","coordinates":[[[81.841449362999981,29.461514744999988],[81.852291342,29.460236771999973],[81.854862664999985,29.46090149600002],[81.858902342000022,29.458647015],[81.861454791000028,29.459442479000018],[81.864584303000015,29.459295913],[81.866990075999979,29.460491461],[81.868211918999975,29.456653587],[81.873036925,29.451208727999983],[81.878284312,29.44894126600002],[81.884703103,29.443372690999979],[81.886998084000027,29.444291201],[81.890077856,29.443963901000018],[81.897486983000022,29.44643815400002],[81.905427041999985,29.445403241],[81.911132360000011,29.443523750999987],[81.921466181000028,29.444366135],[81.924850686000013,29.442772833],[81.925825550000013,29.439592518999973],[81.930783350000013,29.437482912],[81.928494694,29.432550275999972],[81.929988633999983,29.428247574000011],[81.929035390000024,29.418415601],[81.930234480000024,29.414936005000015],[81.928461398000024,29.41223716899998],[81.927311426000017,29.402614049000022],[81.92941478,29.398530460000018],[81.930250049999984,29.394712766],[81.928626318999989,29.388999523999985],[81.92604508300002,29.387086727],[81.924270936000028,29.384561561999988],[81.925017118000028,29.382774488],[81.924640441,29.381631277],[81.926183009999988,29.380062007999982],[81.92678423000001,29.370740198000021],[81.926292793000016,29.367660226999988],[81.927598765000027,29.366358742999978],[81.927300232999983,29.363606807999986],[81.925358631999984,29.359812882000028],[81.925047485999983,29.353303295999979],[81.929704808999986,29.345629079],[81.928995719999989,29.342171827000016],[81.930846055000018,29.337575532000017],[81.930190297000024,29.332829963999984],[81.927006425,29.329229691000023],[81.920936301999973,29.32672514799998],[81.914645805000021,29.322424206],[81.907294069999978,29.321887898999989],[81.906297908,29.317807577999986],[81.904359426999974,29.314320124],[81.900925959,29.310998257999984],[81.898629664999987,29.310037064000028],[81.897431872000027,29.307710638],[81.895774039,29.307575126000017],[81.897113446,29.30616765100001],[81.898742572,29.300968909],[81.897080862,29.297583138],[81.892255623999972,29.292132200000026],[81.882419906,29.285460053],[81.880329669,29.280019842],[81.880484572,29.274140703],[81.879246954,29.27277068799998],[81.876164152,29.271399208999981],[81.873775103000014,29.271347241],[81.867984947000025,29.271878921],[81.865629936,29.272900229000015],[81.862374575999979,29.272476907999987],[81.859534326000016,29.273160615999984],[81.858405829,29.271257339999977],[81.854519126000014,29.270386802000019],[81.85357351,29.266801933000011],[81.847749940000028,29.266317957000012],[81.846171299,29.258688205999988],[81.84983828999998,29.249141773000019],[81.84980344500002,29.244459333],[81.850582293,29.243552115999989],[81.856322735999981,29.241471892],[81.855951607,29.24106373799998],[81.853557326999976,29.240066296],[81.846669647999988,29.239785284999982],[81.840934226,29.237383111999975],[81.838509338,29.235763040999984],[81.836966333000021,29.230546442],[81.834091423000018,29.230077193],[81.829736265,29.226860680000016],[81.819742024,29.225785385],[81.811212678,29.219688578999978],[81.807856288999972,29.218186359000015],[81.805860263,29.224173586],[81.799246313000026,29.229685415],[81.796446367999977,29.237222362000011],[81.790735781000024,29.243405141999972],[81.784628688,29.24625841400001],[81.782909642,29.247903797999982],[81.773058033999973,29.245398701999989],[81.77130744599998,29.246121546999973],[81.773634168,29.250705154],[81.774346697,29.257370920000028],[81.773287284999981,29.263744685],[81.774704281000027,29.266932721999979],[81.775596106000023,29.273126032999983],[81.774554587000011,29.275060587999974],[81.774365412,29.279139894000025],[81.770998632999977,29.281929273],[81.768919273999984,29.286161537],[81.761080548999985,29.285362811000027],[81.759084624000025,29.285892919999981],[81.757132114,29.287334069999986],[81.756121995,29.290975904],[81.747625417,29.293775584],[81.749725123000019,29.297472019999987],[81.748080974,29.304115065000019],[81.753380479999976,29.308522043999972],[81.751807735999989,29.316292546999989],[81.752354605,29.322684148],[81.751485609999975,29.325449877999972],[81.753473106,29.331183747000011],[81.749468395,29.338318150000021],[81.751044939,29.341099537],[81.746278822000022,29.342116498999985],[81.74723448200001,29.346597533000022],[81.750247781999974,29.348603952000019],[81.752424290000022,29.352326948999973],[81.750102138999978,29.354027256999984],[81.750914239,29.356100076000018],[81.749962774999972,29.357761031999985],[81.751084035000019,29.35905392799998],[81.749645150999982,29.360004881],[81.749060473999975,29.36367578],[81.749563290000026,29.366496961999985],[81.755005327,29.374843575999989],[81.756422181,29.375613711000028],[81.75766190600001,29.38121858300002],[81.759851314,29.38352039900002],[81.760240281999984,29.385697075999985],[81.761802548,29.386759499999982],[81.766409063000026,29.385677542],[81.767111323,29.386681770999985],[81.766791985,29.390375985],[81.768720438,29.392173845],[81.771691617999977,29.390913880000028],[81.776684301999978,29.391322476000028],[81.786383087,29.388687487000027],[81.789228004999984,29.38896394],[81.789319342999988,29.39353989],[81.790338846999987,29.395969928],[81.79438779100002,29.399353921],[81.7949046,29.402382396],[81.797803241,29.407016130999978],[81.796330668,29.408373734],[81.797548301,29.412392689],[81.796630447999974,29.41452741400002],[81.797151378000024,29.417812927999989],[81.798671049,29.420900725000024],[81.799415265999983,29.427196085999981],[81.798917421999988,29.429093713999976],[81.802051946,29.431650771000022],[81.805316291999986,29.439288669],[81.803490174,29.44218006],[81.803048014000012,29.447309636999989],[81.806101791,29.453502979],[81.810093400000028,29.455150133000018],[81.82278242000001,29.454844470000012],[81.827995713,29.457814269999972],[81.832574611999974,29.456436902],[81.836029016999987,29.459613655],[81.841449362999981,29.461514744999988]]]}},
{"type":"Feature","properties":{"adm3_pcode":"NP0664405","adm3_name":"Shuva Kalika","adm2_name":"Kalikot","local_level_type":"rural municipality"},"geometry":{"type":"Polygon","coordinates":[[[81.59499510400002,29.123653676],[81.595610967000027,29.123199789000012],[81.59726466,29.12418722000001],[81.599515774,29.121643988000017],[81.602696626000011,29.119640095000022],[81.604348201,29.120266621999974],[81.604156435,29.122617902],[81.60571355899998,29.124760598000023],[81.609755834999987,29.123887362],[81.612791867,29.120014016000027],[81.620463764000021,29.119574914999987],[81.624071431,29.121119196999985],[81.626057347000028,29.121145972000022],[81.628983542000014,29.119388615],[81.632749896,29.119770132999975],[81.635758082999985,29.117903974],[81.643377392,29.115871334000019],[81.649797302000025,29.117293041999972],[81.654409794,29.114074282],[81.656879743,29.115514871000016],[81.661507002,29.114655202999984],[81.662808638,29.111235976999978],[81.664332450000018,29.110138914],[81.669228546,29.109388239999987],[81.670792231,29.108108131],[81.674763872000028,29.108307044000014],[81.679094379,29.10643103000001],[81.682102129999976,29.107796259],[81.685894397000027,29.10592498699998],[81.688184356000022,29.108164435999981],[81.691828181,29.107638162],[81.692447374999972,29.106132684999977],[81.691302768000014,29.103391110000018],[81.692253661,29.102129805],[81.692674032000014,29.099229079],[81.690673656,29.090428556],[81.692045498000027,29.08886503399998],[81.691616705,29.087531900999977],[81.693120502999989,29.084011998999983],[81.690397484000016,29.077992019000021],[81.692586617000018,29.071569959999977],[81.695490972000016,29.068092449],[81.695639656000026,29.063846409],[81.693524432,29.05430888799998],[81.690452623999988,29.049659900999984],[81.682911725,29.049075847999973],[81.679364811000028,29.046941933000028],[81.670312895,29.044986548999987],[81.665182159999972,29.044786494999983],[81.658854341,29.041129558000023],[81.655145527,29.041492846999972],[81.650981622000018,29.039999487999978],[81.644353086000024,29.040175815999987],[81.630506605999983,29.046602711999981],[81.630487374999973,29.04576141299998],[81.626291333999973,29.041684609000015],[81.624022879999984,29.042441817999986],[81.62082003,29.041062651],[81.618360499,29.037221161],[81.613274386,29.033427754],[81.60976524199998,29.036741645],[81.604724757999975,29.039284088999977],[81.602445752999984,29.042887721999989],[81.598714217,29.045374501000026],[81.59501953,29.045575867000025],[81.58923663500002,29.048851919000015],[81.586304723000012,29.048801571000013],[81.581181453,29.047089158],[81.570349018,29.052576494999983],[81.567287513999986,29.051734529999976],[81.563627229000019,29.05359968],[81.563645225000016,29.060569844999975],[81.561697259000027,29.066384278999976],[81.565203485999973,29.075719648000018],[81.565847444999974,29.079966762000026],[81.565431704,29.086004882999987],[81.567641289999983,29.095568899],[81.569569539999975,29.098276612],[81.573260001,29.100198549000027],[81.576224215000025,29.10393486800001],[81.576534061000018,29.106649432999973],[81.578457078999975,29.108450292999976],[81.578174516999979,29.110519970999974],[81.579066179,29.112065840000014],[81.579531165,29.116200837],[81.584169928999984,29.121802006999985],[81.588396153000019,29.122417321],[81.59449824,29.126820624],[81.595313406,29.125280965],[81.59499510400002,29.123653676]]]}},
{"type":"Feature","properties":{"adm3_pcode":"NP0664406","adm3_name":"Mahawai","adm2_name":"Kalikot","local_level_type":"rural municipality"},"geometry":{"type":"Polygon","coordinates":[[[81.983466484000019,29.106980476],[81.985573749000025,29.107434215000012],[81.988328202,29.10661320600002],[81.997261894000019,29.101424566],[81.998050325,29.102763018000019],[82.002281552,29.099905218],[82.009846630000027,29.097430433],[82.014115404999984,29.095120085000019],[82.016982010999982,29.091976605000013],[82.019286975999989,29.083775773000013],[82.017982604,29.076472995000017],[82.016183080000019,29.074152060000017],[82.013044010999977,29.074006589000021],[82.012032436000027,29.072045132000028],[82.012918834,29.071054985999979],[82.012166,29.067713347],[82.014079378000019,29.063650065],[82.016661388999978,29.060957600999984],[82.013326510000013,29.055443063999974],[82.017210240999987,29.051615226000024],[82.015616256999976,29.049013006],[82.01559570500001,29.045273351999981],[82.014135941,29.043258892999972],[82.014012665999985,29.038843238000027],[82.012460346000012,29.037197054999979],[82.013053667,29.0357287],[82.011404643,29.032310306],[82.01154767700001,29.029546063999987],[82.007195127999978,29.030424669000013],[82.005010944,29.022735787999977],[82.003178976000015,29.021048730000018],[82.000260227000012,29.015499077000015],[81.996003961999975,29.013859229],[81.990256303000024,29.014109247000022],[81.985854306000022,29.012578452000014],[81.984527968,29.010242273000017],[81.985179061,29.003881122],[81.984279703000027,29.002795959000025],[81.978739958,28.999457437999979],[81.972193521,28.996929016000024],[81.966248216999986,28.993004168000027],[81.961009532999981,28.990885350999974],[81.960097838000024,28.987871492000011],[81.958172955,28.985559678000016],[81.955721910000022,28.985793621000028],[81.946267413999976,28.98422288],[81.941103644,28.982779441],[81.938673064999989,28.981298605],[81.935300281000025,28.980940901],[81.930306565000024,28.98205378900002],[81.925262968000027,28.980453239999974],[81.921056657,28.977651187999982],[81.919627038999977,28.977638419000016],[81.915156036999974,28.98021111700001],[81.910570109999981,28.986391228],[81.909353145000011,28.986652060999972],[81.903565877,28.982939884000018],[81.900440258,28.982013488],[81.895020308000028,28.982011285],[81.88966237,28.984320619000016],[81.887982164999983,28.984110613999974],[81.884776959000021,28.981729476],[81.881780714,28.976450547000013],[81.878087348,28.976140835000024],[81.874927727,28.972119287],[81.872472080000023,28.971176527000011],[81.864688832000013,28.970933563000017],[81.861882929999979,28.972753854000018],[81.856511802,28.971935479000024],[81.848130750999985,28.972232207],[81.846377900999983,28.973621490000028],[81.841509734999988,28.98121996499998],[81.835551098999986,28.98178720300001],[81.828997435000019,28.98487744800002],[81.822634084000015,28.983132269],[81.818931748000011,28.984623327],[81.81854008800002,28.986035566],[81.816163750999976,28.987985413],[81.815307636,28.990298187],[81.811045031,28.993603757000017],[81.808009547999973,28.99480179],[81.806081940000013,28.997926224000025],[81.803136439000014,28.999428104],[81.801998561,29.001185237000016],[81.796562086999984,29.002681584000015],[81.793009964000021,29.005095934],[81.794421949000025,29.009039588],[81.793273614999976,29.011893057],[81.794902924999974,29.013539115000015],[81.791064592999987,29.01245422400001],[81.790149691000011,29.013876203999985],[81.785532483,29.015234137],[81.785045592000017,29.016342276999978],[81.782795813,29.017564444000016],[81.776050909,29.018151730999989],[81.773875031999978,29.01741989300001],[81.772692725000013,29.019080095999982],[81.771172492,29.019201625999983],[81.766685182,29.018322769],[81.761924130000011,29.015712943999972],[81.759813830999974,29.013593233999984],[81.755358707000028,29.012582953],[81.751161697999976,29.01018611500001],[81.749096451000014,29.011763127],[81.744627809,29.01180599700001],[81.736485397000024,29.019770704],[81.730087484000023,29.021684622],[81.726891310999974,29.020806408999988],[81.724551991999988,29.021536371000025],[81.722094982999977,29.019828494000024],[81.715797150000014,29.020017823999979],[81.714721081,29.021586789000025],[81.715384535,29.022521649999987],[81.715236208000022,29.027821093],[81.710118534,29.031098778],[81.702206159000013,29.031947899999977],[81.69924930000002,29.039456847999986],[81.694694401,29.043955803000017],[81.693929438,29.047598268],[81.690452623999988,29.049659900999984],[81.693524432,29.05430888799998],[81.695639656000026,29.063846409],[81.695490972000016,29.068092449],[81.692586617000018,29.071569959999977],[81.690397484000016,29.077992019000021],[81.693120502999989,29.084011998999983],[81.691616705,29.087531900999977],[81.692045498000027,29.08886503399998],[81.690673656,29.090428556],[81.692674032000014,29.099229079],[81.692253661,29.102129805],[81.691302768000014,29.103391110000018],[81.692447374999972,29.106132684999977],[81.691828181,29.107638162],[81.694650304999982,29.107152183999972],[81.697856671000011,29.104227877000028],[81.703204158,29.106018034999977],[81.706630646,29.105090983000025],[81.710132397,29.106161997000015],[81.715860546999977,29.103154108000012],[81.722435035999979,29.105915819000018],[81.723733878000019,29.108268307],[81.731710306000025,29.107426498999985],[81.733676345,29.107670629999973],[81.735464514,29.109005218],[81.738276195000026,29.108879270999978],[81.74262795300001,29.110127466999984],[81.745322686,29.108113941999989],[81.747105431000023,29.108758158],[81.748761192000018,29.106060180999975],[81.751241615000026,29.105428212999982],[81.75115591399998,29.10007595899998],[81.75542326599998,29.100259503000018],[81.757968410999979,29.097269943000015],[81.761222477,29.096757474000015],[81.76310408,29.097590423999975],[81.76551208,29.096753411],[81.774439278999978,29.097863808999989],[81.780888961000016,29.101275336000015],[81.785579934,29.101933717],[81.787417522,29.103867313000023],[81.789894301,29.104310682],[81.792126137000025,29.106812543999979],[81.794077001,29.106573219999973],[81.799388216000011,29.103110804999972],[81.80031081300001,29.104591744],[81.80343962500001,29.105143737],[81.805130646,29.105020834000015],[81.807459053,29.103062425000019],[81.811236469999983,29.103382512],[81.813697102,29.101766071999975],[81.816950159999976,29.101633505999985],[81.818095482999979,29.102749857],[81.820139913,29.101614117],[81.828862782999977,29.101788226],[81.832845674,29.095246952000025],[81.833213924,29.092501775000017],[81.833993324,29.09226687],[81.836816903999988,29.087334243999976],[81.842794611999977,29.086153189000015],[81.849435262999975,29.086454131999972],[81.852809637,29.085289101],[81.860232802999974,29.085814659],[81.861774637999986,29.083402467999974],[81.866444848000015,29.081543020000026],[81.871319944999982,29.080940770999973],[81.871701288999986,29.079794758],[81.877788337000027,29.076324230000012],[81.880295855999975,29.080424322],[81.887104776,29.085181729999988],[81.891665892,29.085837234999985],[81.899592962999975,29.084412918],[81.912414607000017,29.086908998000013],[81.912984057000017,29.075403634999986],[81.914246688999981,29.072564167],[81.916336269,29.073025841],[81.927286805999984,29.06812133],[81.930541919,29.068421349],[81.936242600000014,29.070716280999989],[81.941055781999978,29.066013473999988],[81.944880806000015,29.063573068999972],[81.946954716999983,29.059935872999972],[81.94996495800001,29.05854767],[81.951317567,29.056203531999984],[81.958759228000019,29.053574633999972],[81.973935599000015,29.060225549999984],[81.971176376000017,29.068778592],[81.968148516999975,29.073226009999985],[81.968729439000015,29.076521775],[81.972046857,29.083420307999972],[81.97087504000001,29.085522033000018],[81.971261197999979,29.087610220999977],[81.970546196999976,29.089548467999975],[81.971228333999989,29.093890075],[81.973389683,29.099588015],[81.973142132000021,29.107396413],[81.975315578999982,29.111131723000028],[81.980756277000012,29.107667998000011],[81.983466484000019,29.106980476]]]}},
{"type":"Feature","properties":{"adm3_pcode":"NP0665301","adm3_name":"Chhayanath Rara","adm2_name":"Mugu","local_level_type":"urban municipality"},"geometry":{"type":"Polygon","coordinates":[[[82.228554950999978,29.664785122000012],[82.234235088999981,29.662689027999988],[82.233660193999981,29.661388515999988],[82.231258240999978,29.659818626],[82.232370098999979,29.656125299],[82.229591868,29.652213309999979],[82.231541244000027,29.648173903999975],[82.229792169,29.641872966999983],[82.230254971000022,29.636088262999976],[82.227232504000028,29.630015534],[82.226326480000012,29.621606929999984],[82.224381659000016,29.619696579],[82.225827924999976,29.612030817],[82.224179279,29.605462654],[82.222637143999975,29.603963521000026],[82.221114737999983,29.600231409],[82.221116995999978,29.596618246],[82.229062323,29.588224835],[82.230676765999988,29.583101586999987],[82.235198567999987,29.574401279000028],[82.243558796,29.571413807],[82.245411578000017,29.569601192],[82.246851138000011,29.569287681],[82.248811835000026,29.571071293999978],[82.259874750999984,29.574645314],[82.262765258,29.576478499000018],[82.265195737,29.579684987],[82.270525091000025,29.581848864999984],[82.268675851000012,29.568758495],[82.266763987,29.56559219899998],[82.265844008999977,29.561331583000026],[82.263180552999984,29.558539989999986],[82.264910539000027,29.553600100999972],[82.267738743,29.548983512],[82.267307480999989,29.546199952],[82.269003823999981,29.542417331000024],[82.268374470000026,29.539367355000024],[82.275343656000018,29.538671399],[82.280986053999982,29.536415881999972],[82.284357408,29.53624801],[82.286148896999975,29.537141892000022],[82.293188875999988,29.53053755000002],[82.295526257,29.52994414],[82.300433124999984,29.524742762000017],[82.302392682,29.524164344999974],[82.304930195,29.524870130000011],[82.307888252,29.520573950000028],[82.311083952,29.519931245],[82.316886253,29.515182773999982],[82.315109732999986,29.509453719000021],[82.316714448000027,29.506440522999981],[82.314564836999978,29.504747711999983],[82.309777011999984,29.503696612],[82.304419368000026,29.494184292],[82.300428043000011,29.493988812999987],[82.302098747,29.491076609],[82.300717163,29.485846386999981],[82.301668076,29.483656169000028],[82.301495885,29.481880644],[82.306103318,29.478650889],[82.304343992999975,29.475573836000024],[82.298998137000012,29.470468106],[82.301679263999972,29.464408773],[82.301231264000023,29.461169943000016],[82.29625854,29.456238639999981],[82.296237822000023,29.454711968000026],[82.298822249000011,29.450033943],[82.298017325999979,29.448494574999984],[82.295211918,29.447389697],[82.295074436,29.444271797999988],[82.293590553,29.442263213],[82.286730514999988,29.440967418000014],[82.283317867999983,29.443492569999989],[82.275997150000023,29.441869110000027],[82.270144072,29.441958952],[82.267773216000023,29.444791716],[82.266664552,29.44494656],[82.262344301999974,29.443149538],[82.261117771999977,29.440490765999982],[82.258364388000018,29.437760729],[82.256014205999975,29.437940802000014],[82.247296549,29.43332691400002],[82.239570496999988,29.438802977000023],[82.236711297,29.437063658999989],[82.234215828,29.433654126000022],[82.230113749999987,29.431174983],[82.22452808700001,29.430581454999981],[82.22198253900001,29.428428366999981],[82.223308029,29.426111165],[82.223524929,29.423307930000021],[82.222508097,29.421810616000016],[82.222149823999985,29.418996935],[82.217244790999985,29.413371698],[82.215382837999982,29.407948611],[82.213632347999976,29.406845875999977],[82.21000633,29.410769457000015],[82.204924464999976,29.410592211],[82.203559865999978,29.409226504],[82.2004243,29.40883755599998],[82.19431153,29.411078008],[82.183980100999975,29.406079694000027],[82.180509429999972,29.407107359],[82.178500284,29.41263519],[82.176965585,29.414417001],[82.17120158,29.416542843],[82.168768248999982,29.415346231],[82.160953909999989,29.416943778000018],[82.157221368000023,29.419637659999978],[82.152635665999981,29.426874543],[82.143527679999977,29.429125074000012],[82.142175096000017,29.433275417],[82.139303708999989,29.438077051999983],[82.145494876999976,29.447034434999978],[82.142533354000022,29.452955589999988],[82.142476158000022,29.457047457999977],[82.141440995999972,29.459830495],[82.139854435000018,29.461247028],[82.133789789,29.463118950000023],[82.130041162999987,29.470268916],[82.127939700000013,29.470313880999981],[82.124581848999981,29.46692077199998],[82.120963131,29.468205349000016],[82.115544925,29.46551502],[82.110698656000011,29.465142856999989],[82.106721118,29.459742550999977],[82.101883800999985,29.458618897],[82.100312541999983,29.460429455],[82.097629094000013,29.460614023],[82.095830295999974,29.462843727],[82.093222122999975,29.464353733999985],[82.093140896000023,29.466993300000013],[82.092237324999985,29.470577890000015],[82.091026724000017,29.471496785999989],[82.091359141999988,29.473357056],[82.090499460999979,29.475881183000013],[82.083315755,29.482318290000023],[82.076759813000024,29.48372249900001],[82.073159753000027,29.483165185000018],[82.068077808999988,29.483860170000014],[82.060576790000027,29.479763379000019],[82.0569223,29.479219563000015],[82.056495208,29.480537871000024],[82.052465154,29.482748604999983],[82.047961806999979,29.48407654],[82.044445737,29.48340049],[82.040120259,29.487070209000024],[82.040485628,29.488007875999983],[82.037690441,29.48832518],[82.035121494,29.487625708],[82.02777484,29.489338190000012],[82.024614610000015,29.491304522],[82.023266428999989,29.490800611999987],[82.018327590000013,29.491576091000013],[82.01192101700002,29.495391641000026],[82.010856502000024,29.497294323],[82.007137503000024,29.497699168999986],[82.003534592999983,29.502426862],[81.996871668999972,29.516584943],[82.006219268,29.522949424999979],[82.012003656,29.523338535999983],[82.015228305,29.525122854000017],[82.014771751000012,29.531189032999976],[82.015527399,29.534347686],[82.017720371,29.536412650999978],[82.021105952000028,29.54389512900002],[82.019789700999979,29.546708783999975],[82.019925558000011,29.549964606],[82.018407949999983,29.553415825],[82.01810872599998,29.557344828],[82.022710806000021,29.559443138],[82.02491426,29.562412393999978],[82.027775221000013,29.563545079999983],[82.031114469999977,29.559378207],[82.03627192,29.557784056],[82.038359162,29.556353595000019],[82.039632464000022,29.554363362],[82.039865790000022,29.545599121],[82.040981542,29.544034033],[82.04771158,29.539700349999976],[82.04878155,29.540156573],[82.050101195000025,29.542690293000021],[82.058566362000022,29.548419572],[82.070380536000016,29.549597012],[82.079946050999979,29.552205785000012],[82.082366729,29.551762175000022],[82.087994202,29.548887776000015],[82.090062292000027,29.545762786000012],[82.091669027000023,29.544899391],[82.10038748,29.543839556000023],[82.110528535000014,29.546820303],[82.108712196999988,29.551271924],[82.10929502800002,29.552674427],[82.113339614999973,29.555074201000025],[82.112654125,29.559369726],[82.11048417,29.562635703000012],[82.110486133,29.564525714000013],[82.103970929000013,29.569474281],[82.100827157000026,29.573456425000018],[82.100355423999986,29.575866818],[82.102284199999986,29.577068796],[82.102732913000011,29.579011498],[82.106446168,29.584770203],[82.107055376,29.58904593699998],[82.104778318,29.591965319],[82.103947866,29.595330556000022],[82.102925388000017,29.594987198000013],[82.101105814,29.592352227999982],[82.096579541999972,29.593194832999984],[82.094534604999978,29.591420968000023],[82.083850639,29.59421511],[82.07966240899998,29.59379815],[82.075819659999979,29.595004417999974],[82.073655974000019,29.594167151000022],[82.066288822,29.595942938],[82.059929896000028,29.595132295999974],[82.05666521,29.595555269999977],[82.054610204000028,29.594245424],[82.052369138000017,29.594136901000013],[82.054557423,29.599392693000027],[82.058136669000021,29.603383372999986],[82.058046392999984,29.608582886000022],[82.056069552999986,29.611016442999983],[82.05598022700002,29.615570828999978],[82.058512635,29.618559399999981],[82.05888515800001,29.621170473],[82.063064517999976,29.624691582000025],[82.060885615000018,29.628615371000024],[82.062904356,29.630890688000022],[82.064025265999987,29.637318666999988],[82.065252107999981,29.640006309],[82.064186623000012,29.643458845],[82.064565075000019,29.646548],[82.066572971000028,29.647373140000013],[82.073670259999972,29.646830921],[82.082726918,29.652052943],[82.088576192,29.648166331000027],[82.089717574000019,29.646201530999974],[82.096605733999979,29.644126202999985],[82.10227153,29.63723861699998],[82.102667210999982,29.634752105000018],[82.106835966,29.637288556999977],[82.11967471600002,29.640133043999981],[82.124879954999983,29.642606016],[82.142501354999979,29.645768483999973],[82.146688145999974,29.649546193],[82.149466097000015,29.65491692],[82.152837927,29.656008618999977],[82.156079751999982,29.658197401],[82.163169118999974,29.656951310000011],[82.164644517,29.654958081000018],[82.169445694999979,29.653869441999973],[82.179641845,29.657854535000013],[82.184153595,29.658236004],[82.184954318,29.657157555000026],[82.188342128999977,29.655943219],[82.192452808999974,29.653141229000028],[82.197816140999976,29.65610828299998],[82.199695131999988,29.659417940000026],[82.201600545000019,29.660097529999973],[82.206553609000025,29.657361922],[82.208987087000025,29.65745251300001],[82.214730655999972,29.655257429000017],[82.218929001999982,29.659204123],[82.219053213,29.663564781],[82.228554950999978,29.664785122000012]]]}},
{"type":"Feature","properties":{"adm3_pcode":"NP0665401","adm3_name":"Khatyad","adm2_name":"Mugu","local_level_type":"rural municipality"},"geometry":{"type":"Polygon","coordinates":[[[81.815543822,29.597612222],[81.826988067,29.590995944999975],[81.834284041999979,29.589089479999984],[81.842895560999978,29.578695827],[81.846231854,29.572104364999973],[81.848398202999988,29.570987564],[81.853619353999989,29.564882274000013],[81.853523382999981,29.564129591999972],[81.860271124,29.565252149],[81.865618397,29.568230761],[81.872454807999986,29.569643041],[81.878739328,29.569425716000012],[81.885256894,29.565015785000014],[81.891587006,29.562905138000019],[81.892716832000019,29.560605994000014],[81.896017066000013,29.560673974],[81.900003191999986,29.558231385],[81.902978938999979,29.559961455],[81.907505877,29.560174188000019],[81.916497683999978,29.564720458000011],[81.923819476,29.562366848000011],[81.932428577,29.560820305999982],[81.937240030999988,29.558240055],[81.943556931999979,29.560633487000018],[81.953163538000013,29.561446865],[81.958781308000027,29.565971400000024],[81.966217481,29.568953417999978],[81.968083202,29.566966256],[81.978286591000028,29.565109705],[81.984543858999984,29.558610591],[81.988714496,29.557535314],[81.991185264000023,29.558529634000024],[81.992572207000023,29.558162875],[81.996465310000019,29.554308479999975],[81.998239954999974,29.553636568],[81.99825460400001,29.552305693999983],[82.001051207999978,29.549720225999977],[82.006581547999986,29.541500138],[82.007529309,29.540642606],[82.009793877999982,29.540438220999988],[82.010095915000022,29.539678109000022],[82.009105100999989,29.537053526000022],[82.00958263299998,29.53520714299998],[82.00510936,29.526043307],[82.005067718000021,29.523921191999989],[82.006275820999974,29.522994109000024],[81.996871668999972,29.516584943],[82.003534592999983,29.502426862],[82.007137503000024,29.497699168999986],[82.010856502000024,29.497294323],[82.01192101700002,29.495391641000026],[82.018327590000013,29.491576091000013],[82.023266428999989,29.490800611999987],[82.024614610000015,29.491304522],[82.02777484,29.489338190000012],[82.035121494,29.487625708],[82.037690441,29.48832518],[82.040485628,29.488007875999983],[82.040120259,29.487070209000024],[82.044445737,29.48340049],[82.041041028,29.482761810999989],[82.034273611,29.477814234999983],[82.029865099,29.470804573],[82.027646944000026,29.468683489],[82.019974621000017,29.468501205],[82.018904123000027,29.466229087999977],[82.017633430999979,29.465774174999979],[82.014168924999979,29.46145433800001],[82.010141956999973,29.468932581999979],[82.006040504,29.472915213000022],[82.001702842999975,29.473092319999978],[81.998831404999976,29.470858424000028],[81.99754477099998,29.470746290000022],[81.987306120000028,29.473407392000013],[81.979006077,29.472925190000012],[81.977379101,29.470185421999986],[81.979482474,29.468313689000013],[81.979247629999975,29.465132919999974],[81.976631280999982,29.462885341],[81.973981466999987,29.46230704300001],[81.972414540999978,29.459893869999974],[81.972538142000019,29.456978832],[81.970269426000016,29.455071476],[81.964242427999977,29.445770692],[81.958436205999988,29.443392454],[81.952344360999973,29.44289934699998],[81.945355947,29.442552152000019],[81.938094418,29.443749310999976],[81.935251833999985,29.442312277999974],[81.930801600999985,29.437297804000025],[81.925825550000013,29.439592518999973],[81.924850686000013,29.442772833],[81.921466181000028,29.444366135],[81.911132360000011,29.443523750999987],[81.905427041999985,29.445403241],[81.897486983000022,29.44643815400002],[81.890077856,29.443963901000018],[81.886998084000027,29.444291201],[81.884703103,29.443372690999979],[81.878284312,29.44894126600002],[81.873036925,29.451208727999983],[81.868211918999975,29.456653587],[81.866664368999977,29.460601822],[81.864584303000015,29.459295913],[81.861454791000028,29.459442479000018],[81.858902342000022,29.458647015],[81.854862664999985,29.46090149600002],[81.852291342,29.460236771999973],[81.841449362999981,29.461514744999988],[81.836029016999987,29.459613655],[81.832574611999974,29.456436902],[81.827995713,29.457814269999972],[81.82278242000001,29.454844470000012],[81.810093400000028,29.455150133000018],[81.80756377,29.453918149],[81.808103714000026,29.456276437999975],[81.806745084999989,29.463064909000025],[81.806943062000016,29.466099690000021],[81.805341355,29.468816039999979],[81.803795322999974,29.475089056],[81.799042421000024,29.481137735],[81.796489106000024,29.48650319799998],[81.78926425100002,29.494824129],[81.787645547000011,29.497461422000015],[81.787931147999984,29.499970191999978],[81.783798295999986,29.502259168000023],[81.77909596,29.50117482600001],[81.77712527,29.502334438999981],[81.771470521000026,29.503578554],[81.766721737000012,29.503418812],[81.762373670999978,29.505293387],[81.769079803000011,29.509307985000021],[81.774784485,29.507975692],[81.780507242,29.509110544],[81.780703626,29.510505603000013],[81.777124894,29.515624073000026],[81.777174292999973,29.517277107999973],[81.780965028000026,29.520372123000016],[81.782278577999989,29.524681427000019],[81.78560974200002,29.52832932299998],[81.791778814999986,29.529298697],[81.792771656000014,29.530526597],[81.792422714,29.533320955000022],[81.790024835,29.537652327999979],[81.79026987200001,29.540474818],[81.793463296000027,29.547759183999972],[81.797451168,29.552083962999973],[81.798898398,29.55915313700001],[81.797747786,29.573344981],[81.798422320999975,29.576521257000024],[81.795374282000012,29.580791189000024],[81.794303492999973,29.584011622],[81.789578462,29.590044052999986],[81.790833094999982,29.593737912999984],[81.790346938000027,29.595687286999976],[81.788463606,29.59709469],[81.783784869999977,29.59721936],[81.777805329999978,29.599690479],[81.775591471999974,29.601618391999978],[81.773654409000017,29.605750539999974],[81.774383267000019,29.611200102999987],[81.776938050000012,29.617351752],[81.778135427,29.618481476999989],[81.78256610699998,29.619786169],[81.783332512000015,29.622504051000021],[81.790937428,29.621423701000026],[81.805679270999974,29.608904836000022],[81.806571629000018,29.606625937],[81.811778238999977,29.602829741999983],[81.815543822,29.597612222]]]}},
{"type":"Feature","properties":{"adm3_pcode":"NP0665402","adm3_name":"Soru","adm2_name":"Mugu","local_level_type":"rural municipality"},"geometry":{"type":"Polygon","coordinates":[[[82.045176821999974,29.750901581999983],[82.051321158,29.748166742000024],[82.055599636000011,29.748015443999975],[82.060228289,29.746140251999975],[82.059338706,29.743822142],[82.061414082999988,29.738791768999988],[82.059349005,29.732015115000024],[82.059772286,29.730311162000021],[82.060939259,29.729895844],[82.061136138,29.728288435000024],[82.065532319999988,29.726518727999974],[82.067913842,29.724656875],[82.066780053,29.72184230900001],[82.068712839,29.719223957],[82.06873886,29.717960764],[82.073093917999984,29.713288514999988],[82.075140214999976,29.712500557],[82.077830130999985,29.713919840000017],[82.080355677,29.713012898999978],[82.081280228000026,29.710325975999979],[82.080343880999976,29.709077391999983],[82.081775823999976,29.705163904000017],[82.085144983000021,29.702184045000024],[82.088636631999975,29.701724581],[82.093183951000015,29.698617561],[82.093464386,29.696779361999972],[82.092344450999974,29.694921143999977],[82.093533461999982,29.692423645000019],[82.09237152999998,29.690680790999977],[82.092840233,29.689833439999973],[82.098329133999982,29.688396468],[82.101153914,29.6862304],[82.101066842000023,29.68416296700002],[82.097999518,29.680645186999982],[82.099764938000021,29.678754078],[82.099776979000012,29.676536909],[82.101506831,29.675180625],[82.102132473999973,29.673109453],[82.100670701000013,29.665638253],[82.102906793999978,29.664070184000025],[82.10318901,29.66129825500002],[82.108777364,29.657721926000022],[82.109769987999982,29.653989978000027],[82.112746704000017,29.654122885],[82.113581550999982,29.65285064],[82.110303154,29.648162093],[82.11023838,29.646674105999978],[82.105960456,29.64393798499998],[82.105263982,29.641158358999974],[82.102765264000027,29.637827632999972],[82.103214722000018,29.636781924],[82.102667210999982,29.634752105000018],[82.10227153,29.63723861699998],[82.096605733999979,29.644126202999985],[82.089717574000019,29.646201530999974],[82.088576192,29.648166331000027],[82.082726918,29.652052943],[82.073670259999972,29.646830921],[82.066572971000028,29.647373140000013],[82.064565075000019,29.646548],[82.064186623000012,29.643458845],[82.065252107999981,29.640006309],[82.064025265999987,29.637318666999988],[82.062904356,29.630890688000022],[82.060885615000018,29.628615371000024],[82.063064517999976,29.624691582000025],[82.05888515800001,29.621170473],[82.058512635,29.618559399999981],[82.05598022700002,29.615570828999978],[82.056069552999986,29.611016442999983],[82.058046392999984,29.608582886000022],[82.058136669000021,29.603383372999986],[82.054557423,29.599392693000027],[82.052369138000017,29.594136901000013],[82.054610204000028,29.594245424],[82.05666521,29.595555269999977],[82.059929896000028,29.595132295999974],[82.066288822,29.595942938],[82.073655974000019,29.594167151000022],[82.075819659999979,29.595004417999974],[82.07966240899998,29.59379815],[82.083850639,29.59421511],[82.094534604999978,29.591420968000023],[82.096579541999972,29.593194832999984],[82.101105814,29.592352227999982],[82.102925388000017,29.594987198000013],[82.103947866,29.595330556000022],[82.104778318,29.591965319],[82.107055376,29.58904593699998],[82.106446168,29.584770203],[82.102732913000011,29.579011498],[82.102284199999986,29.577068796],[82.100355423999986,29.575866818],[82.100827157000026,29.573456425000018],[82.103970929000013,29.569474281],[82.110486133,29.564525714000013],[82.11048417,29.562635703000012],[82.112654125,29.559369726],[82.113339614999973,29.555074201000025],[82.10929502800002,29.552674427],[82.108712196999988,29.551271924],[82.110528535000014,29.546820303],[82.10038748,29.543839556000023],[82.091669027000023,29.544899391],[82.090062292000027,29.545762786000012],[82.087994202,29.548887776000015],[82.082366729,29.551762175000022],[82.079946050999979,29.552205785000012],[82.070380536000016,29.549597012],[82.058566362000022,29.548419572],[82.050101195000025,29.542690293000021],[82.04878155,29.540156573],[82.04771158,29.539700349999976],[82.040981542,29.544034033],[82.039865790000022,29.545599121],[82.039632464000022,29.554363362],[82.038359162,29.556353595000019],[82.03627192,29.557784056],[82.031114469999977,29.559378207],[82.027775221000013,29.563545079999983],[82.02491426,29.562412393999978],[82.022710806000021,29.559443138],[82.01810872599998,29.557344828],[82.018407949999983,29.553415825],[82.019925558000011,29.549964606],[82.019789700999979,29.546708783999975],[82.021105952000028,29.54389512900002],[82.017720371,29.536412650999978],[82.015527399,29.534347686],[82.014771751000012,29.531189032999976],[82.015228305,29.525122854000017],[82.012003656,29.523338535999983],[82.006219268,29.522949424999979],[82.005067718000021,29.523921191999989],[82.00510936,29.526043307],[82.00958263299998,29.53520714299998],[82.009084920000021,29.536837172],[82.009959859999981,29.540204682000024],[82.006581547999986,29.541500138],[82.001051207999978,29.549720225999977],[81.99825460400001,29.552305693999983],[81.998239954999974,29.553636568],[81.996465310000019,29.554308479999975],[81.992572207000023,29.558162875],[81.987153895,29.557682278000016],[81.983506429999977,29.559046722],[81.978286591000028,29.565109705],[81.968083202,29.566966256],[81.966217481,29.568953417999978],[81.958781308000027,29.565971400000024],[81.953163538000013,29.561446865],[81.943556931999979,29.560633487000018],[81.937240030999988,29.558240055],[81.932428577,29.560820305999982],[81.923819476,29.562366848000011],[81.916497683999978,29.564720458000011],[81.907505877,29.560174188000019],[81.902978938999979,29.559961455],[81.900003191999986,29.558231385],[81.896017066000013,29.560673974],[81.892716832000019,29.560605994000014],[81.891587006,29.562905138000019],[81.885256894,29.565015785000014],[81.878739328,29.569425716000012],[81.872454807999986,29.569643041],[81.865618397,29.568230761],[81.860271124,29.565252149],[81.853523382999981,29.564129591999972],[81.853619353999989,29.564882274000013],[81.848398202999988,29.570987564],[81.846231854,29.572104364999973],[81.842895560999978,29.578695827],[81.834284041999979,29.589089479999984],[81.826988067,29.590995944999975],[81.814767732,29.598104165],[81.81356347000002,29.600806895],[81.806571629000018,29.606625937],[81.805679270999974,29.608904836000022],[81.790937428,29.621423701000026],[81.783332512000015,29.622504051000021],[81.784703845000024,29.624740175],[81.791002119999973,29.627298902],[81.800053021,29.623123798999984],[81.810203965000028,29.62189156300002],[81.816196054999978,29.623316392],[81.824359813,29.61988945600001],[81.829626444999974,29.621058799000025],[81.837647914,29.620715196999981],[81.843323112,29.621946791000028],[81.846624857999984,29.621341584],[81.850175658000012,29.61950099500001],[81.852867415999981,29.61935286],[81.866711693000013,29.633123088],[81.870804743,29.633842830999981],[81.872394128,29.635000745000013],[81.873278565000021,29.638468373000023],[81.87280057800001,29.641198358999986],[81.876481174,29.645750426],[81.87667646,29.648994813],[81.883180858,29.653430994000018],[81.88266968,29.656551444],[81.883698109000022,29.659431564999977],[81.887845202,29.664045632000011],[81.889658699999984,29.667409906999978],[81.891544049,29.668371593000018],[81.898458349,29.668518869000025],[81.904667408000023,29.666692567999974],[81.909652542,29.663119601],[81.917592567999975,29.663714475],[81.920390226,29.664797975999988],[81.919578246000015,29.669510710999987],[81.921714501,29.673519618],[81.9276021,29.675167864],[81.930504779999978,29.677581117999978],[81.933101997,29.67704408100002],[81.936707205,29.673026573000016],[81.937930295,29.672627690000013],[81.946706170000027,29.67509590100002],[81.953991620000011,29.680984458000012],[81.968862512999976,29.690937997999981],[81.987558708999984,29.700180284],[81.992728484999986,29.704167550000022],[81.997300153000026,29.711564738999982],[81.998928159,29.712578730000018],[81.99819677,29.715229846999989],[82.004469071000017,29.719860069],[82.00598141,29.727124536000019],[82.011750106000022,29.730964388000018],[82.015273655999977,29.735716559000025],[82.019970995,29.736523991000013],[82.023937384000021,29.740032032999977],[82.028287595999984,29.740228393],[82.030244101,29.745420873],[82.033795519000023,29.74714557599998],[82.035388136999984,29.749084106999987],[82.042110518000015,29.749626655999975],[82.045176821999974,29.750901581999983]]]}},
{"type":"Feature","properties":{"adm3_pcode":"NP0665403","adm3_name":"Mugumakarmarog","adm2_name":"Mugu","local_level_type":"rural municipality"},"geometry":{"type":"Polygon","coordinates":[[[82.56451991,29.946141581],[82.563286651999988,29.942583018999983],[82.565412116,29.939164808999976],[82.566622215999985,29.932304282000018],[82.569952176000015,29.930292773000019],[82.571787872000016,29.926758506],[82.576752611000018,29.92457285],[82.57955204000001,29.921533739999973],[82.582719035000025,29.921915128000023],[82.584662471,29.92123691],[82.58808582,29.914828248999981],[82.589942436,29.908912582000028],[82.594236419000026,29.905465156999981],[82.595763569999974,29.903113463000011],[82.596160834999978,29.899748408999983],[82.601375373999986,29.893376585999988],[82.60141330099998,29.890659528000015],[82.602278591000015,29.888997571],[82.608497208000017,29.884422158],[82.61956354900002,29.879231940000011],[82.63056463700002,29.877648384],[82.637604544,29.874803009],[82.64239011,29.870080275000021],[82.642698500999984,29.867248669],[82.640409778999981,29.862868043],[82.633452998999985,29.858921741000017],[82.63134777099998,29.856707852],[82.630785276999973,29.854056653999976],[82.631618505,29.849566211000024],[82.629771404999985,29.84844866200001],[82.627386661,29.848884022],[82.62169766,29.847268647000021],[82.618828909,29.841968222999981],[82.619523631999982,29.83864229400001],[82.62086678999998,29.837231009],[82.639602482999976,29.833819243],[82.646302081999977,29.836129882000023],[82.648447369999985,29.838224344000025],[82.655638071999988,29.838288700000021],[82.657813902999976,29.841186274999984],[82.660536071000024,29.842240032],[82.662447741999983,29.84246235400002],[82.665880179,29.840979295000011],[82.667147403,29.842857203],[82.669839014,29.843910457999982],[82.675948690999974,29.843247927999982],[82.684303719000013,29.847099948999983],[82.686347211999987,29.852034457],[82.690510540999981,29.853965717],[82.693989758999976,29.853612304000023],[82.697092363000024,29.855289258000028],[82.700438388,29.853058019],[82.703790589999983,29.84523367700001],[82.710480744999984,29.838767947],[82.714710373,29.837848474999987],[82.719303595999975,29.838959816],[82.722049976,29.83872032],[82.726499937000028,29.835254088],[82.726959787,29.83038267500001],[82.730425498999978,29.821329511999977],[82.733233644999984,29.816841410999984],[82.737222648999989,29.814446197],[82.737029195,29.813481346],[82.731017607000013,29.809082350999972],[82.729011705,29.808575930000018],[82.729702081000028,29.806920407],[82.728007896,29.802889757],[82.719867814999986,29.800172444999987],[82.715912839999987,29.797867536000012],[82.712915886000019,29.794335944000011],[82.710150796999983,29.792728050999983],[82.705127676000018,29.792518804],[82.700658740999984,29.794773088],[82.694006726,29.791117138],[82.695963598999981,29.784169941000016],[82.695971838999981,29.781585495],[82.686391629000013,29.773416858000019],[82.68908489,29.770071961999975],[82.689976036000019,29.763075878],[82.693151517999979,29.76113392100001],[82.69761546,29.761611008999978],[82.707145272999981,29.765091895000012],[82.71095561300001,29.768888662],[82.715512435,29.768499957000017],[82.718903082,29.766083611],[82.723706462,29.770471526],[82.727703942,29.769168147000016],[82.733022620999975,29.770658029],[82.738463605,29.768693859],[82.744637120999982,29.769433699],[82.74784374799998,29.766220986],[82.752099244000021,29.765519180000013],[82.756964713,29.762044517999982],[82.758452299,29.760051227000019],[82.758888711999987,29.755312425999989],[82.76183742,29.749879978000024],[82.761352413,29.747446448],[82.766629981999984,29.742401],[82.766149975000019,29.733740674999979],[82.764655154000025,29.731890885999974],[82.762823921,29.731129553000017],[82.774739681000028,29.727415335999979],[82.778816109,29.72508043],[82.781971043999988,29.725560558999973],[82.792756683,29.720063927000012],[82.797523679,29.718988664999983],[82.807018578999987,29.721541887],[82.816606826,29.721799388000022],[82.817787243,29.721083662000012],[82.821115953,29.716083930000025],[82.821279853000021,29.713771459999975],[82.819626094,29.710008346],[82.814858523999987,29.705547500000023],[82.815576056,29.702274692],[82.818512031000012,29.696152806999976],[82.827013938,29.689764535999984],[82.827337536000016,29.685863403999974],[82.826042234,29.681808074],[82.826121268,29.676531254],[82.828883855000015,29.66917160700001],[82.826715578,29.654454255000019],[82.8269151,29.64902282700001],[82.822866342999987,29.64584974600001],[82.820182225999986,29.648078995999981],[82.815340354,29.646565312],[82.813804528999981,29.645234474],[82.812728986000025,29.642308667],[82.805153414000017,29.638336542],[82.803107386000022,29.638088096999979],[82.799555715,29.6396054],[82.798273580999989,29.639438145999975],[82.796395129000018,29.637395807000019],[82.794196487000022,29.631491633999985],[82.794479249,29.625957278999977],[82.79655673100001,29.619079263],[82.796097837,29.61387192799998],[82.799184208999975,29.611773109000012],[82.799530531000016,29.609013434000019],[82.801516952999975,29.605628029],[82.801398012,29.603547408],[82.805833112000016,29.59958197200001],[82.805336988000022,29.596787598999981],[82.805868769000028,29.594773794999981],[82.809382516000028,29.592856714999982],[82.809068965,29.588273261999973],[82.807527712000024,29.586522775],[82.813309627000024,29.576526858000022],[82.81359837399998,29.571669064],[82.81468419700002,29.569957927000019],[82.814224280000019,29.565954979000026],[82.815425843000014,29.563969682],[82.817681306,29.562959061000015],[82.81910431,29.559396914999979],[82.815491674999976,29.556416948],[82.813489026000013,29.555717919000017],[82.810290963999989,29.555633001999979],[82.8082551,29.556422148000024],[82.803098218,29.551438780000012],[82.802737807000028,29.549484582],[82.798920403000011,29.545760305999977],[82.795948975999977,29.537546398000018],[82.792525657999988,29.536119226999972],[82.791977592000023,29.533845305],[82.784911474000012,29.525580276000028],[82.784861026999977,29.523324547000016],[82.786711245,29.52165435500001],[82.786365228000022,29.518667377999975],[82.781455860999984,29.51430558200002],[82.778165651999984,29.515912757000024],[82.773881731000017,29.516146231],[82.764789259,29.514266765],[82.766481689999978,29.512464707999982],[82.765759119999984,29.511503910999977],[82.754920117999973,29.510502960999986],[82.747940884,29.507397142],[82.744881415,29.5078848],[82.74009465,29.506950937],[82.732849677,29.508129278000013],[82.731759770999986,29.507706176],[82.728275414,29.502501293000023],[82.727925442000014,29.500386920999972],[82.7262498,29.500140855999973],[82.727107671999988,29.497618541],[82.726761119,29.496336405000022],[82.728509141000018,29.492794199],[82.728443073,29.490420855000025],[82.726271266000026,29.486218649000023],[82.725654792,29.48290182400001],[82.723407859000019,29.479260437999983],[82.730783052,29.472515241999986],[82.734400355,29.470244696],[82.735202293999976,29.467829994999988],[82.734114745,29.46523047],[82.729880778999984,29.461207152999975],[82.728402804999973,29.457509974],[82.726258012000017,29.455502502],[82.725118173,29.452164858],[82.725179419000028,29.448861288999979],[82.71708729,29.444827665],[82.719246385000019,29.441045861000021],[82.717869928000027,29.438883228],[82.717930591000027,29.436594566],[82.715415479,29.434351048999986],[82.714729751999982,29.431642478000015],[82.712528454999983,29.430220639000026],[82.707181263999985,29.429350135999982],[82.702424334,29.427066524999987],[82.700077125,29.428426176000016],[82.698228126,29.428538887],[82.690142232000028,29.425155513],[82.686617470999977,29.421685844000024],[82.685634232999973,29.418367511999975],[82.68740789200001,29.414007319],[82.687128272,29.412538574999985],[82.682937458000026,29.409874195999976],[82.678124020999974,29.408340201999977],[82.675556522000022,29.403878389],[82.67301958500002,29.402405237999972],[82.670541316000026,29.401500845999976],[82.663777961999983,29.402759436999986],[82.66080963600001,29.401816167],[82.658969551999974,29.399738518999982],[82.659096436000027,29.395346367],[82.641954911000028,29.385298784999975],[82.639733004999982,29.389493674999983],[82.635412896,29.393089649999979],[82.627686220999976,29.395139402999973],[82.62381775,29.398182562999978],[82.623850039999979,29.402174880000018],[82.625641154,29.406158286999982],[82.626768164999987,29.413551681],[82.626139274000025,29.421738848000018],[82.622967212999981,29.424620033],[82.614675619000025,29.423273343],[82.598502759999974,29.423374772999978],[82.595123547000014,29.422716719999983],[82.592540618999976,29.421015964],[82.586118715,29.422531225],[82.583690589000014,29.420378701],[82.5826851,29.417307532999985],[82.580641964,29.416108425],[82.57384749900001,29.413805347],[82.558840843999974,29.411352409000017],[82.556681605999984,29.412993474000018],[82.552235438000025,29.414237539999988],[82.548688172000027,29.417293202],[82.541645816000027,29.420698529],[82.525373191000028,29.422305569],[82.519187548,29.421585103999973],[82.516330168000025,29.419471695000027],[82.51299529,29.420462928],[82.510646068000028,29.435238143999982],[82.507504082000025,29.437205662999986],[82.504992931,29.440068734000022],[82.504900529,29.442018551],[82.502244508,29.445590365999976],[82.502204092,29.45108373],[82.500205732999973,29.457678210999973],[82.501829359999988,29.459020361],[82.502056461999985,29.464965561999975],[82.505505352,29.468856314999982],[82.505518063000011,29.470687769999984],[82.500232946999972,29.475066658],[82.50014375,29.479285264],[82.5015396,29.483595008],[82.497975054,29.491443724000021],[82.49589561,29.493517187],[82.489228251999975,29.491246547],[82.485778145999973,29.485746193000011],[82.480861757000014,29.485561948999987],[82.480810562999977,29.483147111],[82.479716309000025,29.481373132999977],[82.477044901,29.479388840000013],[82.474657789999981,29.479367931000013],[82.471434193999983,29.474877299000013],[82.46570798099998,29.47143803199998],[82.462098934999972,29.47026215],[82.452695894999977,29.464447235000023],[82.45162224500001,29.457372878],[82.448626159000014,29.450729824],[82.444657549,29.448930431],[82.442327047,29.446165840999981],[82.432330467999975,29.443303518],[82.428842461999977,29.445564755000021],[82.426547703999972,29.449184319999972],[82.417134765000014,29.44785049],[82.411106771,29.45122296],[82.41104978300001,29.4541375],[82.409727807000024,29.455764079],[82.409286612000017,29.459174318],[82.4104393,29.46383734],[82.406809442999986,29.469024676],[82.404182693999985,29.471327985000016],[82.403550988,29.473506524000015],[82.401947113,29.475093163999986],[82.401135840999984,29.478653758],[82.396424892000027,29.483270383],[82.395946827999978,29.486662871000021],[82.393472646000021,29.490885940999988],[82.391423557,29.496895226],[82.386845724000011,29.501065768999979],[82.384563832000026,29.501899219],[82.380443214000024,29.498374172000013],[82.375493296,29.49679712],[82.371870230000013,29.493571052999982],[82.370468404,29.491221938000024],[82.363483627,29.490353224999978],[82.34566755100002,29.493928999],[82.339724163000028,29.504169581999975],[82.33382603299998,29.504041691999987],[82.330738627000017,29.504778515],[82.328484308999975,29.508017178999978],[82.316811495000024,29.506568076],[82.315109732999986,29.509453719000021],[82.316886253,29.515182773999982],[82.311083952,29.519931245],[82.307888252,29.520573950000028],[82.304930195,29.524870130000011],[82.302392682,29.524164344999974],[82.300433124999984,29.524742762000017],[82.295526257,29.52994414],[82.293188875999988,29.53053755000002],[82.286148896999975,29.537141892000022],[82.284357408,29.53624801],[82.280986053999982,29.536415881999972],[82.275343656000018,29.538671399],[82.268374470000026,29.539367355000024],[82.269003823999981,29.542417331000024],[82.267307480999989,29.546199952],[82.267738743,29.548983512],[82.264910539000027,29.553600100999972],[82.263180552999984,29.558539989999986],[82.265844008999977,29.561331583000026],[82.266763987,29.56559219899998],[82.268675851000012,29.568758495],[82.270525091000025,29.581848864999984],[82.265195737,29.579684987],[82.262765258,29.576478499000018],[82.259874750999984,29.574645314],[82.248811835000026,29.571071293999978],[82.246851138000011,29.569287681],[82.245411578000017,29.569601192],[82.243558796,29.571413807],[82.235198567999987,29.574401279000028],[82.230676765999988,29.583101586999987],[82.229062323,29.588224835],[82.227368534,29.589314146],[82.226311635,29.59153642299998],[82.221422651000012,29.596175667000011],[82.220891133,29.597583402999987],[82.221114737999983,29.600231409],[82.222637143999975,29.603963521000026],[82.224179279,29.605462654],[82.225827924999976,29.612030817],[82.224381659000016,29.619696579],[82.226326480000012,29.621606929999984],[82.227232504000028,29.630015534],[82.230254971000022,29.636088262999976],[82.229792169,29.641872966999983],[82.231541244000027,29.648173903999975],[82.229591868,29.652213309999979],[82.232370098999979,29.656125299],[82.231258240999978,29.659818626],[82.233660193999981,29.661388515999988],[82.235636869000018,29.664132914],[82.236955358999978,29.668157683],[82.232389359000024,29.674492585],[82.235056874,29.677370355999983],[82.235699354000019,29.680330089999984],[82.235407743999986,29.681566471],[82.231260395,29.683734142999981],[82.230980994999982,29.690053923999983],[82.23216689100002,29.696635201999982],[82.231643324,29.700465086],[82.232824005,29.69899492899998],[82.236063957,29.697882144],[82.245864933,29.697639188999972],[82.248753465999982,29.698049508],[82.25396544900002,29.70077883099998],[82.261378831,29.702799129000027],[82.262976192,29.701990040999988],[82.263617278000027,29.699442163000015],[82.268067726000027,29.696580498],[82.281901292999976,29.692261485000017],[82.286786130999985,29.695069358000012],[82.29175187300001,29.695907293],[82.294032408000021,29.69723826500001],[82.297439757,29.697096643],[82.300836345999983,29.700683046999984],[82.304650525999989,29.703085756],[82.306009798,29.705217139000013],[82.309596715,29.706751425],[82.313035322000019,29.712217967000015],[82.316742848,29.710546115999989],[82.323748138999974,29.710557408999989],[82.328080456,29.711964218],[82.333418714,29.712454066000021],[82.335118072,29.714265921999981],[82.339466132999974,29.715814281],[82.349419327000021,29.712948200000028],[82.352800983,29.706962060000023],[82.361402704999989,29.70258891200001],[82.363331356,29.703748583],[82.366625839,29.703949175999981],[82.373688287,29.701981654],[82.377054187999988,29.69946819],[82.378768004,29.696953764],[82.382188783,29.697098552],[82.386949969,29.695873801],[82.392629426999974,29.696560761],[82.394950639,29.701396344999978],[82.397826410999983,29.702470975999972],[82.402797917999976,29.708746716],[82.410964756999988,29.714106341],[82.412857738000014,29.717694472],[82.410780051000017,29.719371970999987],[82.410313588,29.720703027000013],[82.410830827999973,29.727066316],[82.412067911,29.730018746999974],[82.414168772999972,29.731962848000023],[82.408900351999989,29.735911585999986],[82.407528833000015,29.74308652000002],[82.40540175000001,29.746176262],[82.401095268,29.749776172],[82.40057948499998,29.754925808],[82.398316237000017,29.757820690000017],[82.397412605999989,29.761154364999982],[82.397534618,29.76286933199998],[82.399958868999988,29.764986172000022],[82.404975464000017,29.766518355000017],[82.407665230000021,29.769164397999987],[82.411356623000017,29.771060090999981],[82.412673998,29.777712426999983],[82.411673972000017,29.779588112],[82.411875542000018,29.780963986000017],[82.410544390999974,29.781992994],[82.408640454000022,29.785603628999979],[82.403931633000013,29.787072232000014],[82.403074251000021,29.79321102],[82.40217941100002,29.794492448000028],[82.403397739000013,29.79786234],[82.403529691000017,29.802405168],[82.400824441999987,29.805291232],[82.405922131000011,29.810902160000012],[82.410671084,29.808903043999976],[82.415453991,29.808869996],[82.422555180000018,29.807050462],[82.426414810999972,29.811618468],[82.434278534999976,29.812083608000023],[82.437002129,29.81374537],[82.438538439000013,29.815837261000013],[82.439744857,29.824134502999982],[82.435361611000019,29.832003199999974],[82.42976287800002,29.835133197],[82.43008624700002,29.839443862],[82.435345876999975,29.843748351999977],[82.435664866000025,29.845203970999989],[82.435719732,29.854600656],[82.434912656999984,29.860705198],[82.440168648,29.862596414],[82.443711082,29.860417610000013],[82.454986088999988,29.860884613999986],[82.461103826999988,29.86337891300002],[82.462489286,29.865278193],[82.461906211999974,29.872895847],[82.458805063,29.876495525999985],[82.459211532999973,29.88144113200002],[82.454415628,29.884513771],[82.448831422000012,29.886160593999989],[82.447508992,29.88862190499998],[82.455263318999982,29.897169350000013],[82.459350256,29.897225656999979],[82.460695299,29.898410566999985],[82.467746762,29.898792265],[82.469594583,29.904375771],[82.472597093,29.905165431],[82.474189345000013,29.906599884],[82.473709193,29.911212507000016],[82.471518183,29.914222817],[82.470123664000027,29.918414903999974],[82.471168107999972,29.920254684999975],[82.479717871999981,29.923374899],[82.481981764000011,29.925726275999978],[82.487406279000027,29.928382612],[82.495869770000013,29.939385462000018],[82.497515384,29.947290124],[82.499843902,29.946048026000028],[82.504073091,29.94814827],[82.508230943,29.948926073],[82.514034396,29.952112740000018],[82.516813260999982,29.955346293],[82.518968756,29.956468783],[82.521592990999977,29.960981463999985],[82.523117577,29.961851032000027],[82.525759418,29.967168887000014],[82.52917762300001,29.970925776],[82.531734584,29.970981371999983],[82.54294911,29.964755503999982],[82.549020121000012,29.963277736],[82.552078091999988,29.959468640000011],[82.562978999,29.955152087999977],[82.562462555000025,29.949763459],[82.56451991,29.946141581]]]}},
{"type":"Feature","properties":{"adm3_pcode":"NP0666401","adm3_name":"Namkha","adm2_name":"Humla","local_level_type":"rural municipality"},"geometry":{"type":"Polygon","coordinates":[[[81.620042173,30.447198467000021],[81.634000034999985,30.444988944999977],[81.639096481000024,30.440489633000027],[81.646454541000026,30.439686568000013],[81.653512975000012,30.434764261999987],[81.66083788100002,30.432508209],[81.664305878,30.430492451000021],[81.667727414000012,30.430093850999981],[81.67221478099998,30.427522348000025],[81.689290836999987,30.425403613000015],[81.694717180999987,30.423723978999988],[81.699874245,30.419228729999986],[81.706487561000017,30.41702584799998],[81.710449891999986,30.413689096999974],[81.71425603,30.411715277999974],[81.726726628,30.411240507],[81.729140460999986,30.409118431000024],[81.729247148000013,30.402115219999985],[81.731583651999983,30.398205061999988],[81.736549002,30.396316689],[81.739096521000022,30.393361379999988],[81.745612011,30.39267479199998],[81.748060419000012,30.389652302],[81.751013530000023,30.388694935999979],[81.762082994000025,30.389007446],[81.764337211999987,30.387517058000014],[81.768234937999978,30.386797307999984],[81.773941198999978,30.384271631999979],[81.782776582,30.385348849000025],[81.790624052999988,30.388907755],[81.797513335000019,30.386594826000021],[81.803651494,30.386167020000016],[81.808882752999978,30.38718344],[81.810886843,30.384399358],[81.815120150999974,30.383509254999979],[81.817605448999984,30.379578601],[81.819421537999972,30.37815545],[81.825650552000013,30.375062647],[81.829385774,30.375699768],[81.831483376,30.374843006],[81.84044197999998,30.376522231000024],[81.844020467,30.374336366000023],[81.849851874000024,30.373060448],[81.849613417,30.375711880999972],[81.85047764,30.377368363000016],[81.855039594,30.379420174000018],[81.861397695,30.377303594000011],[81.867651895999984,30.377221634000023],[81.871080647999975,30.375306679],[81.872913391,30.37234236],[81.877957003,30.369408276],[81.878656428999989,30.36828958000001],[81.878623935,30.365091881000012],[81.871783499,30.362250984000013],[81.868509524,30.355441639999981],[81.863918292,30.348695083999985],[81.864459142999976,30.346109273000025],[81.869641958999978,30.341393045000018],[81.875673334999988,30.340340173000016],[81.87678612000002,30.333988725999973],[81.880716442999983,30.331294351999986],[81.882811474999983,30.327762028],[81.887533804999975,30.325522185000011],[81.887980051,30.322607654000024],[81.886756295999987,30.318788809000011],[81.879776530000015,30.314629909000018],[81.877403467000022,30.299621351999974],[81.875963021000018,30.297513341000013],[81.872569278000014,30.295515292],[81.872787300000027,30.292909040999973],[81.871705718999976,30.288741730000027],[81.874175754000021,30.285585938999986],[81.879330012000025,30.283972731],[81.883255234999979,30.276943765999988],[81.885123686999975,30.275873393999973],[81.886566781999989,30.27360388],[81.886938798000017,30.270189145000018],[81.8837428,30.267118824000022],[81.886123605000023,30.263530385000024],[81.885509332000026,30.259497630999988],[81.887426622000021,30.25364358600001],[81.885515461000011,30.249899160999973],[81.889220177000027,30.247855596000022],[81.889445912999975,30.246956496999985],[81.885171346999982,30.242159135],[81.887468722999984,30.238744928000017],[81.89115196,30.23588506599998],[81.894306684000014,30.231037255999979],[81.891034513000022,30.227687898],[81.884606722,30.224066643000015],[81.876687376,30.220870075999983],[81.875756345000013,30.219477945],[81.875518197000019,30.215965833999974],[81.876591342999973,30.213703375000023],[81.879873432000011,30.211640368000019],[81.879725017,30.208382486],[81.880807415,30.206004850999989],[81.883109328999979,30.203758908999987],[81.886724792999985,30.202516643000024],[81.888167711,30.199757735999981],[81.88599367,30.197997496000028],[81.887903935999987,30.193365772],[81.886966518,30.189434378999977],[81.888021293,30.184023592000017],[81.886099075,30.179974818],[81.886167742,30.177358191999986],[81.893245800999978,30.175618709999981],[81.893012839999983,30.172097538],[81.893972498999972,30.170004874000028],[81.895331763,30.159860288],[81.893171411000026,30.154708178000021],[81.900142494000022,30.146178335],[81.899395989000027,30.13582261099998],[81.903685659000018,30.128916761000028],[81.914721260000022,30.119611677000023],[81.916514968,30.115584707999972],[81.921452747999979,30.114445074],[81.921105529999977,30.112115475999985],[81.922068723,30.108216106999976],[81.924739695000028,30.100470626],[81.926320138,30.098749999],[81.926518849999979,30.089747661],[81.921820269000023,30.079135651],[81.913763803,30.073420569],[81.902096588,30.070659405000015],[81.893626887999972,30.070121890999985],[81.884813528,30.070652836000022],[81.883574313,30.068053999000028],[81.875549273,30.059447251],[81.874604004999981,30.05749817200001],[81.874853756,30.055683220999981],[81.871520934999978,30.050793193],[81.87376143900002,30.044440824],[81.873063494,30.043405786],[81.867755019000015,30.037897224],[81.861386934,30.035889006],[81.855577885,30.031346284],[81.857153277,30.028954407000015],[81.856660205000026,30.026548876],[81.853631048000011,30.023905017],[81.850923755999986,30.022752024],[81.850019550000013,30.02050022200001],[81.84440034,30.013197511999977],[81.84322527,30.012221711],[81.841108377000012,30.01211344],[81.835402118,30.007963808999989],[81.828196260000027,30.006649388000028],[81.825235099999986,30.006895758999974],[81.82136759399998,30.005650194],[81.816183033000016,30.010089451],[81.814943089,30.016037747999974],[81.812987874999976,30.018363876000024],[81.807975791999979,30.022702456],[81.804982051000025,30.024114654000016],[81.80274585,30.027800024999976],[81.798176230000024,30.027784958999973],[81.792096056,30.031511519],[81.789629332,30.031612035000023],[81.785005306000016,30.033529725],[81.77843286,30.038720015000024],[81.775992067,30.042085912],[81.774734299999977,30.04544251599998],[81.780097544,30.04961714],[81.780706792999979,30.051760635],[81.779633284999989,30.053314160000014],[81.775791544000015,30.054367566999986],[81.773044627,30.056616565000013],[81.772460251999973,30.057650710000019],[81.773102662999975,30.064088238000011],[81.772434385,30.067010641000024],[81.770278889999986,30.069170343999986],[81.76771592,30.069701818],[81.765179206000028,30.076178234],[81.759003502999974,30.072517425],[81.755881808000026,30.072483632],[81.752072683999984,30.073698587000024],[81.746250692,30.072777713999983],[81.742006061999973,30.070904953000024],[81.733780513999989,30.070590298000013],[81.733807153999976,30.069629325999983],[81.737285282000016,30.067298159000018],[81.744820823,30.063283961000025],[81.750185038999973,30.059198298000013],[81.751924783,30.056793113000026],[81.752786440000023,30.052288861000022],[81.754803290999973,30.048853590000022],[81.755421104999982,30.044422703],[81.756875450999985,30.042039448000025],[81.756468930999972,30.039457121999988],[81.757898276,30.037371714000017],[81.752973011,30.031188660999987],[81.749155226000028,30.02786798],[81.755165907,30.024197975999982],[81.754301914999985,30.020305641],[81.755163428,30.016676308],[81.75788601,30.012503990000027],[81.760351631999981,30.011215460000017],[81.753812193999977,30.009351789],[81.745042672000011,30.011486709999986],[81.741829508000023,30.010588123],[81.74119837,30.009267799999975],[81.742647413999975,30.006370468],[81.737626965,30.003965119999975],[81.735263601999975,30.003949024],[81.729686599,30.001846452],[81.726635188999978,30.002704578000021],[81.723210544999972,30.005441207],[81.721215197999982,30.00525819500001],[81.717645125999979,29.995642671999974],[81.715230775,29.992200523],[81.709031227000025,29.987017294],[81.708978326000022,29.982310547999987],[81.707354579000025,29.980756295999981],[81.704265965,29.979581986000028],[81.704074624999976,29.975872768999977],[81.704924819999974,29.972638586000016],[81.702652192000016,29.969583339999986],[81.703129476000015,29.967656965],[81.700450822,29.962361986000019],[81.698449190000019,29.960780293000028],[81.696026284000027,29.960260806],[81.689705921999973,29.962558498000021],[81.685323289,29.961816753999983],[81.684222732000023,29.956368876],[81.684443156999976,29.952251577000027],[81.685332566999989,29.950517065999975],[81.687240767999981,29.949203467000018],[81.67529808,29.943649252],[81.670595349,29.940610344999982],[81.667312418999984,29.940913454999986],[81.665027496999983,29.94021680100002],[81.657221386,29.943330144000015],[81.653000228,29.942764698000019],[81.648128822999979,29.946735816],[81.644706332,29.948040393999975],[81.636840227,29.944693219999976],[81.634324462,29.940753803],[81.626499836,29.938296733000016],[81.621332587999973,29.939394805],[81.618531742000016,29.938431354999977],[81.612776757,29.943160826],[81.605878196,29.937166165],[81.605046026000025,29.93241778700002],[81.602513106,29.930085968000014],[81.596768623,29.931309708000015],[81.590914756000018,29.930587316000015],[81.586586685999976,29.936026492],[81.58478291900002,29.936783271000024],[81.580598571,29.936084525000012],[81.577444361,29.933824942],[81.573497517000021,29.934430828000018],[81.570099942000013,29.933392250999987],[81.567204127000025,29.931435767999972],[81.564180556,29.930796911000016],[81.559528724000018,29.926077974],[81.555270728999972,29.927041071000019],[81.549254632999975,29.923089855],[81.542126350999979,29.927019071000018],[81.537636354000028,29.92652999],[81.534800413000028,29.927506858000015],[81.528201137,29.924023965],[81.516874785000027,29.92274267099998],[81.511881597000013,29.916074601],[81.514931747,29.909068491000028],[81.514801732000024,29.907580441],[81.51687804300002,29.905700274000026],[81.516821452999977,29.904266033],[81.511683975999972,29.900844156],[81.503873579000015,29.892806424000014],[81.495499284,29.889946571999985],[81.492618611000012,29.887092923000012],[81.488697194999986,29.888009781],[81.482817751000027,29.891509305],[81.479735854000012,29.891978404999975],[81.475849042999982,29.890424931999974],[81.470572595000021,29.889755918999981],[81.464380754999979,29.893303184],[81.45631365600002,29.901115022],[81.456927235000023,29.905666728000028],[81.461550830000022,29.913242582],[81.459985581000012,29.917980050999972],[81.462573232000011,29.920889566000028],[81.460234934000027,29.923922308999977],[81.460104971000021,29.929593023999985],[81.458914092999976,29.931760178],[81.454666373,29.934679968000012],[81.458486447999974,29.942558657],[81.456492479000019,29.945567595],[81.452756991,29.948959160000015],[81.453261681000015,29.951724907000028],[81.460847275,29.957625961000019],[81.463972028,29.957854047000012],[81.468571409999981,29.963620758],[81.468161138000028,29.971006620000026],[81.470072961000028,29.973079327],[81.469933882000021,29.975035328],[81.465122247000011,29.980833151000013],[81.463448587000016,29.98166455],[81.460569593,29.985738937],[81.463035319000028,29.995478368000022],[81.457040291999988,30.00089664799998],[81.454394692,30.002353785000025],[81.444416118,30.002933649],[81.440152506,30.006867968],[81.435907634999978,30.007878998000024],[81.430136124,30.007510076000017],[81.424424163000026,30.010771936000026],[81.419107796999981,30.012672307],[81.412522218999982,30.018550471000026],[81.404707088,30.019582949999972],[81.401951815000018,30.021129577000011],[81.40122026,30.022748913999976],[81.39943303299998,30.018027021000023],[81.390115402,30.016805439999985],[81.383807460000014,30.013512972],[81.38183154,30.007138043],[81.376497414000028,30.006388789000027],[81.374697722,30.009860560999982],[81.370345075999978,30.009640583000021],[81.367983440999978,30.010865121],[81.362748689,30.009494800000027],[81.356931659999987,30.010476062],[81.346342651999976,30.018707447999986],[81.331657264,30.024050171999988],[81.318542358,30.025521535],[81.314501219000022,30.032626933000017],[81.30967575699998,30.032778162999989],[81.306738508000024,30.030969416],[81.300159498000028,30.033253607],[81.290929741000014,30.03490732],[81.284549885,30.037467676],[81.282393755999976,30.040212699],[81.281249166,30.043399882000017],[81.274408285,30.044061597],[81.271849998999983,30.045187892],[81.271325135999973,30.051400487000024],[81.274091694,30.054552417000025],[81.274492807,30.058974506000027],[81.278400861000023,30.060594722000019],[81.278210858000023,30.062198818000013],[81.279625528999986,30.065966856999978],[81.287364265,30.069732612],[81.287553554999988,30.072878506],[81.289444705,30.074263713999983],[81.285855249,30.078369714000019],[81.288851680999983,30.083223737000026],[81.287036463,30.088227989000018],[81.288419971999986,30.090854760000013],[81.289093869999988,30.094701031999989],[81.288470632999974,30.098498415],[81.285572206999973,30.102614048000021],[81.285096102000011,30.105057747999979],[81.288163146999977,30.106706573999986],[81.288468169999987,30.109899589],[81.290384857,30.112450750999983],[81.287304510000013,30.113661967999974],[81.28509821199998,30.115732740999988],[81.283541693000018,30.118255418999979],[81.282416072,30.122931086999984],[81.278580380999983,30.124642121000022],[81.273033844999986,30.130768214],[81.272269403999985,30.133250842999985],[81.264370628,30.136074964999978],[81.262522543999978,30.137544736999985],[81.26028941300001,30.140957132999972],[81.257046310000021,30.143681266999977],[81.256145194,30.146464055000024],[81.257981288,30.151221568999972],[81.264715592000016,30.152060711],[81.272956643999976,30.155264588000023],[81.274122434,30.154497553],[81.286768118,30.15492163],[81.29093524000001,30.157704677000027],[81.304313732000026,30.159541881999985],[81.303409164000016,30.163127780000025],[81.30475308299998,30.16418919900002],[81.306389173000014,30.164061359000016],[81.309069666000028,30.161335031000021],[81.309416019000025,30.156710596999972],[81.316652858999987,30.151896092000015],[81.322011913999972,30.152873200999977],[81.332018276999975,30.153148193999982],[81.333988307000027,30.160333482],[81.342543789999979,30.168067873999973],[81.350523563000024,30.177970491],[81.357115731000022,30.18043366500001],[81.358919250999975,30.182758596999975],[81.370131443,30.186523215000022],[81.370862319000025,30.191045549000023],[81.37443196800001,30.196635508999975],[81.377580013999989,30.197627899],[81.39145751,30.205544225999972],[81.39494494600001,30.206548681000015],[81.39633196,30.208923914000025],[81.395127586,30.214252519000013],[81.396875513999987,30.218507704999979],[81.394244018,30.224190193000027],[81.394058934999975,30.226622023],[81.390762693,30.230466050000018],[81.39016933900001,30.233611806999988],[81.395301886000027,30.239809982999986],[81.396314822000022,30.242375818000028],[81.39549404600001,30.246451546],[81.391888715999983,30.250456616],[81.394594459000018,30.250964982000028],[81.398852541999986,30.255043345999979],[81.408303183999976,30.26098642],[81.410277655000016,30.267838800999982],[81.412729956000021,30.270370660000026],[81.414929818000019,30.274757153],[81.416489096000021,30.281585967000012],[81.415129923999984,30.284050902],[81.407280026000024,30.283132813],[81.403541140000016,30.281385175000025],[81.399479886,30.281487856000012],[81.401945703000024,30.283016185],[81.403450955999972,30.285077511999987],[81.401868955,30.290005835999978],[81.401802594,30.293014675],[81.403154267,30.293860801999983],[81.410206582,30.294948488999978],[81.411380937,30.297344529999975],[81.416822523,30.302523555999983],[81.422389098,30.30413192200001],[81.423163597999974,30.305026973999986],[81.420050659000026,30.308000585],[81.418874878,30.311603914999978],[81.414612874999989,30.316344655000023],[81.405268111,30.316037924999989],[81.400530609999976,30.320872211],[81.396288025,30.323341165999977],[81.398170526,30.325965196000027],[81.398762203999979,30.328744253000025],[81.405713403999982,30.336555678000025],[81.405512558999988,30.339729563],[81.403426439999976,30.341438808000021],[81.402438403000019,30.343994865000013],[81.404108872999984,30.349792714999978],[81.405930432,30.353088930000013],[81.404790062000018,30.354495281000027],[81.402186219999976,30.355283669000016],[81.399260706,30.357572785],[81.399676700999976,30.364578815000016],[81.395171699,30.367865000999984],[81.396512658,30.370023816000014],[81.398965173000022,30.371096626],[81.402247610000018,30.370281438],[81.406746596,30.371210228],[81.409816928,30.370853307],[81.411507672000027,30.371968912999989],[81.414249502000018,30.370812312],[81.419991838999977,30.370500736999986],[81.422238470000025,30.373531481999976],[81.422504256000025,30.376218919999985],[81.42923,30.383323845],[81.428795793,30.384268],[81.42599031200001,30.383988484999975],[81.420572161,30.385305094999978],[81.420097157999976,30.388892624],[81.416507153999987,30.388904132999983],[81.414109640999982,30.390540068],[81.411815277000017,30.393526627000028],[81.409542287000022,30.393107509],[81.406614271000024,30.395486990999984],[81.402063340999973,30.39533194],[81.400580467999987,30.396139404999985],[81.400342033000015,30.397804555999983],[81.403237876,30.401309390999984],[81.404937373999985,30.405388529999982],[81.404685125000015,30.407150735000016],[81.402684287999989,30.409856511999976],[81.406480371999976,30.413879624],[81.406936594,30.415339554000013],[81.405940731999976,30.418506864999983],[81.407937908,30.420992846],[81.421028486000012,30.420279103999974],[81.425803192999979,30.420599706000019],[81.427569673999983,30.421838863],[81.429824989999986,30.418500338],[81.432135077999988,30.416713291],[81.43234786,30.41362052300002],[81.43384598199998,30.412731504000021],[81.436223327999983,30.413382102000014],[81.438516408999988,30.418611266000028],[81.444909266000025,30.415831372000014],[81.447038207,30.413345513000024],[81.452688658999989,30.410933198],[81.455858557,30.406440857],[81.460934184,30.405584074999979],[81.467609806999974,30.403208023],[81.471313497999972,30.399132898],[81.472693531,30.393963283],[81.476099477999981,30.388560719],[81.481623887000012,30.386079908999989],[81.489353037,30.381197731999976],[81.492530413,30.381059479999976],[81.495587525000019,30.382468765999988],[81.500746151999977,30.380992167999977],[81.506746581000016,30.38060823],[81.514802379,30.378689028999986],[81.534983544999989,30.371239840999976],[81.539798695,30.371028368],[81.546419010000022,30.372108175],[81.551720260000025,30.369747163999989],[81.554144512999983,30.371624584000017],[81.555532963000019,30.373943947999976],[81.555082939999977,30.375204322],[81.550801095999987,30.378255846],[81.549705320999976,30.380926202000012],[81.550672702999975,30.402577544],[81.551361564999979,30.404762285],[81.553280202,30.406569642000022],[81.559353035000015,30.407355719],[81.557684602999984,30.415603665],[81.557758958000022,30.419403493],[81.558905067000012,30.424860932],[81.560713881000027,30.427951915999984],[81.564647427000011,30.429748241000027],[81.57416523400002,30.426576367999985],[81.577463567999985,30.424538859999984],[81.582858418,30.422809789999974],[81.587366270000018,30.417688215999988],[81.589170852999985,30.416710335],[81.598742580000021,30.414079974],[81.602282904,30.414002783],[81.606699956999989,30.41209690300002],[81.611709282999982,30.414240899999982],[81.616712151,30.420814039],[81.61917891500002,30.421805982000024],[81.621839997999984,30.424301160000027],[81.621372189999988,30.427375112],[81.618967033999979,30.433178091],[81.617450904,30.440900526],[81.617818381,30.445826564000015],[81.620042173,30.447198467000021]]]}},
{"type":"Feature","properties":{"adm3_pcode":"NP0666402","adm3_name":"Simkot","adm2_name":"Humla","local_level_type":"rural municipality"},"geometry":{"type":"Polygon","coordinates":[[[81.8820488,30.360716218999983],[81.888599769,30.360712444],[81.891982806999977,30.357378682999979],[81.896316038,30.356537202000027],[81.904179769,30.353192636000017],[81.909284743,30.353655670000023],[81.91164640400001,30.351181000999986],[81.91438111399998,30.349903473999973],[81.919445704,30.351058754],[81.923302278,30.348875581000016],[81.937614145,30.347359688999973],[81.944841038,30.349747822999973],[81.944685137000022,30.352195839],[81.945928055000024,30.356985905999977],[81.94921893999998,30.358867714999974],[81.953971624000019,30.354331715],[81.96040720100001,30.352947255],[81.96209170100002,30.350704490999988],[81.962027052999986,30.34608855],[81.956555843,30.341167245],[81.962324152,30.339043345],[81.969105867999986,30.337750632],[81.973227206999979,30.33298858],[81.974703130000023,30.329761718999976],[81.981942135999986,30.329497791],[81.983433105000017,30.327087039999981],[81.98626049,30.325814078],[81.987344587,30.322840311999983],[81.987085782,30.321132843999976],[81.988452538999979,30.320689469],[81.993652231,30.322170159],[81.995555688000024,30.320554464999987],[81.998026972,30.320600996999985],[82.005256869,30.328937258],[82.008112583000013,30.329815092999979],[82.012040555999988,30.329094656999985],[82.012551541999983,30.332457724],[82.011039815,30.341760823000016],[82.011331695000024,30.342588498999987],[82.015152268,30.343819565999979],[82.021460138,30.344318427000019],[82.02263214200002,30.342257013999983],[82.030864415999986,30.337458778999974],[82.038070980999976,30.340798071999984],[82.040603689000022,30.341012466],[82.054913667,30.334100647000014],[82.055834383999979,30.332503310999982],[82.056474832,30.340028174999986],[82.059089503999985,30.341513511000016],[82.060089042000016,30.345174617999987],[82.065222168999981,30.347196380000014],[82.064483986000027,30.35196754499998],[82.065577964,30.354901659],[82.067437731999973,30.356798884],[82.069931339,30.35611998600001],[82.073304697000026,30.358615864],[82.076515181,30.359227668000017],[82.081571597,30.359792567],[82.085227294,30.359090187],[82.089516401000026,30.35546653199998],[82.091606195,30.351351513999987],[82.096523928000011,30.349596442],[82.09662354,30.346463239],[82.097815254000011,30.343217],[82.096285888000011,30.340839327000026],[82.092915440000013,30.339649762000022],[82.090378746,30.329349069999978],[82.091079791000027,30.32545976],[82.089767839999979,30.322721684999976],[82.086658022,30.319409888],[82.085579441,30.312236110000015],[82.080656436000027,30.305838326000014],[82.076594052000019,30.303046027],[82.074593594000021,30.296030845000018],[82.073496025,30.294576216],[82.073499446000028,30.292264621000015],[82.069284488,30.288032268],[82.068814395,30.283440068],[82.069384662,30.281757549000019],[82.068424110000024,30.278479530000027],[82.065965237,30.276602981999986],[82.065691128000026,30.274561982000023],[82.062956149,30.270495512000025],[82.0587299,30.268339964],[82.058533297,30.265459420000013],[82.050982477,30.261652539000011],[82.050758675999987,30.259480301999986],[82.047986907,30.25772092699998],[82.042456682000022,30.250767122000013],[82.042063964000022,30.242536455],[82.044175832,30.237698003999981],[82.042609668000011,30.231670985999983],[82.043981321999979,30.227036817999988],[82.042260042,30.22481112600002],[82.040895378000016,30.220494200000019],[82.041231741999979,30.218721184],[82.035160899,30.215174427000022],[82.031862111,30.211722827000017],[82.021763521000025,30.207604875000015],[82.018724496,30.204798281000024],[82.01655968,30.201132281000014],[82.016324301999987,30.199762905999989],[82.018001305999974,30.194256137000025],[82.017509330999985,30.193305969],[82.022230748000027,30.186733597],[82.022665583999981,30.182596366999974],[82.026403205,30.178920394999977],[82.026679011999988,30.177233558000012],[82.029598856,30.174326248999989],[82.030239628,30.171926110000015],[82.038136501999986,30.158221893000018],[82.03983467,30.156882356999972],[82.040449938999984,30.154802561999986],[82.043813968,30.152040308999972],[82.042317636,30.144544493000012],[82.045092855,30.142576157],[82.043001425999989,30.137827447],[82.044316991000017,30.13167367],[82.043858247,30.125243080000018],[82.045255402,30.123466081],[82.045444176,30.120952194999973],[82.046828791999985,30.118113107999989],[82.045819302999973,30.115063005000025],[82.047021945999973,30.11213511],[82.046248346000027,30.109926619000021],[82.04753533500002,30.107933950000017],[82.046446999000011,30.104038800000012],[82.039347357,30.100597266000023],[82.039266629,30.096849618000022],[82.032558645,30.092211577],[82.031437254000025,30.088237498000012],[82.03219171,30.085220854999989],[82.031009466,30.083689793000019],[82.031724144,30.082274623999979],[82.031220808,30.077504127],[82.027066973,30.069688299],[82.023579466,30.065843108000024],[82.024563703000013,30.062788598],[82.021157625,30.058884164],[82.01791914,30.052206555],[82.017417263000027,30.049454493999974],[82.016046983000024,30.047847999],[82.017393541999979,30.044977914000015],[82.016360508999981,30.041172193000023],[82.017950171,30.037747600999978],[82.01705942000001,30.034540701000026],[82.017305130000011,30.03169491],[82.015251315,30.030326006999985],[82.013654855000027,30.026774941999975],[82.009484729,30.024163811999983],[82.008454857,30.02169759100002],[82.003542972999981,30.015262434000022],[81.997472900999981,30.010466419000011],[81.996763376999979,30.00714747],[81.993753986,30.003611381999974],[81.993357899999978,30.001171855],[81.987253198000019,29.996930411999983],[81.984518010999977,29.990660773],[81.978845501000023,29.986257852],[81.977345281999987,29.982473245999984],[81.973927372999981,29.979535096],[81.973056375999988,29.975953294000021],[81.968439391,29.972478051999985],[81.956541897000022,29.966351513],[81.950743050000028,29.960987429999989],[81.941897627,29.958502407000026],[81.933543357000019,29.954272242],[81.93032142200002,29.954477675000021],[81.927217815,29.952990705],[81.923106299999972,29.953903684000011],[81.919606108999972,29.953071148],[81.913955373000022,29.953759999],[81.908141748,29.956269802],[81.896412258999987,29.958301],[81.893307622,29.95832214],[81.889311695,29.957151566],[81.882873682000024,29.958340546999978],[81.876181271,29.956096032],[81.875274482,29.954802953000012],[81.873033296000017,29.954558506000012],[81.865493093,29.95081243300001],[81.863452489,29.948141904000011],[81.856318381,29.95269474600002],[81.855452372,29.949635209],[81.851888141000018,29.948122485],[81.849766733000024,29.942292501],[81.841442948,29.948376743999972],[81.835219321000011,29.950673999],[81.82720985200001,29.951112465],[81.820753181999976,29.957341598000028],[81.811132482,29.958470224999985],[81.809426917999986,29.95775220500002],[81.811457658,29.953544755],[81.81078630899998,29.950519842],[81.806142222,29.946057880000012],[81.805133947,29.941616407000026],[81.803358541000023,29.939656002],[81.801998497,29.935480562],[81.799968584,29.932515747000025],[81.798539455000025,29.926707710000017],[81.796160965000013,29.923749515],[81.796284529,29.922769921],[81.789993723,29.918700649000016],[81.78593503899998,29.915037245],[81.781389949000015,29.913282531],[81.77985307900002,29.91099341],[81.775220650999984,29.911126705000015],[81.772678464000023,29.90971848800001],[81.769246878999979,29.90945433600001],[81.763379219,29.910981545000027],[81.761675551999986,29.912315207],[81.761269309999989,29.911607331000027],[81.758235300000024,29.911011154],[81.754868062000014,29.908470593],[81.750870976999977,29.90899192400002],[81.748069569,29.908004101000017],[81.745825367,29.90856488999998],[81.742093344000011,29.907225961],[81.738743847000023,29.908243879],[81.733265045999985,29.907863959],[81.731211710000025,29.91073753400002],[81.726436649999982,29.912270508],[81.721471470999973,29.911524193],[81.715880094,29.909353316000022],[81.710663905,29.91423746800001],[81.709532256999978,29.926801835],[81.697363654000014,29.931422721999979],[81.697484267999982,29.934421755000017],[81.698858138,29.937874325999985],[81.697816586999977,29.941409604],[81.685332566999989,29.950517065999975],[81.684443156999976,29.952251577000027],[81.684222732000023,29.956368876],[81.68588401400001,29.962368710000021],[81.69049581500002,29.962441582999986],[81.696026284000027,29.960260806],[81.698449190000019,29.960780293000028],[81.700450822,29.962361986000019],[81.703129476000015,29.967656965],[81.702652192000016,29.969583339999986],[81.704924819999974,29.972638586000016],[81.704074624999976,29.975872768999977],[81.704265965,29.979581986000028],[81.707354579000025,29.980756295999981],[81.708978326000022,29.982310547999987],[81.709031227000025,29.987017294],[81.715230775,29.992200523],[81.717645125999979,29.995642671999974],[81.721215197999982,30.00525819500001],[81.723210544999972,30.005441207],[81.726635188999978,30.002704578000021],[81.729686599,30.001846452],[81.735263601999975,30.003949024],[81.737626965,30.003965119999975],[81.742647413999975,30.006370468],[81.74119837,30.009267799999975],[81.741829508000023,30.010588123],[81.745042672000011,30.011486709999986],[81.753812193999977,30.009351789],[81.760351631999981,30.011215460000017],[81.75788601,30.012503990000027],[81.755163428,30.016676308],[81.754301914999985,30.020305641],[81.755165907,30.024197975999982],[81.749155226000028,30.02786798],[81.752973011,30.031188660999987],[81.757898276,30.037371714000017],[81.756468930999972,30.039457121999988],[81.756875450999985,30.042039448000025],[81.755421104999982,30.044422703],[81.754803290999973,30.048853590000022],[81.752786440000023,30.052288861000022],[81.751924783,30.056793113000026],[81.750185038999973,30.059198298000013],[81.744820823,30.063283961000025],[81.738268409999989,30.066654359999973],[81.733807153999976,30.069629325999983],[81.733617788,30.070496492000018],[81.742006061999973,30.070904953000024],[81.746250692,30.072777713999983],[81.752072683999984,30.073698587000024],[81.755881808000026,30.072483632],[81.759003502999974,30.072517425],[81.765179206000028,30.076178234],[81.76771592,30.069701818],[81.770278889999986,30.069170343999986],[81.772434385,30.067010641000024],[81.773102662999975,30.064088238000011],[81.772460251999973,30.057650710000019],[81.773044627,30.056616565000013],[81.775791544000015,30.054367566999986],[81.779633284999989,30.053314160000014],[81.780706792999979,30.051760635],[81.780097544,30.04961714],[81.774734299999977,30.04544251599998],[81.775992067,30.042085912],[81.77843286,30.038720015000024],[81.785005306000016,30.033529725],[81.789629332,30.031612035000023],[81.792096056,30.031511519],[81.798176230000024,30.027784958999973],[81.80274585,30.027800024999976],[81.804982051000025,30.024114654000016],[81.807975791999979,30.022702456],[81.812987874999976,30.018363876000024],[81.814943089,30.016037747999974],[81.816183033000016,30.010089451],[81.82136759399998,30.005650194],[81.825235099999986,30.006895758999974],[81.828196260000027,30.006649388000028],[81.835402118,30.007963808999989],[81.841108377000012,30.01211344],[81.84322527,30.012221711],[81.84440034,30.013197511999977],[81.850019550000013,30.02050022200001],[81.850923755999986,30.022752024],[81.853631048000011,30.023905017],[81.856660205000026,30.026548876],[81.857153277,30.028954407000015],[81.855577885,30.031346284],[81.861386934,30.035889006],[81.867755019000015,30.037897224],[81.873063494,30.043405786],[81.87376143900002,30.044440824],[81.871520934999978,30.050793193],[81.874853756,30.055683220999981],[81.874604004999981,30.05749817200001],[81.875549273,30.059447251],[81.883574313,30.068053999000028],[81.884813528,30.070652836000022],[81.893626887999972,30.070121890999985],[81.902096588,30.070659405000015],[81.913763803,30.073420569],[81.921820269000023,30.079135651],[81.926518849999979,30.089747661],[81.926320138,30.098749999],[81.924739695000028,30.100470626],[81.922068723,30.108216106999976],[81.921105529999977,30.112115475999985],[81.921452747999979,30.114445074],[81.916514968,30.115584707999972],[81.914721260000022,30.119611677000023],[81.903685659000018,30.128916761000028],[81.899395989000027,30.13582261099998],[81.900142494000022,30.146178335],[81.893171411000026,30.154708178000021],[81.895331763,30.159860288],[81.893972498999972,30.170004874000028],[81.893012839999983,30.172097538],[81.893245800999978,30.175618709999981],[81.886167742,30.177358191999986],[81.886099075,30.179974818],[81.888021293,30.184023592000017],[81.886966518,30.189434378999977],[81.887903935999987,30.193365772],[81.88599367,30.197997496000028],[81.888167711,30.199757735999981],[81.886724792999985,30.202516643000024],[81.883109328999979,30.203758908999987],[81.880807415,30.206004850999989],[81.879725017,30.208382486],[81.879873432000011,30.211640368000019],[81.876591342999973,30.213703375000023],[81.875518197000019,30.215965833999974],[81.875756345000013,30.219477945],[81.876687376,30.220870075999983],[81.884606722,30.224066643000015],[81.891034513000022,30.227687898],[81.894306684000014,30.231037255999979],[81.89115196,30.23588506599998],[81.887468722999984,30.238744928000017],[81.885171346999982,30.242159135],[81.889445912999975,30.246956496999985],[81.889220177000027,30.247855596000022],[81.885515461000011,30.249899160999973],[81.887426622000021,30.25364358600001],[81.885509332000026,30.259497630999988],[81.886123605000023,30.263530385000024],[81.8837428,30.267118824000022],[81.886938798000017,30.270189145000018],[81.886566781999989,30.27360388],[81.885123686999975,30.275873393999973],[81.883255234999979,30.276943765999988],[81.879330012000025,30.283972731],[81.874175754000021,30.285585938999986],[81.871705718999976,30.288741730000027],[81.872787300000027,30.292909040999973],[81.872569278000014,30.295515292],[81.875963021000018,30.297513341000013],[81.877403467000022,30.299621351999974],[81.879776530000015,30.314629909000018],[81.886756295999987,30.318788809000011],[81.887980051,30.322607654000024],[81.887533804999975,30.325522185000011],[81.882811474999983,30.327762028],[81.880716442999983,30.331294351999986],[81.87678612000002,30.333988725999973],[81.875673334999988,30.340340173000016],[81.869641958999978,30.341393045000018],[81.864459142999976,30.346109273000025],[81.863918292,30.348695083999985],[81.868509524,30.355441639999981],[81.871783499,30.362250984000013],[81.878623935,30.365091881000012],[81.8820488,30.360716218999983]]]}},
{"type":"Feature","properties":{"adm3_pcode":"NP0666403","adm3_name":"Kharpunath","adm2_name":"Humla","local_level_type":"rural municipality"},"geometry":{"type":"Polygon","coordinates":[[[82.10462381100001,30.349550756999975],[82.111063097999988,30.344065810000018],[82.110219885,30.338696615],[82.110709144,30.334881295],[82.113651480999977,30.329078512000024],[82.116402928000014,30.328362745999982],[82.118590159,30.326727058000017],[82.120984179,30.321799371],[82.117781853999986,30.319530973999974],[82.11990394999998,30.318870131999972],[82.122704742999986,30.310032944],[82.125288733,30.305229811],[82.128174774,30.302090524999983],[82.125341983,30.301758638000024],[82.116287947999979,30.294139282],[82.116400209,30.292812282],[82.117834295000023,30.291167272],[82.116275175999988,30.286013984000022],[82.113949153000021,30.284437159999982],[82.113590273999989,30.280899550000015],[82.112319062999973,30.278371017999973],[82.109311503000015,30.277111091],[82.110430131999976,30.275435016000017],[82.114134136000018,30.27476307400002],[82.116104039999982,30.272216031000028],[82.117094400999974,30.269214953000017],[82.115322311,30.26414459199998],[82.117969417999973,30.262403544999984],[82.11802817,30.258760951999989],[82.116772121,30.257438869],[82.112115711,30.256876413999976],[82.107269979000023,30.255005016999974],[82.107343848000028,30.251696018000018],[82.104537552000011,30.248368475],[82.104965326000013,30.244228872],[82.098298721,30.239134062],[82.100255769,30.23580696800002],[82.106536872999982,30.231079070000021],[82.1092716,30.225932159000024],[82.112626662000025,30.22475807],[82.125844186,30.226273440999989],[82.127508974000023,30.225429169999984],[82.128108181000016,30.223437242999978],[82.13059999,30.222085156999981],[82.133196691000023,30.219234713999981],[82.133027070000026,30.217012609],[82.130915727,30.214385449000019],[82.132561323,30.210751690999984],[82.132087705,30.207487991],[82.13948316,30.202530131],[82.137974408,30.200531609],[82.139007613,30.198838034],[82.149320032999981,30.194370674000027],[82.152074095999978,30.194114238999987],[82.153254735000019,30.191555498000014],[82.155053571,30.190533808999987],[82.156517677000011,30.190750935999972],[82.158635542000013,30.1892168],[82.162461264,30.189261853],[82.178556424000021,30.192372432000013],[82.184365157,30.190748235],[82.187079213,30.184950446000016],[82.183799076000014,30.18004348300002],[82.18471712600001,30.177482299000019],[82.18637355200002,30.175994714000012],[82.1863988,30.172848574],[82.185157542000013,30.16933257300002],[82.181331957999987,30.165533309000011],[82.181947093000019,30.160800887999983],[82.193356419999986,30.1597301],[82.194664276000026,30.157945661999975],[82.201025555,30.156489334000014],[82.205379322,30.15381084],[82.204680669000027,30.150718682],[82.200739694,30.145371624],[82.197457826,30.142573587000015],[82.19678231,30.138682818],[82.198730155000021,30.136202329000014],[82.197016755999982,30.136666761000015],[82.193739737999977,30.135102169999982],[82.186851276000027,30.13369651],[82.184966700000018,30.131769538000015],[82.181766405000019,30.131009060999986],[82.179068251999979,30.129102886999988],[82.17649331299998,30.121884524999984],[82.17489554399998,30.121362051],[82.170711171,30.121913622000022],[82.171480966,30.117565480999986],[82.176379471000018,30.11797276599998],[82.179153730999985,30.117138262000026],[82.181269304000011,30.114532538999981],[82.186442791,30.110870773999977],[82.183759006,30.109266758999979],[82.179295385999978,30.10220297799998],[82.178973848,30.100079172999983],[82.181497649999983,30.095735557000012],[82.175619747999974,30.087599544999989],[82.173829012999988,30.086661605000018],[82.170118334,30.086690170999987],[82.168392274999974,30.085898156999974],[82.165759978999972,30.081307362000018],[82.166063227999985,30.076149225999984],[82.168097860999978,30.074252558000012],[82.172091839000018,30.063538500999982],[82.174392684999987,30.061659650000024],[82.18398356,30.058285610999974],[82.187281012000028,30.05364847200002],[82.194912174000024,30.049357491000023],[82.196401633,30.047431506],[82.20167367800002,30.046467802],[82.201704641999982,30.044902386999979],[82.203149983,30.042983526],[82.208225399000014,30.040422342999989],[82.209368045000019,30.037768797000012],[82.216243126999984,30.03021586],[82.219420246000027,30.027428295],[82.221339855,30.027516502000026],[82.223165513000026,30.025866748],[82.224552562999975,30.023217455],[82.224245141999972,30.021400371000027],[82.227055342000028,30.020212775],[82.229496558,30.017639304],[82.228225516,30.015962066999975],[82.230560777,30.011898858999984],[82.230169178999972,30.010141203999979],[82.232772610999973,30.004997477000018],[82.234818459999985,30.001660883],[82.237748904,29.999935151999978],[82.235403330999986,29.988475879000021],[82.230429136,29.985482396],[82.229859762,29.98316029199998],[82.225849915000026,29.98113642200002],[82.222644439000021,29.976930891999984],[82.210506883999983,29.972435567],[82.208483511999987,29.970532653000021],[82.207622242000014,29.968014688999972],[82.208536319000018,29.964194935000023],[82.205824953,29.96048061800002],[82.205549405,29.958518797000011],[82.206529742999976,29.956698857],[82.205385607999972,29.955730555],[82.204641111,29.95132608199998],[82.200328463,29.950788067000019],[82.199076666,29.952384962],[82.196702673,29.952668148999976],[82.187727618,29.948252363999984],[82.183628296,29.948756066999977],[82.180460367000023,29.948200384000017],[82.17642808,29.946484108999982],[82.173968118,29.942701426999975],[82.165772521,29.941342056],[82.164369309,29.939644944],[82.162625282000022,29.934243235],[82.156736844000022,29.934053663999975],[82.153818117000014,29.931032405],[82.142382699999985,29.93041029],[82.126955726,29.931887232],[82.124353757,29.929433173],[82.116747386999975,29.925102216000028],[82.113139061000027,29.925592864],[82.111955944999977,29.926996589999987],[82.110291486999984,29.926974567],[82.108838268,29.925978639],[82.107435838000015,29.922727047000024],[82.105288531999975,29.921524940999973],[82.102064788,29.921486519999974],[82.095936603999974,29.919602543],[82.091325708999989,29.914629503000015],[82.087099121,29.91370815],[82.080928821999976,29.914809830000024],[82.072890025,29.909755932999985],[82.071113253000021,29.907440624],[82.07208985,29.902006398000026],[82.075426563,29.899723909999977],[82.075651624999978,29.891819404999978],[82.079622304999987,29.889919580000026],[82.072624991,29.881697370999973],[82.067984422999984,29.879369145],[82.069653908000021,29.871692014000018],[82.063408193999976,29.872103381999978],[82.058090454000023,29.873713588999976],[82.053533906999974,29.876167728999974],[82.047279668999977,29.877967653999974],[82.043675354000015,29.87778418],[82.040837596000017,29.878961339],[82.037760244000026,29.876998664999974],[82.031399911,29.874743532000025],[82.027608578000013,29.876818719000028],[82.021325119999972,29.877318576999983],[82.017816867000022,29.87971380099998],[82.016715869,29.884068314],[82.01061346900002,29.883528835],[82.007984540999985,29.888600884000027],[81.999058559,29.892895348000025],[81.99839913,29.897038887],[81.990041055,29.895678766],[81.98782388799998,29.89427673900002],[81.985716675999981,29.894319579000012],[81.983024439000019,29.896592763],[81.979132994999986,29.895426376999978],[81.970826269999975,29.895041226999979],[81.968282472,29.896174020999979],[81.96387023,29.901192922],[81.965015653000023,29.903408356],[81.964864004999981,29.905669330000023],[81.96183629799998,29.905578666999986],[81.958832127999983,29.903415139],[81.955410922,29.902837767],[81.952125584999976,29.898377886],[81.951719986,29.896684725999989],[81.949516082,29.894517459999975],[81.947045310000021,29.893817989000013],[81.942982018,29.889327348999984],[81.939013653000018,29.887961856],[81.93478381,29.88407422],[81.931875964000028,29.880590004],[81.931596343000024,29.87918688100001],[81.927380665999976,29.876259780999987],[81.926181712000016,29.872756529000014],[81.922411118000014,29.872045478000018],[81.92144671,29.870942566999986],[81.923212455,29.868356835999975],[81.929831841,29.862847824000028],[81.930359147,29.856305758000019],[81.931423972,29.854505193000023],[81.931943604000026,29.850489139],[81.931549379999979,29.845577468999977],[81.932539272999975,29.844075186999987],[81.932456512999977,29.841924136999978],[81.930219926,29.839752182999973],[81.926021278,29.838423933],[81.921319983999979,29.835238349],[81.920523665000019,29.83161499],[81.919373584000027,29.83102534],[81.917654262999974,29.827584262000016],[81.913808980999988,29.824151152000013],[81.904294729000014,29.823997776],[81.899016314999983,29.818237426],[81.896602433999988,29.81953039299998],[81.891604934999975,29.819417643],[81.885141562,29.81672755],[81.883302065,29.816739833999975],[81.88058317399998,29.81424096500001],[81.871290332,29.810583357999974],[81.867066040999987,29.810392439],[81.864991792000012,29.812201302],[81.853633151,29.812854760999983],[81.851517519000026,29.81529075200001],[81.851458402999981,29.818457766999984],[81.85011418,29.820157962],[81.844326513,29.82141975899998],[81.843220751,29.823418369000024],[81.840453864999972,29.824290871000017],[81.83716676,29.823964353],[81.83485609600001,29.826200546999985],[81.831668402,29.826633395999977],[81.82910388800002,29.829324481000015],[81.826118469,29.830238603],[81.822568833,29.830159245],[81.811826817999986,29.826434312],[81.808884955999986,29.827216944999975],[81.802843828,29.831523328],[81.801234341,29.839079782999988],[81.795238222000023,29.842582618],[81.794288740000013,29.845200106999982],[81.792028964,29.846445145000018],[81.794091261,29.84877164400001],[81.791425405999973,29.853731578],[81.792802805,29.855644918999985],[81.792900125000017,29.857809529],[81.795144705999974,29.860328889000016],[81.794441631999973,29.862708092999981],[81.796598382000013,29.866781992000028],[81.796342508,29.874959346000026],[81.797093833000019,29.87872588],[81.795899553000027,29.882244781999987],[81.796611692999988,29.886117554],[81.795813931,29.889144632000011],[81.796224852000023,29.890364587000022],[81.793519,29.895464568000023],[81.795614622000016,29.89688415400002],[81.79861977600001,29.89662016],[81.79910030100001,29.901612947999979],[81.790981819000024,29.906709477],[81.788558471999977,29.909554548000017],[81.785456322000016,29.910287997000012],[81.782515574,29.908489873],[81.780796109999983,29.909093290999976],[81.77985307900002,29.91099341],[81.781389949000015,29.913282531],[81.78593503899998,29.915037245],[81.789993723,29.918700649000016],[81.796284529,29.922769921],[81.796160965000013,29.923749515],[81.798539455000025,29.926707710000017],[81.799968584,29.932515747000025],[81.801998497,29.935480562],[81.803358541000023,29.939656002],[81.805133947,29.941616407000026],[81.806142222,29.946057880000012],[81.81078630899998,29.950519842],[81.811457658,29.953544755],[81.809426917999986,29.95775220500002],[81.811132482,29.958470224999985],[81.820753181999976,29.957341598000028],[81.82720985200001,29.951112465],[81.835219321000011,29.950673999],[81.841442948,29.948376743999972],[81.849766733000024,29.942292501],[81.851888141000018,29.948122485],[81.855452372,29.949635209],[81.856318381,29.95269474600002],[81.863452489,29.948141904000011],[81.865493093,29.95081243300001],[81.873033296000017,29.954558506000012],[81.875274482,29.954802953000012],[81.876181271,29.956096032],[81.882873682000024,29.958340546999978],[81.889311695,29.957151566],[81.893307622,29.95832214],[81.896412258999987,29.958301],[81.908141748,29.956269802],[81.912197481000021,29.95418943300001],[81.918472513999973,29.953157998],[81.923106299999972,29.953903684000011],[81.927217815,29.952990705],[81.93032142200002,29.954477675000021],[81.933543357000019,29.954272242],[81.941897627,29.958502407000026],[81.947574555000017,29.960568234],[81.950472838999985,29.960833752999974],[81.956541897000022,29.966351513],[81.968439391,29.972478051999985],[81.973056375999988,29.975953294000021],[81.973927372999981,29.979535096],[81.977345281999987,29.982473245999984],[81.978845501000023,29.986257852],[81.984518010999977,29.990660773],[81.987253198000019,29.996930411999983],[81.993357899999978,30.001171855],[81.993753986,30.003611381999974],[81.996763376999979,30.00714747],[81.997472900999981,30.010466419000011],[82.003542972999981,30.015262434000022],[82.008454857,30.02169759100002],[82.009484729,30.024163811999983],[82.013654855000027,30.026774941999975],[82.015251315,30.030326006999985],[82.017389490000028,30.031834085000014],[82.01705942000001,30.034540701000026],[82.017950171,30.037747600999978],[82.016360508999981,30.041172193000023],[82.017393541999979,30.044977914000015],[82.016046983000024,30.047847999],[82.017417263000027,30.049454493999974],[82.01791914,30.052206555],[82.021157625,30.058884164],[82.024563703000013,30.062788598],[82.023579466,30.065843108000024],[82.027066973,30.069688299],[82.031220808,30.077504127],[82.031724144,30.082274623999979],[82.031009466,30.083689793000019],[82.03219171,30.085220854999989],[82.031437254000025,30.088237498000012],[82.032558645,30.092211577],[82.039266629,30.096849618000022],[82.039347357,30.100597266000023],[82.046399443999974,30.103957993999984],[82.04753533500002,30.107933950000017],[82.046248346000027,30.109926619000021],[82.047021945999973,30.11213511],[82.045819302999973,30.115063005000025],[82.046761606000018,30.118445139000016],[82.04361794,30.126562015],[82.044316991000017,30.13167367],[82.043001425999989,30.137827447],[82.045092855,30.142576157],[82.042307569,30.144821966],[82.043813968,30.152040308999972],[82.040449938999984,30.154802561999986],[82.03983467,30.156882356999972],[82.038136501999986,30.158221893000018],[82.030239628,30.171926110000015],[82.029598856,30.174326248999989],[82.026679011999988,30.177233558000012],[82.026403205,30.178920394999977],[82.022665583999981,30.182596366999974],[82.022230748000027,30.186733597],[82.017509330999985,30.193305969],[82.018001305999974,30.194256137000025],[82.016324301999987,30.199762905999989],[82.01655968,30.201132281000014],[82.018724496,30.204798281000024],[82.021763521000025,30.207604875000015],[82.031862111,30.211722827000017],[82.035160899,30.215174427000022],[82.041176252000014,30.218626879],[82.040895378000016,30.220494200000019],[82.042260042,30.22481112600002],[82.043981321999979,30.227036817999988],[82.042609668000011,30.231670985999983],[82.044175832,30.237698003999981],[82.042063964000022,30.242536455],[82.042456682000022,30.250767122000013],[82.047986907,30.25772092699998],[82.050758675999987,30.259480301999986],[82.050982477,30.261652539000011],[82.058533297,30.265459420000013],[82.0587299,30.268339964],[82.062956149,30.270495512000025],[82.065691128000026,30.274561982000023],[82.065965237,30.276602981999986],[82.068424110000024,30.278479530000027],[82.069384662,30.281757549000019],[82.068814395,30.283440068],[82.069284488,30.288032268],[82.073499446000028,30.292264621000015],[82.073496025,30.294576216],[82.074593594000021,30.296030845000018],[82.076594052000019,30.303046027],[82.080656436000027,30.305838326000014],[82.085579441,30.312236110000015],[82.086658022,30.319409888],[82.089767839999979,30.322721684999976],[82.091079791000027,30.32545976],[82.090378746,30.329349069999978],[82.092915440000013,30.339649762000022],[82.096285888000011,30.340839327000026],[82.097815254000011,30.343217],[82.09662354,30.346463239],[82.096523928000011,30.349596442],[82.099695462,30.347959582999977],[82.100647427000013,30.349379087999978],[82.10462381100001,30.349550756999975]]]}},
{"type":"Feature","properties":{"adm3_pcode":"NP0666404","adm3_name":"Sarkegad","adm2_name":"Humla","local_level_type":"rural municipality"},"geometry":{"type":"Polygon","coordinates":[[[81.964864004999981,29.905669330000023],[81.965015653000023,29.903408356],[81.96387023,29.901192922],[81.965433685999983,29.898838228999978],[81.969934699000021,29.895327375000022],[81.979132994999986,29.895426376999978],[81.983024439000019,29.896592763],[81.984699305999982,29.894827890999977],[81.98664155199998,29.894202166000014],[81.992153755,29.896190623999985],[81.99839913,29.897038887],[81.999058559,29.892895348000025],[82.007984540999985,29.888600884000027],[82.01061346900002,29.883528835],[82.016715869,29.884068314],[82.017634824000027,29.880008396],[82.020346495000013,29.877732087000027],[82.02780461499998,29.876754103],[82.029225696000026,29.875461869],[82.028636038,29.871652717000018],[82.031123660999981,29.867133991],[82.03345207000001,29.858737061999989],[82.033721486,29.854684383],[82.035344411999972,29.850303005],[82.039135956999985,29.846928565999974],[82.04324743799998,29.844676900000024],[82.043658402,29.843647440999973],[82.039646478,29.839145864999978],[82.035965272,29.837142685],[82.033288906,29.83316033],[82.032682519,29.828462699],[82.03133893,29.826465928],[82.022932320999985,29.827088370000013],[82.01842217799998,29.82450473199998],[82.013674918,29.823194785],[82.012224835999973,29.821561791000022],[82.010717414999988,29.821737939],[82.009932742,29.820099767999977],[82.007649566999987,29.819473605999974],[82.006696535,29.815050881],[82.007018463,29.810063852999974],[82.004338275,29.806522643999983],[81.998112032,29.801890424000021],[81.995437535,29.798089802],[81.995971235000013,29.793689535],[81.996809266000014,29.79266501799998],[82.003468582999972,29.790431951000016],[82.008806849,29.78733581900002],[82.011789073999978,29.786862096],[82.013021385,29.784676444000013],[82.00447010900001,29.772462710000013],[82.000103638999974,29.769602099999986],[81.999559057999988,29.767930498],[81.996037883999975,29.766405339000016],[81.992567356,29.763384383000016],[81.99774861100002,29.761978591],[82.002604497999982,29.762370439],[82.005063383,29.760612827999978],[82.017009750999989,29.757104645000027],[82.018831279999972,29.755626873999972],[82.022500975000014,29.755111413],[82.030873928,29.749949271],[82.031375576000016,29.748398173],[82.033280783,29.746790976999989],[82.02970656399998,29.744730367999978],[82.029676234000021,29.742648874],[82.028287595999984,29.740228393],[82.023937384000021,29.740032032999977],[82.019970995,29.736523991000013],[82.015273655999977,29.735716559000025],[82.011750106000022,29.730964388000018],[82.00598141,29.727124536000019],[82.004469071000017,29.719860069],[81.99819677,29.715229846999989],[81.998928159,29.712578730000018],[81.997300153000026,29.711564738999982],[81.992728484999986,29.704167550000022],[81.987558708999984,29.700180284],[81.968862512999976,29.690937997999981],[81.953991620000011,29.680984458000012],[81.949060820999989,29.676443623000011],[81.943906385999981,29.674051333000023],[81.940851361,29.680877711999983],[81.94130277,29.682349580999983],[81.939431328000012,29.682962808000013],[81.939598000999979,29.685749300999987],[81.937283937000018,29.689263875],[81.937876764,29.690788866],[81.936980365000011,29.691970305999973],[81.936645202000022,29.696289584],[81.93452793900002,29.699049419],[81.930224462000012,29.702465099999984],[81.928142267999988,29.707949180000014],[81.928037361,29.710309083000027],[81.925408801,29.712668635999989],[81.915287952000028,29.715262806999988],[81.910231495,29.713330913999982],[81.908165654000015,29.713315759000011],[81.902597215000014,29.723810070000013],[81.89293892500001,29.726453554999978],[81.890347341,29.726626625999984],[81.882851292,29.724096627],[81.880684256,29.72517337],[81.875587597999981,29.724253132],[81.875898896000024,29.726023845999975],[81.875091151999982,29.728237251999985],[81.869564707999984,29.735473117000026],[81.869062125000028,29.740124863],[81.866115078,29.747318708000023],[81.861475465000012,29.750558461000026],[81.859432562,29.756803535000017],[81.851758991999986,29.759900319999986],[81.843177149999974,29.76101309],[81.832587409999974,29.767774300999974],[81.831631077999987,29.769126847999985],[81.82795293700002,29.770221252999988],[81.823673907,29.769848724999974],[81.82075908500002,29.771601331],[81.814416177,29.77312234599998],[81.810086883999986,29.776962922999985],[81.805897522,29.776997483],[81.800591639,29.779522043999975],[81.79551547,29.779090259999975],[81.792680784000027,29.779702723000014],[81.789816955999981,29.781470141],[81.784612848999984,29.781949957999984],[81.784938093,29.783213343999989],[81.783269901999972,29.7855576],[81.782743617,29.787870313999974],[81.777697233000026,29.791829055999983],[81.775714806,29.795722411999975],[81.77353881,29.798078534000012],[81.776833918000023,29.801419830999976],[81.777777297,29.804278701999976],[81.780365941000014,29.80751131300002],[81.780569231000015,29.810462476],[81.779077050000012,29.814312282],[81.782666155000015,29.822173846],[81.781482203,29.824849015999973],[81.782882592000021,29.82712776],[81.783268664,29.830445455000017],[81.782898147000026,29.837171131],[81.780661978000012,29.839207471],[81.789064683,29.843237653000017],[81.792028964,29.846445145000018],[81.794288740000013,29.845200106999982],[81.795238222000023,29.842582618],[81.801234341,29.839079782999988],[81.802843828,29.831523328],[81.808884955999986,29.827216944999975],[81.811826817999986,29.826434312],[81.822568833,29.830159245],[81.826118469,29.830238603],[81.82910388800002,29.829324481000015],[81.831668402,29.826633395999977],[81.83485609600001,29.826200546999985],[81.83716676,29.823964353],[81.840453864999972,29.824290871000017],[81.843220751,29.823418369000024],[81.844326513,29.82141975899998],[81.85011418,29.820157962],[81.851458402999981,29.818457766999984],[81.851517519000026,29.81529075200001],[81.853633151,29.812854760999983],[81.864991792000012,29.812201302],[81.867066040999987,29.810392439],[81.871290332,29.810583357999974],[81.88058317399998,29.81424096500001],[81.883302065,29.816739833999975],[81.885141562,29.81672755],[81.891604934999975,29.819417643],[81.896602433999988,29.81953039299998],[81.899016314999983,29.818237426],[81.904294729000014,29.823997776],[81.913808980999988,29.824151152000013],[81.917654262999974,29.827584262000016],[81.919373584000027,29.83102534],[81.920523665000019,29.83161499],[81.921319983999979,29.835238349],[81.926021278,29.838423933],[81.930219926,29.839752182999973],[81.932456512999977,29.841924136999978],[81.932539272999975,29.844075186999987],[81.931549379999979,29.845577468999977],[81.931943604000026,29.850489139],[81.931423972,29.854505193000023],[81.930359147,29.856305758000019],[81.929831841,29.862847824000028],[81.923212455,29.868356835999975],[81.92144671,29.870942566999986],[81.922411118000014,29.872045478000018],[81.926181712000016,29.872756529000014],[81.927380665999976,29.876259780999987],[81.931596343000024,29.87918688100001],[81.931875964000028,29.880590004],[81.93478381,29.88407422],[81.939013653000018,29.887961856],[81.942982018,29.889327348999984],[81.947045310000021,29.893817989000013],[81.949516082,29.894517459999975],[81.951719986,29.896684725999989],[81.952125584999976,29.898377886],[81.955410922,29.902837767],[81.958832127999983,29.903415139],[81.96183629799998,29.905578666999986],[81.964864004999981,29.905669330000023]]]}},
{"type":"Feature","properties":{"adm3_pcode":"NP0666405","adm3_name":"Chankheli","adm2_name":"Humla","local_level_type":"rural municipality"},"geometry":{"type":"Polygon","coordinates":[[[82.244835594,30.075211893000017],[82.249221707,30.074401903000023],[82.250937433999979,30.073104613],[82.252254726999979,30.071310488999984],[82.252543753999987,30.068010615],[82.254806485000017,30.069028679999974],[82.258630790999973,30.065027488],[82.26150203200001,30.064501581],[82.265425040000025,30.06213205],[82.271595884000021,30.061912353000025],[82.278291072,30.062754063999989],[82.281208392999986,30.061090702],[82.282957311000018,30.059346080000012],[82.282664043000011,30.056106005],[82.28526627399998,30.051694269999984],[82.285130759000026,30.047176192],[82.289374066999983,30.043260249000014],[82.296846099,30.040394881999987],[82.298400187000027,30.037826646999974],[82.300880071999984,30.039019949000021],[82.305001163999975,30.037371165000025],[82.309827934999987,30.037564534000012],[82.315576341,30.040271992999976],[82.318479629000024,30.043418179000014],[82.318414129000018,30.046986530000027],[82.319858067999974,30.049436948999983],[82.326879527000017,30.047032219000016],[82.329495341999973,30.047686822],[82.334011364,30.046842782999988],[82.337765906000016,30.040896085999975],[82.341321328999982,30.039055749999989],[82.343507763,30.036755749],[82.344675639,30.028807888000017],[82.347616206999987,30.027104467000015],[82.349140356000021,30.024829141],[82.351729724,30.026142183],[82.354407927000011,30.025742510999976],[82.359395639000013,30.021575416000019],[82.359944298000016,30.019292012999983],[82.36190395,30.01695795],[82.362896385,30.010369395999987],[82.372586576,30.015570557],[82.375276397,30.012331088999986],[82.377745956000012,30.011116739999977],[82.377027172,30.014613090000012],[82.375555389999988,30.016912913],[82.37752704899998,30.020353934000013],[82.375889340000015,30.023268948],[82.375845159,30.026356721000013],[82.382043730000021,30.027063],[82.38357335,30.023183887000016],[82.387100859999975,30.020375140999988],[82.390751538000018,30.023854621],[82.392764998000018,30.02453471299998],[82.395386901,30.023929623000015],[82.397970014,30.022402555999975],[82.399960048000025,30.019616535000011],[82.400800064,30.016188807],[82.402417876000015,30.014500489999989],[82.40383816100001,30.015482169999984],[82.406353884,30.015223046000017],[82.408827386999974,30.010688508999976],[82.414448220999986,30.008535484],[82.416836269999976,30.005413437000016],[82.420833062999975,30.003965446999985],[82.421619037000028,29.999938274999977],[82.423578791000011,29.995745073000023],[82.432036642000014,29.988946590000012],[82.434872739000014,29.98966894],[82.436522046,29.988029493999989],[82.438472267,29.988626031000024],[82.439591522,29.986924769999973],[82.443721860999972,29.985467845000016],[82.446775323,29.982069648],[82.453972578999981,29.97934289],[82.45618076400001,29.976849093999988],[82.457229497000014,29.97984133],[82.461104202,29.98047720400001],[82.463102333999984,29.981995281000025],[82.46490040499998,29.978707617],[82.476047855,29.973581331999981],[82.47701013,29.968945217],[82.473757464000016,29.965202080999973],[82.478517940000017,29.961926147999975],[82.481013345,29.959009333999973],[82.485819477,29.95705415499998],[82.488283653,29.953230925000014],[82.494633143999977,29.950827310000022],[82.497515384,29.947290124],[82.496879885,29.942288706],[82.493076735999978,29.935268805000021],[82.487406279000027,29.928382612],[82.481981764000011,29.925726275999978],[82.479717871999981,29.923374899],[82.470584390999988,29.919507996],[82.470123664000027,29.918414903999974],[82.471411629999977,29.914458544000013],[82.473709193,29.911212507000016],[82.474189345000013,29.906599884],[82.472597093,29.905165431],[82.469594583,29.904375771],[82.467746762,29.898792265],[82.460695299,29.898410566999985],[82.459350256,29.897225656999979],[82.455263318999982,29.897169350000013],[82.447508992,29.88862190499998],[82.448831422000012,29.886160593999989],[82.454415628,29.884513771],[82.459211532999973,29.88144113200002],[82.458805063,29.876495525999985],[82.461906211999974,29.872895847],[82.462489286,29.865278193],[82.461103826999988,29.86337891300002],[82.454986088999988,29.860884613999986],[82.443711082,29.860417610000013],[82.440168648,29.862596414],[82.434912656999984,29.860705198],[82.435719732,29.854600656],[82.435664866000025,29.845203970999989],[82.435345876999975,29.843748351999977],[82.43008624700002,29.839443862],[82.42976287800002,29.835133197],[82.435361611000019,29.832003199999974],[82.439744857,29.824134502999982],[82.438828950000016,29.816479078999976],[82.437636715,29.814493933999984],[82.433560200999977,29.811852244000022],[82.426414810999972,29.811618468],[82.422555180000018,29.807050462],[82.415453991,29.808869996],[82.410671084,29.808903043999976],[82.405922131000011,29.810902160000012],[82.400824441999987,29.805291232],[82.403529691000017,29.802405168],[82.403397739000013,29.79786234],[82.40217941100002,29.794492448000028],[82.403074251000021,29.79321102],[82.403931633000013,29.787072232000014],[82.408640454000022,29.785603628999979],[82.410544390999974,29.781992994],[82.411875542000018,29.780963986000017],[82.411673972000017,29.779588112],[82.412673998,29.777712426999983],[82.411356623000017,29.771060090999981],[82.407665230000021,29.769164397999987],[82.404975464000017,29.766518355000017],[82.399958868999988,29.764986172000022],[82.397534618,29.76286933199998],[82.397412605999989,29.761154364999982],[82.398316237000017,29.757820690000017],[82.40057948499998,29.754925808],[82.401095268,29.749776172],[82.40540175000001,29.746176262],[82.407528833000015,29.74308652000002],[82.408900351999989,29.735911585999986],[82.414168772999972,29.731962848000023],[82.412067911,29.730018746999974],[82.410830827999973,29.727066316],[82.410313588,29.720703027000013],[82.410780051000017,29.719371970999987],[82.412857738000014,29.717694472],[82.410964756999988,29.714106341],[82.402797917999976,29.708746716],[82.397826410999983,29.702470975999972],[82.394950639,29.701396344999978],[82.392629426999974,29.696560761],[82.386949969,29.695873801],[82.382188783,29.697098552],[82.378768004,29.696953764],[82.377054187999988,29.69946819],[82.373688287,29.701981654],[82.366625839,29.703949175999981],[82.363331356,29.703748583],[82.361402704999989,29.70258891200001],[82.352800983,29.706962060000023],[82.349419327000021,29.712948200000028],[82.339466132999974,29.715814281],[82.335118072,29.714265921999981],[82.333418714,29.712454066000021],[82.328080456,29.711964218],[82.323748138999974,29.710557408999989],[82.316742848,29.710546115999989],[82.313035322000019,29.712217967000015],[82.309596715,29.706751425],[82.306009798,29.705217139000013],[82.304650525999989,29.703085756],[82.300836345999983,29.700683046999984],[82.297439757,29.697096643],[82.294032408000021,29.69723826500001],[82.29175187300001,29.695907293],[82.286786130999985,29.695069358000012],[82.281901292999976,29.692261485000017],[82.268067726000027,29.696580498],[82.263617278000027,29.699442163000015],[82.262976192,29.701990040999988],[82.261378831,29.702799129000027],[82.25396544900002,29.70077883099998],[82.248753465999982,29.698049508],[82.245864933,29.697639188999972],[82.236063957,29.697882144],[82.232824005,29.69899492899998],[82.231643324,29.700465086],[82.23216689100002,29.696635201999982],[82.230980994999982,29.690053923999983],[82.231260395,29.683734142999981],[82.235407743999986,29.681566471],[82.235699354000019,29.680330089999984],[82.235056874,29.677370355999983],[82.232389359000024,29.674492585],[82.236955358999978,29.668157683],[82.235636869000018,29.664132914],[82.234235088999981,29.662689027999988],[82.228554950999978,29.664785122000012],[82.219053213,29.663564781],[82.218929001999982,29.659204123],[82.214730655999972,29.655257429000017],[82.208987087000025,29.65745251300001],[82.206553609000025,29.657361922],[82.201600545000019,29.660097529999973],[82.199695131999988,29.659417940000026],[82.197816140999976,29.65610828299998],[82.192452808999974,29.653141229000028],[82.188342128999977,29.655943219],[82.184954318,29.657157555000026],[82.184153595,29.658236004],[82.179641845,29.657854535000013],[82.169445694999979,29.653869441999973],[82.164644517,29.654958081000018],[82.163169118999974,29.656951310000011],[82.156079751999982,29.658197401],[82.152837927,29.656008618999977],[82.149466097000015,29.65491692],[82.146688145999974,29.649546193],[82.142501354999979,29.645768483999973],[82.124879954999983,29.642606016],[82.11967471600002,29.640133043999981],[82.106835966,29.637288556999977],[82.102667210999982,29.634752105000018],[82.102765264000027,29.637827632999972],[82.105263982,29.641158358999974],[82.105960456,29.64393798499998],[82.11023838,29.646674105999978],[82.110303154,29.648162093],[82.113581550999982,29.65285064],[82.112746704000017,29.654122885],[82.109769987999982,29.653989978000027],[82.108777364,29.657721926000022],[82.10318901,29.66129825500002],[82.102906793999978,29.664070184000025],[82.100670701000013,29.665638253],[82.102132473999973,29.673109453],[82.101506831,29.675180625],[82.099776979000012,29.676536909],[82.099764938000021,29.678754078],[82.097999518,29.680645186999982],[82.101066842000023,29.68416296700002],[82.101153914,29.6862304],[82.098329133999982,29.688396468],[82.092840233,29.689833439999973],[82.09237152999998,29.690680790999977],[82.093533461999982,29.692423645000019],[82.092344450999974,29.694921143999977],[82.093464386,29.696779361999972],[82.093183951000015,29.698617561],[82.088636631999975,29.701724581],[82.085144983000021,29.702184045000024],[82.081775823999976,29.705163904000017],[82.080343880999976,29.709077391999983],[82.081280228000026,29.710325975999979],[82.080355677,29.713012898999978],[82.077830130999985,29.713919840000017],[82.075140214999976,29.712500557],[82.073093917999984,29.713288514999988],[82.06873886,29.717960764],[82.068712839,29.719223957],[82.066780053,29.72184230900001],[82.067913842,29.724656875],[82.065532319999988,29.726518727999974],[82.061136138,29.728288435000024],[82.060939259,29.729895844],[82.059772286,29.730311162000021],[82.059349005,29.732015115000024],[82.061414082999988,29.738791768999988],[82.059338706,29.743822142],[82.060228289,29.746140251999975],[82.055599636000011,29.748015443999975],[82.051321158,29.748166742000024],[82.046221928000023,29.750922659000025],[82.042110518000015,29.749626655999975],[82.035388136999984,29.749084106999987],[82.033280783,29.746790976999989],[82.031375576000016,29.748398173],[82.030873928,29.749949271],[82.022500975000014,29.755111413],[82.018831279999972,29.755626873999972],[82.017009750999989,29.757104645000027],[82.005063383,29.760612827999978],[82.002604497999982,29.762370439],[81.99774861100002,29.761978591],[81.992567356,29.763384383000016],[81.996037883999975,29.766405339000016],[81.999559057999988,29.767930498],[82.000103638999974,29.769602099999986],[82.00447010900001,29.772462710000013],[82.013021385,29.784676444000013],[82.011789073999978,29.786862096],[82.008806849,29.78733581900002],[82.003468582999972,29.790431951000016],[81.996809266000014,29.79266501799998],[81.995971235000013,29.793689535],[81.995437535,29.798089802],[81.998112032,29.801890424000021],[82.004338275,29.806522643999983],[82.007018463,29.810063852999974],[82.006696535,29.815050881],[82.007649566999987,29.819473605999974],[82.009932742,29.820099767999977],[82.010717414999988,29.821737939],[82.012224835999973,29.821561791000022],[82.013674918,29.823194785],[82.01842217799998,29.82450473199998],[82.022932320999985,29.827088370000013],[82.03133893,29.826465928],[82.032682519,29.828462699],[82.033288906,29.83316033],[82.035965272,29.837142685],[82.039646478,29.839145864999978],[82.043658402,29.843647440999973],[82.04324743799998,29.844676900000024],[82.036234,29.849134565999975],[82.034786402,29.851514009000027],[82.031123660999981,29.867133991],[82.028636038,29.871652717000018],[82.029225696000026,29.875461869],[82.031399911,29.874743532000025],[82.033402625,29.875345816999982],[82.040837596000017,29.878961339],[82.043675354000015,29.87778418],[82.047279668999977,29.877967653999974],[82.053533906999974,29.876167728999974],[82.058090454000023,29.873713588999976],[82.063408193999976,29.872103381999978],[82.069790387000012,29.871808192],[82.067984422999984,29.879369145],[82.072624991,29.881697370999973],[82.079622304999987,29.889919580000026],[82.075651624999978,29.891819404999978],[82.075426563,29.899723909999977],[82.07208985,29.902006398000026],[82.071113253000021,29.907440624],[82.072890025,29.909755932999985],[82.080928821999976,29.914809830000024],[82.087099121,29.91370815],[82.091325708999989,29.914629503000015],[82.095936603999974,29.919602543],[82.102064788,29.921486519999974],[82.105288531999975,29.921524940999973],[82.107435838000015,29.922727047000024],[82.108838268,29.925978639],[82.110291486999984,29.926974567],[82.111955944999977,29.926996589999987],[82.113139061000027,29.925592864],[82.116747386999975,29.925102216000028],[82.124353757,29.929433173],[82.126955726,29.931887232],[82.142382699999985,29.93041029],[82.153818117000014,29.931032405],[82.156736844000022,29.934053663999975],[82.162625282000022,29.934243235],[82.164369309,29.939644944],[82.165772521,29.941342056],[82.173968118,29.942701426999975],[82.17642808,29.946484108999982],[82.180460367000023,29.948200384000017],[82.183628296,29.948756066999977],[82.187727618,29.948252363999984],[82.196702673,29.952668148999976],[82.199076666,29.952384962],[82.200328463,29.950788067000019],[82.204902759,29.95149957000001],[82.205385607999972,29.955730555],[82.206529742999976,29.956698857],[82.205549405,29.958518797000011],[82.205824953,29.96048061800002],[82.208536319000018,29.964194935000023],[82.207622242000014,29.968014688999972],[82.207958098,29.969763904],[82.210506883999983,29.972435567],[82.222644439000021,29.976930891999984],[82.225849915000026,29.98113642200002],[82.229859762,29.98316029199998],[82.230429136,29.985482396],[82.234905223999988,29.987896424999974],[82.236317283,29.990832984],[82.237748904,29.999935151999978],[82.234818459999985,30.001660883],[82.232772610999973,30.004997477000018],[82.230169178999972,30.010141203999979],[82.230560777,30.011898858999984],[82.228225516,30.015962066999975],[82.229496558,30.017639304],[82.227055342000028,30.020212775],[82.224245141999972,30.021400371000027],[82.224523563999981,30.023335007000014],[82.223097208000013,30.025948551999988],[82.221339855,30.027516502000026],[82.219420246000027,30.027428295],[82.216243126999984,30.03021586],[82.209368045000019,30.037768797000012],[82.208225399000014,30.040422342999989],[82.203149983,30.042983526],[82.201704641999982,30.044902386999979],[82.20167367800002,30.046467802],[82.196401633,30.047431506],[82.194912174000024,30.049357491000023],[82.187281012000028,30.05364847200002],[82.18398356,30.058285610999974],[82.174392684999987,30.061659650000024],[82.17187855200001,30.063759165000022],[82.171797097000024,30.065151406999973],[82.178477386999987,30.067245375000027],[82.182668748000026,30.067250624999986],[82.188363166999977,30.069691294999984],[82.197706106,30.067937600999983],[82.19936415,30.066749800000025],[82.205676831,30.067492637999976],[82.210706357,30.066018916000019],[82.214027054999974,30.067668374],[82.219971101999988,30.068206476],[82.223828298,30.06629209],[82.228146959000014,30.066010431999985],[82.231116825000015,30.064798654000015],[82.233184826000013,30.069267141000012],[82.238687831,30.071851732000027],[82.241774666000026,30.074499528999979],[82.244835594,30.075211893000017]]]}},
{"type":"Feature","properties":{"adm3_pcode":"NP0666406","adm3_name":"Tanjakot","adm2_name":"Humla","local_level_type":"rural municipality"},"geometry":{"type":"Polygon","coordinates":[[[81.771191499999986,29.798432842000011],[81.77353881,29.798078534000012],[81.77535466,29.796132806],[81.777697233000026,29.791829055999983],[81.782743617,29.787870313999974],[81.784974214999977,29.783037173000025],[81.783577071000025,29.78100428099998],[81.777866957000015,29.779008073],[81.774704384000017,29.776078738000024],[81.774060256999974,29.771075447999976],[81.771849694000025,29.767348765],[81.772123962000023,29.764424104999989],[81.770996179,29.761214390000021],[81.772348035,29.755809165000016],[81.769979977,29.752895404000014],[81.771276307,29.749267825],[81.771275279,29.744235858000025],[81.772879577000026,29.740006527999981],[81.77236433500002,29.733484444],[81.773580990000028,29.729712940000013],[81.778938949,29.722800103],[81.779778857,29.718381153999985],[81.78607996300002,29.71334578],[81.789641680999978,29.712350238],[81.788314238999988,29.709047090000013],[81.790545738,29.699621692],[81.791607382,29.697538027],[81.796273083000017,29.692802914000026],[81.79984771300002,29.686452498],[81.806587770000021,29.680957923],[81.809407717,29.679833132],[81.813181222000026,29.675398415000018],[81.815539388,29.669406947000027],[81.822809545999974,29.661312123000016],[81.822846382000023,29.659805264999989],[81.823958883999978,29.658323231999987],[81.826802717000021,29.656422201],[81.827459848999979,29.654597943999988],[81.832175902000017,29.653991007],[81.833070786,29.650401419],[81.835428689000025,29.648334083],[81.838248535,29.642745272000013],[81.836381513999982,29.640851172],[81.829431398,29.628135509],[81.82752044,29.626561816],[81.827198497999973,29.622549060999972],[81.828094603000011,29.620459396],[81.822543178999979,29.620290953999984],[81.816196054999978,29.623316392],[81.810203965000028,29.62189156300002],[81.800053021,29.623123798999984],[81.789999506000015,29.627338695999981],[81.784703845000024,29.624740175],[81.78256610699998,29.619786169],[81.778135427,29.618481476999989],[81.776938050000012,29.617351752],[81.774383267000019,29.611200102999987],[81.773654409000017,29.605750539999974],[81.768701823000015,29.606494336000026],[81.762384135,29.606075221000026],[81.760352306000016,29.605146215],[81.755417968000017,29.605921008999985],[81.750358870000014,29.60484672299998],[81.738430478999987,29.606151929000021],[81.734870001,29.607685172],[81.733182304000024,29.610500382999987],[81.728828658999987,29.613395611999977],[81.727830329000028,29.614916768],[81.723690082000019,29.615029698],[81.720567798,29.616359403],[81.719824435000021,29.621088762],[81.716868292000015,29.62031310499998],[81.715681008999979,29.620795418],[81.712954799999977,29.625174531000027],[81.709577288999981,29.627071492000027],[81.709393654,29.632273753],[81.706437815000015,29.63527355399998],[81.702735475,29.637126952000017],[81.703455693000024,29.640174865],[81.702509727,29.641898566],[81.699325477,29.641892894000023],[81.69922666399998,29.64263994800001],[81.703482667,29.644618074],[81.703491652000025,29.645353381],[81.700215749999984,29.647414202999983],[81.701590400999976,29.649321858],[81.70203441000001,29.65545004],[81.699372466,29.661862964000022],[81.698990547,29.670300543999986],[81.697019183,29.67732342],[81.697221474,29.680328954],[81.70297453400002,29.688237859000026],[81.704162060999977,29.691375771000025],[81.703967990000024,29.693275965],[81.708575413,29.700193822000017],[81.708464064999987,29.702819823000027],[81.710727970999983,29.707873571],[81.709938105,29.70982200200001],[81.711555665,29.711396627999989],[81.712455679000016,29.714082640000015],[81.712509097,29.717973088],[81.713912573000016,29.722239709],[81.719791322,29.729127711999979],[81.722981624999989,29.729586214999983],[81.726901188999989,29.734064478],[81.727273611999976,29.735442729],[81.726041813,29.737100555999973],[81.728185871,29.74152079800001],[81.72636319999998,29.743950981000012],[81.726676520000012,29.747885054999983],[81.731215196,29.755086571],[81.731563100000017,29.757604027000014],[81.732721099,29.759117839999988],[81.731226429,29.762425821000022],[81.730064084999981,29.769144550000021],[81.731224952,29.771028203000014],[81.732845963999978,29.771835711999984],[81.736026993999985,29.776840978],[81.736955189000014,29.779585234000024],[81.737110133999977,29.784584705999976],[81.740119881999988,29.789252561000012],[81.73950391,29.792163280000011],[81.746602951999989,29.794554783000024],[81.752885073000016,29.798657865999985],[81.755240162,29.79674989199998],[81.758103381000012,29.797346941],[81.764402680999979,29.801751619000015],[81.769362536000017,29.79994561],[81.771191499999986,29.798432842000011]]]}},
{"type":"Feature","properties":{"adm3_pcode":"NP0666407","adm3_name":"Adanchuli","adm2_name":"Humla","local_level_type":"rural municipality"},"geometry":{"type":"Polygon","coordinates":[[[81.79551547,29.779090259999975],[81.799797683,29.779659895],[81.805897522,29.776997483],[81.810086883999986,29.776962922999985],[81.814416177,29.77312234599998],[81.82075908500002,29.771601331],[81.823673907,29.769848724999974],[81.82795293700002,29.770221252999988],[81.831631077999987,29.769126847999985],[81.832587409999974,29.767774300999974],[81.843177149999974,29.76101309],[81.851758991999986,29.759900319999986],[81.859432562,29.756803535000017],[81.861475465000012,29.750558461000026],[81.866115078,29.747318708000023],[81.869062125000028,29.740124863],[81.869564707999984,29.735473117000026],[81.875091151999982,29.728237251999985],[81.875898896000024,29.726023845999975],[81.875587597999981,29.724253132],[81.880684256,29.72517337],[81.882851292,29.724096627],[81.890347341,29.726626625999984],[81.89293892500001,29.726453554999978],[81.902597215000014,29.723810070000013],[81.908165654000015,29.713315759000011],[81.910231495,29.713330913999982],[81.915287952000028,29.715262806999988],[81.925408801,29.712668635999989],[81.928037361,29.710309083000027],[81.928142267999988,29.707949180000014],[81.930224462000012,29.702465099999984],[81.93452793900002,29.699049419],[81.936645202000022,29.696289584],[81.936980365000011,29.691970305999973],[81.937876764,29.690788866],[81.937283937000018,29.689263875],[81.939598000999979,29.685749300999987],[81.939431328000012,29.682962808000013],[81.94130277,29.682349580999983],[81.940851361,29.680877711999983],[81.943906385999981,29.674051333000023],[81.937930295,29.672627690000013],[81.936707205,29.673026573000016],[81.933101997,29.67704408100002],[81.930504779999978,29.677581117999978],[81.9276021,29.675167864],[81.921714501,29.673519618],[81.919578246000015,29.669510710999987],[81.920390226,29.664797975999988],[81.917592567999975,29.663714475],[81.909652542,29.663119601],[81.904667408000023,29.666692567999974],[81.900831908999976,29.66795014500002],[81.896602347,29.668759193000028],[81.890648678,29.668018987999972],[81.883698109000022,29.659431564999977],[81.88266968,29.656551444],[81.883180858,29.653430994000018],[81.87667646,29.648994813],[81.876481174,29.645750426],[81.87280057800001,29.641198358999986],[81.873278565000021,29.638468373000023],[81.872394128,29.635000745000013],[81.870804743,29.633842830999981],[81.866711693000013,29.633123088],[81.852867415999981,29.61935286],[81.850175658000012,29.61950099500001],[81.846624857999984,29.621341584],[81.843323112,29.621946791000028],[81.837647914,29.620715196999981],[81.829626444999974,29.621058799000025],[81.828094603000011,29.620459396],[81.827198497999973,29.622549060999972],[81.82752044,29.626561816],[81.829431398,29.628135509],[81.836381513999982,29.640851172],[81.838248535,29.642745272000013],[81.835428689000025,29.648334083],[81.833070786,29.650401419],[81.832175902000017,29.653991007],[81.827459848999979,29.654597943999988],[81.826802717000021,29.656422201],[81.823958883999978,29.658323231999987],[81.822846382000023,29.659805264999989],[81.822809545999974,29.661312123000016],[81.815539388,29.669406947000027],[81.813181222000026,29.675398415000018],[81.808998266,29.680228151],[81.806587770000021,29.680957923],[81.800713176999977,29.685407483],[81.796273083000017,29.692802914000026],[81.791607382,29.697538027],[81.788432565,29.707487862],[81.789641680999978,29.712350238],[81.78607996300002,29.71334578],[81.779778857,29.718381153999985],[81.778938949,29.722800103],[81.774681252999983,29.727694644999985],[81.77236433500002,29.733484444],[81.772879577000026,29.740006527999981],[81.771275279,29.744235858000025],[81.771276307,29.749267825],[81.769979977,29.752895404000014],[81.772269054,29.755369831],[81.771010858000011,29.761532296999974],[81.772123962000023,29.764424104999989],[81.771849694000025,29.767348765],[81.774060256999974,29.771075447999976],[81.774704384000017,29.776078738000024],[81.777866957000015,29.779008073],[81.784612848999984,29.781949957999984],[81.789816955999981,29.781470141],[81.792680784000027,29.779702723000014],[81.79551547,29.779090259999975]]]}}
]
}
